date_day,observers_day,date_night,observers_night,site_id,round,plot_id,transect_id,transect_section,burrow_code,location_m,location_side,row_alley,diameter_cm,species_guess,substrate,notes_hole,powder_active_field,powder_species_guess_field,notes_powder,photo_number,photo_location,powder_active_photo1,powder_species_guess_photo1,notes_extra_photo1,powder_active_photo2,powder_species_guess_photo2,notes_extra_photo2
23-Jul-24,"Robin Glover, Annabelle Damude",25-Jul-24,"Robin Glover, Annabelle Damude",bates_57b,,p1,t1,rod-s1,bates_57b__p1_t1_rod-s1,6,l,r,2.5,dm,mulch,none,y,dm,Hopping. Possible continuous trail. ,2667-2674,Robin Glover ,y,unknown,none,y,unknown,
23-Jul-24,"Robin Glover, Annabelle Damude",25-Jul-24,"Robin Glover, Annabelle Damude",bates_57b,,p1,t1,rod-s2,bates_57b__p1_t1_rod-s2,21,r,r,2,dm,mulch,Connected to 2.2,y,dm,Hopping. Prints far apart.,2675-2677,Robin Glover ,y,dm,none,y,B,
23-Jul-24,"Robin Glover, Annabelle Damude",25-Jul-24,"Robin Glover, Annabelle Damude",bates_57b,,p1,t1,rod-s2,bates_57b__p1_t1_rod-s2,21,r,r,2,dm,mulch,Connected to 2.1,y,dm,Hopping. Prints far apart.,2675-2677,Robin Glover ,y,dm,none,y,B,
23-Jul-24,"Robin Glover, Annabelle Damude",25-Jul-24,"Robin Glover, Annabelle Damude",bates_57b,,p1,t1,rod-s2,bates_57b__p1_t1_rod-s2,22,l,r,2,dm,bare,none,y,v?,Continuous dispersed. Tracks not distinct.,2678-2681,Robin Glover ,y,unknown,Somewhat continuous trail but maybe potential hopping? We think more likely deer mouse.,y,unknown,
23-Jul-24,"Robin Glover, Annabelle Damude",25-Jul-24,"Robin Glover, Annabelle Damude",bates_57b,,p1,t1,rod-s2,bates_57b__p1_t1_rod-s2,22.5,l,r,2,dm,bare,none,n,na,Powder likely from us. Not distinct,2683,Robin Glover ,n,na,none,n,na,
23-Jul-24,"Robin Glover, Annabelle Damude",25-Jul-24,"Robin Glover, Annabelle Damude",bates_57b,,p1,t1,rod-s2,bates_57b__p1_t1_rod-s2,23,r,r,3,v,dry_rooted,none,unknown,unknown,Possible tracks. Unclear. Two possible hops.,2684-2685,Robin Glover ,y,unknown,Not enough tracks to clearly distinguish.,unknown,unknown,
23-Jul-24,"Robin Glover, Annabelle Damude",25-Jul-24,"Robin Glover, Annabelle Damude",bates_57b,,p1,t1,rod-s2,bates_57b__p1_t1_rod-s2,23,r,r,2,unknown,dry_rooted,none,n,na,No tracks.,2686,Robin Glover ,n,na,none,n,na,
23-Jul-24,"Robin Glover, Annabelle Damude",25-Jul-24,"Robin Glover, Annabelle Damude",bates_57b,,p1,t1,rod-s2,bates_57b__p1_t1_rod-s2,25,r,r,2,dm,dry_rooted,Connected with 2.8.,unknown,dm?,Possible tracks. Unclear. ,2687,Robin Glover ,unknown,unknown,Very faint tracks.,unknown,unknown,
23-Jul-24,"Robin Glover, Annabelle Damude",25-Jul-24,"Robin Glover, Annabelle Damude",bates_57b,,p1,t1,rod-s2,bates_57b__p1_t1_rod-s2,25,r,r,2,dm,dry_rooted,Connected to 2.7.,n,na,No tracks.,2688,Robin Glover ,n,na,none,n,na,
23-Jul-24,"Robin Glover, Annabelle Damude",25-Jul-24,"Robin Glover, Annabelle Damude",bates_57b,,p1,t1,rod-s2,bates_57b__p1_t1_rod-s2,27,l,r,2,dm,mulch,none,y,v?,Dispersed continuous. Unclear.,2689-2691,Robin Glover ,y,unknown,Very short continuous trail.,,,short continuous trail
23-Jul-24,"Robin Glover, Annabelle Damude",25-Jul-24,"Robin Glover, Annabelle Damude",bates_57b,,p1,t1,rod-s2,bates_57b__p1_t1_rod-s2,29,l,r,1.5,dm,mulch,none,n,na,No tracks.,2692,Robin Glover ,n,na,none,n,na,
23-Jul-24,"Robin Glover, Annabelle Damude",25-Jul-24,"Robin Glover, Annabelle Damude",bates_57b,,p1,t1,rod-s3,bates_57b__p1_t1_rod-s3,41,l,r,2.5,dm,bare,Excess powder near hole.,unknown,dm?,Too unclear.,2693-2695,Robin Glover ,unknown,unknown,Powder on grass is likely from spill during application of powder. We see ~5 prints that look like they could be hopping (dm) in 2694.,unknown,unknown,
23-Jul-24,"Robin Glover, Annabelle Damude",25-Jul-24,"Robin Glover, Annabelle Damude",bates_57b,,p1,t1,rod-s3,bates_57b__p1_t1_rod-s3,40,r,r,3,v?,mulch,none,y,dm,Hopping distinct. Into next hole.,2696-2699,Robin Glover ,y,dm,Clear V-pattern.,y,B,
23-Jul-24,"Robin Glover, Annabelle Damude",25-Jul-24,"Robin Glover, Annabelle Damude",bates_57b,,p1,t1,rod-s3,bates_57b__p1_t1_rod-s3,41,r,r,3.5,v,mulch,none,y,dm?,Connects to previous hole (3.2). Vole-like smear. Saw a rodent (likely deer mouse at hole).,2700-2702.,Robin Glover ,y,dm,"Clearing hopping, so guessing deermouse. There is a continuous track but we assume deer mice and vole would not occupy same burrow.",y,unknown,possibly deer mouse?
23-Jul-24,"Robin Glover, Annabelle Damude",25-Jul-24,"Robin Glover, Annabelle Damude",bates_57b,,p1,t1,rod-s3,bates_57b__p1_t1_rod-s3,44,r,r,2.5,dm?,dry_rooted,none,unknown,dm?,Little activity. Possible hopping.,2703,Robin Glover ,unknown,unknown,Three possible hops. Potentially dm but tracks is too short to be sure.,unknown,unknown,
23-Jul-24,"Robin Glover, Annabelle Damude",25-Jul-24,"Robin Glover, Annabelle Damude",bates_57b,,p1,t1,rod-s3,bates_57b__p1_t1_rod-s3,46,r,r,3.5,v?,dry_rooted,none,n,na,No tracks.,2704,Robin Glover ,n,na,none,n,na,
23-Jul-24,"Robin Glover, Annabelle Damude",25-Jul-24,"Robin Glover, Annabelle Damude",bates_57b,,p1,t1,rod-s4,bates_57b__p1_t1_rod-s4,61,l,r,3.5,v ,mulch,ABP-D,y,unknown,Possible hops. Unclear.,2705-2707,Robin Glover ,y,unknown,Not enough tracks to clearly distinguish.,unknown,unknown,
23-Jul-24,"Robin Glover, Annabelle Damude",25-Jul-24,"Robin Glover, Annabelle Damude",bates_57b,,p1,t1,rod-s4,bates_57b__p1_t1_rod-s4,61.5,l,r,2,dm ,mulch,none,n,na,Too unclear.,2708,Robin Glover ,n,na,Dispersed. Possible insect trail.,n,na,
23-Jul-24,"Robin Glover, Annabelle Damude",25-Jul-24,"Robin Glover, Annabelle Damude",bates_57b,,p1,t1,rod-s4,bates_57b__p1_t1_rod-s4,62,l,r,2,dm,mulch,none,y,dm?,Somewhat continuous trail. Possible hopping.,2709-2710,Robin Glover ,y,unknown,Not enough tracks to clearly distinguish.,y,unknown,
23-Jul-24,"Robin Glover, Annabelle Damude",25-Jul-24,"Robin Glover, Annabelle Damude",bates_57b,,p1,t1,rod-s4,bates_57b__p1_t1_rod-s4,61,r,r,3,v,dry_rooted,none,n,na,No tracks.,2712,Robin Glover ,n,na,none,n,na,
23-Jul-24,"Robin Glover, Annabelle Damude",25-Jul-24,"Robin Glover, Annabelle Damude",bates_57b,,p1,t1,rod-s4,bates_57b__p1_t1_rod-s4,62,l,r,2,dm,mulch,ABP-D,n,na,No tracks.,2711,Robin Glover ,n,na,Too dispersed.,n,na,
23-Jul-24,"Robin Glover, Annabelle Damude",25-Jul-24,"Robin Glover, Annabelle Damude",bates_57b,,p1,t1,rod-s4,bates_57b__p1_t1_rod-s4,65,r,r,2,dm,mulch,Top hole. Connected to 4.7.,y,v,Hopping (?) unclear.,2713-2716,Robin Glover ,y,unknown,Hopping? ,y,unknown,possibly species A (vole)
23-Jul-24,"Robin Glover, Annabelle Damude",25-Jul-24,"Robin Glover, Annabelle Damude",bates_57b,,p1,t1,rod-s4,bates_57b__p1_t1_rod-s4,65,r,r,2,dm,mulch,Bottom hole. Connected to 4.6.,y,v?,Continuous tracks. No hopping pattern.,2717-2720,Robin Glover ,y,unknown,Walking. Prints seem too far apart to be a deer mouse? Do deer mice walk?,y,unknown,possibly species A (vole)
23-Jul-24,"Robin Glover, Annabelle Damude",25-Jul-24,"Robin Glover, Annabelle Damude",bates_57b,,p1,t1,rod-s4,bates_57b__p1_t1_rod-s4,67,l,r,3.5,v,mulch,Vole spotted running from hole.,y,v,Continuous runway. Distinct.,2721-2722,Robin Glover ,y,v,none,y,A,
23-Jul-24,"Robin Glover, Annabelle Damude",25-Jul-24,"Robin Glover, Annabelle Damude",bates_57b,,p1,t2,rod-s5,bates_57b__p1_t2_rod-s5,80,l,r,3.5,v,mulch,none,y,dm?,Possible hopping. Tracks not distinct.,2724-2725,Robin Glover ,y,unknown,Maybe deer mouse. Too sparse to tell for sure.,unknown,unknown,
23-Jul-24,"Robin Glover, Annabelle Damude",25-Jul-24,"Robin Glover, Annabelle Damude",bates_57b,,p1,t2,rod-s5,bates_57b__p1_t2_rod-s5,83,r,r,3.5,v,bare,none,y,v,Continuous tracks.,2726-2729,Robin Glover ,y,v,none,y,A,
23-Jul-24,"Robin Glover, Annabelle Damude",25-Jul-24,"Robin Glover, Annabelle Damude",bates_57b,,p1,t2,rod-s5,bates_57b__p1_t2_rod-s5,83.5,r,r,3.5,v,mulch,none,n,na,No tracks.,2730,Robin Glover ,n,na,none,n,na,
23-Jul-24,"Robin Glover, Annabelle Damude",25-Jul-24,"Robin Glover, Annabelle Damude",bates_57b,,p1,t2,rod-s5,bates_57b__p1_t2_rod-s5,86,l,r,3.5,v,mulch,none,y,v?,One continuous trail and one hopping.,2731-2734,Robin Glover ,y,unknown,"Probably vole, although the hoping track is making us unsure.",y,unknown,
23-Jul-24,"Robin Glover, Annabelle Damude",25-Jul-24,"Robin Glover, Annabelle Damude",bates_57b,,p1,t2,rod-s5,bates_57b__p1_t2_rod-s5,89,r,r,1.5,dm,dry_rooted,none,y,dm,Small tracks. Mouse walking?,2735-2736,Robin Glover ,y,unknown,Deer mouse if they sometimes walk. ,y,unknown,"continuous small tracks, possibly mouse walking"
23-Jul-24,"Robin Glover, Annabelle Damude",25-Jul-24,"Robin Glover, Annabelle Damude",bates_57b,,p1,t2,rod-s1,bates_57b__p1_t2_rod-s1,7,r,r,3,v,mulch,none,y,v,Continuous tracks. Runway?,2737-2739,Robin Glover ,y,v,none,y,A,
23-Jul-24,"Robin Glover, Annabelle Damude",25-Jul-24,"Robin Glover, Annabelle Damude",bates_57b,,p1,t2,rod-s2,bates_57b__p1_t2_rod-s2,22,r,r,2.5,dm,mulch,Connected to 2.2 and 2.3.,y,unknown,,"2740, 2741",Robin Glover ,unknown,unknown,Maybe a frog or a deer mouse,y,unknown,frog?
23-Jul-24,"Robin Glover, Annabelle Damude",25-Jul-24,"Robin Glover, Annabelle Damude",bates_57b,,p1,t2,rod-s2,bates_57b__p1_t2_rod-s2,22,r,r,1.5,dm,mulch,Connected to 2.1 and 2.3.,y,unknown,,"2740, 2741",Robin Glover ,unknown,unknown,Maybe a frog or a deer mouse,y,unknown,frog?
23-Jul-24,"Robin Glover, Annabelle Damude",25-Jul-24,"Robin Glover, Annabelle Damude",bates_57b,,p1,t2,rod-s2,bates_57b__p1_t2_rod-s2,22,r,r,2.5,dm,mulch,Connected to 2.1 and 2.2.,y,unknown,Huge hops. Really far apart (17cm).,"2740, 2742-2745",Robin Glover ,unknown,unknown,Maybe a frog or a deer mouse,n,na,frog
23-Jul-24,"Robin Glover, Annabelle Damude",25-Jul-24,"Robin Glover, Annabelle Damude",bates_57b,,p1,t2,rod-s2,bates_57b__p1_t2_rod-s2,23,r,r,3.5,v,bare,none,unknown,unknown,Ring around hole.,2747-2748,Robin Glover ,unknown,unknown,Too faint to tell.,unknown,unknown,
23-Jul-24,"Robin Glover, Annabelle Damude",25-Jul-24,"Robin Glover, Annabelle Damude",bates_57b,,p1,t2,rod-s2,bates_57b__p1_t2_rod-s2,24,r,r,2.5,dm,mulch,none,y,dm?,Continuous tracks but v-shaped prints.,2749-2751,Robin Glover ,y,unknown,none,y,unknown,possible hops
23-Jul-24,"Robin Glover, Annabelle Damude",25-Jul-24,"Robin Glover, Annabelle Damude",bates_57b,,p1,t2,rod-s2,bates_57b__p1_t2_rod-s2,28,l,r,3,v,mulch,none,unknown,unknown,Continuous unclear.,2752-2753,Robin Glover ,y,unknown,Very short continuous trail.,unknown,unknown,
23-Jul-24,"Robin Glover, Annabelle Damude",25-Jul-24,"Robin Glover, Annabelle Damude",bates_57b,,p1,t2,rod-s3,bates_57b__p1_t2_rod-s3,45,r,r,2.5,dm,mulch,none,unknown,unknown,Very faint trail.,2754-2756,Robin Glover ,y,unknown,"Short trail. Looks like one clear print, maybe deer mouse?",unknown,unknown,
23-Jul-24,"Robin Glover, Annabelle Damude",25-Jul-24,"Robin Glover, Annabelle Damude",bates_57b,,p1,t2,rod-s5,bates_57b__p1_t2_rod-s5,81,r,r,3,dm?,dry_rooted,Connected to 5.2. Top,y,v,Continuous trail.,2757-2758,Robin Glover ,y,v,none,y,A,
23-Jul-24,"Robin Glover, Annabelle Damude",25-Jul-24,"Robin Glover, Annabelle Damude",bates_57b,,p1,t2,rod-s5,bates_57b__p1_t2_rod-s5,81,r,r,4.5,?,dry_rooted,Connected to 5.1. Bottom,y,v,Faint trail.,2759-2760,Robin Glover ,y,v,5.2 is bottom hole in photo. Top hole is 5.1.,y,A,vole since connected to hole above and faint tracks in notes
23-Jul-24,"Robin Glover, Annabelle Damude",25-Jul-24,"Robin Glover, Annabelle Damude",bates_57b,,p1,t2,rod-s5,bates_57b__p1_t2_rod-s5,87,l,r,2.5,dm?,mulch,Potential runway,y,v,Continuous tracks in 3 ways.,2761-2765,Robin Glover ,y,v,none,y,A,
23-Jul-24,"Robin Glover, Annabelle Damude",25-Jul-24,"Robin Glover, Annabelle Damude",bates_57b,,p1,t2,rod-s5,bates_57b__p1_t2_rod-s5,88,l,r,2,dm ,mulch,none,y,dm,"Hopping, spread apart.",2766-2770,Robin Glover ,y,dm,none,y,B,
23-Jul-24,"Robin Glover, Annabelle Damude",25-Jul-24,"Natalia Clermont, Mary",bates_57b,,p2,t1,rod-s1,bates_57b__p2_t1_rod-s1,0,r,r,3,v,bare,Distinct.,n,na,none,9219,Natalia Clermont ,n,na,No tracks.,n,na,
23-Jul-24,"Robin Glover, Annabelle Damude",25-Jul-24,"Natalia Clermont, Mary",bates_57b,,p2,t1,rod-s1,bates_57b__p2_t1_rod-s1,1,r,r,5,v,mulch,Under branches (UB).,y,v,none,9220,Natalia Clermont ,y,v,Continuous track.,y,A,
23-Jul-24,"Robin Glover, Annabelle Damude",25-Jul-24,"Natalia Clermont, Mary",bates_57b,,p2,t1,rod-s1,bates_57b__p2_t1_rod-s1,2,r,r,3,v,dry_rooted,none,n,na,none,9221,Natalia Clermont ,unknown,unknown,Short trail. ,n,na,
23-Jul-24,"Robin Glover, Annabelle Damude",25-Jul-24,"Natalia Clermont, Mary",bates_57b,,p2,t1,rod-s1,bates_57b__p2_t1_rod-s1,2,l,r,2,dm,bare,"UB, sprinkled excess powder.",y,dm,none,9222-9224,Natalia Clermont ,y,,check with Natalia ,y,unknown,
23-Jul-24,"Robin Glover, Annabelle Damude",25-Jul-24,"Natalia Clermont, Mary",bates_57b,,p2,t1,rod-s1,bates_57b__p2_t1_rod-s1,3,l,r,3,v,mulch,none,n,na,none,9225,Natalia Clermont ,n,na,No tracks.,n,na,
23-Jul-24,"Robin Glover, Annabelle Damude",25-Jul-24,"Natalia Clermont, Mary",bates_57b,,p2,t1,rod-s1,bates_57b__p2_t1_rod-s1,3,r,r,3,v,bare,none,y,dm ,none,9226,Natalia Clermont ,,,check with Natalia ,n,na,no tracks visible in photo
23-Jul-24,"Robin Glover, Annabelle Damude",25-Jul-24,"Natalia Clermont, Mary",bates_57b,,p2,t1,rod-s1,bates_57b__p2_t1_rod-s1,4,l,r,3.5,v,mulch,Connected to 1.8.,n,na,none,9227,Natalia Clermont ,,,check with Natalia ,n,na,
23-Jul-24,"Robin Glover, Annabelle Damude",25-Jul-24,"Natalia Clermont, Mary",bates_57b,,p2,t1,rod-s1,bates_57b__p2_t1_rod-s1,4,l,r,3.5,v,mulch,Connected to 1.7.,n,na,none,9228,Natalia Clermont ,n,na,No tracks.,n,na,
23-Jul-24,"Robin Glover, Annabelle Damude",25-Jul-24,"Natalia Clermont, Mary",bates_57b,,p2,t1,rod-s1,bates_57b__p2_t1_rod-s1,4.5,l,r,2.5,?,bare,Connected to 1.10.,y,v,none,9229,Natalia Clermont ,y,v,Continuous tracks.,y,A,
23-Jul-24,"Robin Glover, Annabelle Damude",25-Jul-24,"Natalia Clermont, Mary",bates_57b,,p2,t1,rod-s1,bates_57b__p2_t1_rod-s1,4.7,l,r,2.5,v,mulch,Runway. Connected to 1.9.,y,v,none,9230-9233,Natalia Clermont ,y,v,Continuous tracks.,y,A,
23-Jul-24,"Robin Glover, Annabelle Damude",25-Jul-24,"Natalia Clermont, Mary",bates_57b,,p2,t1,rod-s1,bates_57b__p2_t1_rod-s1,5,r,r,3,v,dry_rooted,none,y,v,none,9234,Natalia Clermont ,y,v,Continuous tracks.,y,A,
23-Jul-24,"Robin Glover, Annabelle Damude",25-Jul-24,"Natalia Clermont, Mary",bates_57b,,p2,t1,rod-s1,bates_57b__p2_t1_rod-s1,6,l,r,3,v,mulch,Connected to 1.13.,y,v,none,9235,Natalia Clermont ,y,v,Continuous tracks.,y,A,
23-Jul-24,"Robin Glover, Annabelle Damude",25-Jul-24,"Natalia Clermont, Mary",bates_57b,,p2,t1,rod-s1,bates_57b__p2_t1_rod-s1,6.5,l,r,3.5,v,mulch,Connected to 1.12.,y,v,none,9236,Natalia Clermont ,y,v,Continuous tracks.,y,A,
23-Jul-24,"Robin Glover, Annabelle Damude",25-Jul-24,"Natalia Clermont, Mary",bates_57b,,p2,t1,rod-s1,bates_57b__p2_t1_rod-s1,6.5,l,r,2.5,?,bare,none,n,na,none,9237,Natalia Clermont ,n,na,No tracks.,n,na,
23-Jul-24,"Robin Glover, Annabelle Damude",25-Jul-24,"Natalia Clermont, Mary",bates_57b,,p2,t1,rod-s2,bates_57b__p2_t1_rod-s2,21,l,r,3,v,dry_forb,Connected to 2.2.,y,v,none,9239,Natalia Clermont ,y,v,Continuous tracks.,y,A,
23-Jul-24,"Robin Glover, Annabelle Damude",25-Jul-24,"Natalia Clermont, Mary",bates_57b,,p2,t1,rod-s2,bates_57b__p2_t1_rod-s2,21.5,l,r,3,?,mulch,Connected to 2.1.,y,v,none,9238,Natalia Clermont ,y,v,Continuous tracks.,y,A,
23-Jul-24,"Robin Glover, Annabelle Damude",25-Jul-24,"Natalia Clermont, Mary",bates_57b,,p2,t1,rod-s2,bates_57b__p2_t1_rod-s2,23,r,r,3,v,mulch,none,n,na,none,9241,Natalia Clermont ,n,na,No tracks.,n,na,
23-Jul-24,"Robin Glover, Annabelle Damude",25-Jul-24,"Natalia Clermont, Mary",bates_57b,,p2,t1,rod-s2,bates_57b__p2_t1_rod-s2,23,r,r,3,v,dead_leaf,none,n,na,none,9240,Natalia Clermont ,n,na,No tracks.,n,na,
23-Jul-24,"Robin Glover, Annabelle Damude",25-Jul-24,"Natalia Clermont, Mary",bates_57b,,p2,t1,rod-s2,bates_57b__p2_t1_rod-s2,23.5,r,r,3.5,v,dry_rooted,none,y,dm ,none,"9241, 9242",Natalia Clermont ,y,dm,Hopping tracks.,y,B,
23-Jul-24,"Robin Glover, Annabelle Damude",25-Jul-24,"Natalia Clermont, Mary",bates_57b,,p2,t1,rod-s2,bates_57b__p2_t1_rod-s2,26,r,r,2.5,v,dead_leaf,none,y,dm ,none,9244,Natalia Clermont ,y,dm,Hopping tracks.,y,B,
23-Jul-24,"Robin Glover, Annabelle Damude",25-Jul-24,"Natalia Clermont, Mary",bates_57b,,p2,t1,rod-s2,bates_57b__p2_t1_rod-s2,26.5,r,r,4,v,mulch,ABP-D,y,v,none,9245,Natalia Clermont ,,,,unknown,unknown,no clear tracks in photo
23-Jul-24,"Robin Glover, Annabelle Damude",25-Jul-24,"Natalia Clermont, Mary",bates_57b,,p2,t1,rod-s2,bates_57b__p2_t1_rod-s2,27,r,r,2,dm ,dry_rooted,none,n,na,none,9246,Natalia Clermont ,n,na,No tracks.,n,na,
23-Jul-24,"Robin Glover, Annabelle Damude",25-Jul-24,"Natalia Clermont, Mary",bates_57b,,p2,t1,rod-s2,bates_57b__p2_t1_rod-s2,27.5,r,r,4,v,mulch,none,y,v?,none,9247,Natalia Clermont ,y,v,Continuous trail and alternating tracks.,y,A,continuous trail with possible hops?
23-Jul-24,"Robin Glover, Annabelle Damude",25-Jul-24,"Natalia Clermont, Mary",bates_57b,,p2,t1,rod-s2,bates_57b__p2_t1_rod-s2,28,l,r,2,dm,mulch,none,n,na,none,9248,Natalia Clermont ,n,na,No tracks.,n,na,
23-Jul-24,"Robin Glover, Annabelle Damude",25-Jul-24,"Natalia Clermont, Mary",bates_57b,,p2,t1,rod-s2,bates_57b__p2_t1_rod-s2,30,l,r,2.5,dm ,mulch,ABP-D,n,na,none,9250,Natalia Clermont ,n,na,No tracks.,n,na,
23-Jul-24,"Robin Glover, Annabelle Damude",25-Jul-24,"Natalia Clermont, Mary",bates_57b,,p2,t1,rod-s3,bates_57b__p2_t1_rod-s3,42,r,r,3,v,bare,none,n,na,none,9252,Natalia Clermont ,n,na,No tracks. Possible ant trail. ,n,na,
23-Jul-24,"Robin Glover, Annabelle Damude",25-Jul-24,"Natalia Clermont, Mary",bates_57b,,p2,t1,rod-s3,bates_57b__p2_t1_rod-s3,42.2,r,r,2,dm ,dry_rooted,none,n,na,none,9252,Natalia Clermont ,n,na,No tracks.,n,na,
23-Jul-24,"Robin Glover, Annabelle Damude",25-Jul-24,"Natalia Clermont, Mary",bates_57b,,p2,t1,rod-s3,bates_57b__p2_t1_rod-s3,41,r,r,2,dm ,dry_rooted,none,n,na,none,9252,Natalia Clermont ,n,na,No tracks.,n,na,
23-Jul-24,"Robin Glover, Annabelle Damude",25-Jul-24,"Natalia Clermont, Mary",bates_57b,,p2,t1,rod-s3,bates_57b__p2_t1_rod-s3,46,r,r,3,v,dry_rooted,none,n,na,none,9253,Natalia Clermont ,n,na,No tracks.,n,na,
23-Jul-24,"Robin Glover, Annabelle Damude",25-Jul-24,"Natalia Clermont, Mary",bates_57b,,p2,t1,rod-s3,bates_57b__p2_t1_rod-s3,48,l,r,2,dm ,mulch,ABP-D,y,dm ,none,9254,Natalia Clermont ,,,,y,unknown,unclear hopping
23-Jul-24,"Robin Glover, Annabelle Damude",25-Jul-24,"Natalia Clermont, Mary",bates_57b,,p2,t1,rod-s3,bates_57b__p2_t1_rod-s3,49,l,r,2.5,?,mulch,none,n,na,none,9255,Natalia Clermont ,n,na,No tracks.,n,na,
23-Jul-24,"Robin Glover, Annabelle Damude",25-Jul-24,"Natalia Clermont, Mary",bates_57b,,p2,t1,rod-s3,bates_57b__p2_t1_rod-s3,49.7,l,r,3,v,mulch,none,y,dm ,none,9256,Natalia Clermont ,y,dm,Possible hopping.,y,B,hopping track is faint
23-Jul-24,"Robin Glover, Annabelle Damude",25-Jul-24,"Natalia Clermont, Mary",bates_57b,,p2,t1,rod-s3,bates_57b__p2_t1_rod-s3,49.8,l,r,4,v,mulch,ABP-D,y,dm ,none,9257,Natalia Clermont ,n,na,No tracks.,y,unknown,unclear hopping
23-Jul-24,"Robin Glover, Annabelle Damude",25-Jul-24,"Natalia Clermont, Mary",bates_57b,,p2,t1,rod-s4,bates_57b__p2_t1_rod-s4,67,l,r,3.5,v,mulch,Runway possibly.,n,na,none,9258,Natalia Clermont ,n,na,No tracks.,n,na,
23-Jul-24,"Robin Glover, Annabelle Damude",25-Jul-24,"Natalia Clermont, Mary",bates_57b,,p2,t1,rod-s4,bates_57b__p2_t1_rod-s4,68,r,r,3.5,v,bare,Runway. ,n,na,none,9259,Natalia Clermont ,n,na,No tracks.,n,na,
23-Jul-24,"Robin Glover, Annabelle Damude",25-Jul-24,"Natalia Clermont, Mary",bates_57b,,p2,t1,rod-s4,bates_57b__p2_t1_rod-s4,68,l,r,3,v,mulch,none,n,na,none,9260,Natalia Clermont ,n,na,No tracks.,n,na,
23-Jul-24,"Robin Glover, Annabelle Damude",25-Jul-24,"Natalia Clermont, Mary",bates_57b,,p2,t1,rod-s4,bates_57b__p2_t1_rod-s4,68.5,l,r,3.5,v,mulch,none,n,na,none,9261,Natalia Clermont ,n,na,No tracks.,n,na,
23-Jul-24,"Robin Glover, Annabelle Damude",25-Jul-24,"Natalia Clermont, Mary",bates_57b,,p2,t1,rod-s5,bates_57b__p2_t1_rod-s5,80,l,r,3.5,v,mulch,Runway. ,y,dm ,none,9262,Natalia Clermont ,y,dm,Possible hopping.,y,unknown,tracks too faint in photo
23-Jul-24,"Robin Glover, Annabelle Damude",25-Jul-24,"Natalia Clermont, Mary",bates_57b,,p2,t1,rod-s5,bates_57b__p2_t1_rod-s5,82,r,r,2,dm ,mulch,ABP-D,n,na,none,9263,Natalia Clermont ,n,na,No tracks.,n,na,
23-Jul-24,"Robin Glover, Annabelle Damude",25-Jul-24,"Natalia Clermont, Mary",bates_57b,,p2,t1,rod-s5,bates_57b__p2_t1_rod-s5,82.1,r,r,1.5,dm ,grass,none,n,na,none,9263,Natalia Clermont ,n,na,No tracks.,n,na,
23-Jul-24,"Robin Glover, Annabelle Damude",25-Jul-24,"Natalia Clermont, Mary",bates_57b,,p2,t1,rod-s5,bates_57b__p2_t1_rod-s5,82.4,r,r,2.5,dm ,bare,none,n,na,none,9263,Natalia Clermont ,n,na,No tracks.,n,na,
23-Jul-24,"Robin Glover, Annabelle Damude",25-Jul-24,"Natalia Clermont, Mary",bates_57b,,p2,t1,rod-s5,bates_57b__p2_t1_rod-s5,85,l,r,3,v,mulch,none,n,na,none,9266,Natalia Clermont ,n,na,No tracks.,n,na,
23-Jul-24,"Robin Glover, Annabelle Damude",25-Jul-24,"Natalia Clermont, Mary",bates_57b,,p2,t1,rod-s5,bates_57b__p2_t1_rod-s5,86,l,r,3.5,v,mulch,Full of leaves.,y,dm ,none,9270,Natalia Clermont ,y,dm,Possible hopping.,y,B,hopping track behind bush
23-Jul-24,"Robin Glover, Annabelle Damude",25-Jul-24,"Natalia Clermont, Mary",bates_57b,,p2,t1,rod-s5,bates_57b__p2_t1_rod-s5,88,l,r,2.5,dm ,mulch,none,y,dm ,none,9268,Natalia Clermont ,,,,unknown,unknown,
23-Jul-24,"Robin Glover, Annabelle Damude",25-Jul-24,"Natalia Clermont, Mary",bates_57b,,p2,t1,rod-s5,bates_57b__p2_t1_rod-s5,88.1,l,r,2.5,dm ,mulch,none,y,dm ,none,9268,Natalia Clermont ,,,,unknown,unknown,
23-Jul-24,"Robin Glover, Annabelle Damude",25-Jul-24,"Natalia Clermont, Mary",bates_57b,,p2,t1,rod-s5,bates_57b__p2_t1_rod-s5,89,l,r,1.5,dm ,mulch,none,y,dm ,none,9269,Natalia Clermont ,y,dm,Possible hopping.,y,unknown,
23-Jul-24,"Robin Glover, Annabelle Damude",25-Jul-24,"Natalia Clermont, Mary",bates_57b,,p2,t2,rod-s1,bates_57b__p2_t2_rod-s1,4,r,r,2.5,v,mulch,Runway. ,y,v,none,9272,Natalia Clermont ,y,v,Alternating tracks. Continuous. ,y,A,
23-Jul-24,"Robin Glover, Annabelle Damude",25-Jul-24,"Natalia Clermont, Mary",bates_57b,,p2,t2,rod-s1,bates_57b__p2_t2_rod-s1,4,r,r,2,dm ,bare,none,n,na,none,9273,Natalia Clermont ,n,na,No tracks.,n,na,
23-Jul-24,"Robin Glover, Annabelle Damude",25-Jul-24,"Natalia Clermont, Mary",bates_57b,,p2,t2,rod-s1,bates_57b__p2_t2_rod-s1,4,r,r,2,dm ,mulch,none,y,dm ,none,9274,Natalia Clermont ,y,dm,Hopping tracks.,y,B,
23-Jul-24,"Robin Glover, Annabelle Damude",25-Jul-24,"Natalia Clermont, Mary",bates_57b,,p2,t2,rod-s1,bates_57b__p2_t2_rod-s1,4,r,r,3,?,mulch,none,n,na,none,9277,Natalia Clermont ,n,na,Possible insect. ,n,na,
23-Jul-24,"Robin Glover, Annabelle Damude",25-Jul-24,"Natalia Clermont, Mary",bates_57b,,p2,t2,rod-s1,bates_57b__p2_t2_rod-s1,7,r,r,3,v,mulch,ABP-D,n,slug?,none,9278,Natalia Clermont ,n,na,Possible slug. Continuous thin trail.,n,na,
23-Jul-24,"Robin Glover, Annabelle Damude",25-Jul-24,"Natalia Clermont, Mary",bates_57b,,p2,t2,rod-s1,bates_57b__p2_t2_rod-s1,7,r,r,3,v,dry_rooted,none,n,slug?,none,9279,Natalia Clermont ,,,Possible hopping.,unknown,unknown,*patches of powder are very small
23-Jul-24,"Robin Glover, Annabelle Damude",25-Jul-24,"Natalia Clermont, Mary",bates_57b,,p2,t2,rod-s1,bates_57b__p2_t2_rod-s1,7,r,r,2.5,dm ,mulch,none,y,v,none,9280,Natalia Clermont ,,,,unknown,unknown,*patches of powder are very small
23-Jul-24,"Robin Glover, Annabelle Damude",25-Jul-24,"Natalia Clermont, Mary",bates_57b,,p2,t2,rod-s1,bates_57b__p2_t2_rod-s1,7,l,r,3,v,mulch,none,y,dm ,none,9281,Natalia Clermont ,y,dm,Hopping tracks.,y,B,
23-Jul-24,"Robin Glover, Annabelle Damude",25-Jul-24,"Natalia Clermont, Mary",bates_57b,,p2,t2,rod-s1,bates_57b__p2_t2_rod-s1,7.5,l,r,2.5,dm ,mulch,none,y,v,none,9282,Natalia Clermont ,y,v,Continuous trail.,y,A,
23-Jul-24,"Robin Glover, Annabelle Damude",25-Jul-24,"Natalia Clermont, Mary",bates_57b,,p2,t2,rod-s1,bates_57b__p2_t2_rod-s1,8,l,r,3,unknown,mulch,ABP-D,n,na,none,9283,Natalia Clermont ,n,na,No tracks.,n,na,
23-Jul-24,"Robin Glover, Annabelle Damude",25-Jul-24,"Natalia Clermont, Mary",bates_57b,,p2,t2,rod-s1,bates_57b__p2_t2_rod-s1,8,r,r,3.5,v,mulch,none,y,dm ,none,9284,Natalia Clermont ,y,dm,,unknown,unknown,*patches of powder are very small
23-Jul-24,"Robin Glover, Annabelle Damude",25-Jul-24,"Natalia Clermont, Mary",bates_57b,,p2,t2,rod-s1,bates_57b__p2_t2_rod-s1,9,l,r,3,v,bare,Possible runway.,n,na ,none,9285,Natalia Clermont ,n,na,No tracks.,n,na,
23-Jul-24,"Robin Glover, Annabelle Damude",25-Jul-24,"Natalia Clermont, Mary",bates_57b,,p2,t2,rod-s1,bates_57b__p2_t2_rod-s1,9,r,r,2.5,dm ,mulch,none,n,na ,none,9286,Natalia Clermont ,n,na,No tracks.,n,na,
23-Jul-24,"Robin Glover, Annabelle Damude",25-Jul-24,"Natalia Clermont, Mary",bates_57b,,p2,t2,rod-s2,bates_57b__p2_t2_rod-s2,20,l,r,2.5,dm ,dead_leaf,none,n,na ,none,9287,Natalia Clermont ,,,Possible hopping.,unknown,unknown,*patches of powder are very small
23-Jul-24,"Robin Glover, Annabelle Damude",25-Jul-24,"Natalia Clermont, Mary",bates_57b,,p2,t2,rod-s2,bates_57b__p2_t2_rod-s2,20.5,r,r,3,v,mulch,Runway. ,y,v,none,"9290, 9289",Natalia Clermont ,y,v,Continuous trail and alternating tracks.,y,A,
23-Jul-24,"Robin Glover, Annabelle Damude",25-Jul-24,"Natalia Clermont, Mary",bates_57b,,p2,t2,rod-s2,bates_57b__p2_t2_rod-s2,21,r,r,3,v,mulch,Connected to 2.4.,n,na ,none,"9291, 9289",Natalia Clermont ,n,na,No tracks.,n,na,
23-Jul-24,"Robin Glover, Annabelle Damude",25-Jul-24,"Natalia Clermont, Mary",bates_57b,,p2,t2,rod-s2,bates_57b__p2_t2_rod-s2,21,r,r,3,v,mulch,Connected to 2.3.,n,na ,none,"9291, 9289",Natalia Clermont ,n,na,No tracks.,n,na,
23-Jul-24,"Robin Glover, Annabelle Damude",25-Jul-24,"Natalia Clermont, Mary",bates_57b,,p2,t2,rod-s2,bates_57b__p2_t2_rod-s2,22,r,r,2.5,unknown,mulch,none,n,na ,none,9292,Natalia Clermont ,y,,Possible tracks,n,na,
23-Jul-24,"Robin Glover, Annabelle Damude",25-Jul-24,"Natalia Clermont, Mary",bates_57b,,p2,t2,rod-s2,bates_57b__p2_t2_rod-s2,22,l,r,3.5,v,bare,none,y,v,none,9293,Natalia Clermont ,unknown,unknown,Short trail. ,unknown,unknown,short continuous trail
23-Jul-24,"Robin Glover, Annabelle Damude",25-Jul-24,"Natalia Clermont, Mary",bates_57b,,p2,t2,rod-s2,bates_57b__p2_t2_rod-s2,23,r,r,3,v,mulch,none,n,na ,none,9294,Natalia Clermont ,n,na,No tracks.,n,na,
23-Jul-24,"Robin Glover, Annabelle Damude",25-Jul-24,"Natalia Clermont, Mary",bates_57b,,p2,t2,rod-s2,bates_57b__p2_t2_rod-s2,23.5,l,r,3,unknown,mulch,none,y,v,none,9295,Natalia Clermont ,y,v,Possible alternating.,y,A,
23-Jul-24,"Robin Glover, Annabelle Damude",25-Jul-24,"Natalia Clermont, Mary",bates_57b,,p2,t2,rod-s2,bates_57b__p2_t2_rod-s2,23.5,l,r,3,unknown,bare,none,y,v,none,9296,Natalia Clermont ,,,,unknown,unknown,
23-Jul-24,"Robin Glover, Annabelle Damude",25-Jul-24,"Natalia Clermont, Mary",bates_57b,,p2,t2,rod-s2,bates_57b__p2_t2_rod-s2,24,r,r,2.5,dm ,bare,none,n,na ,none,9297,Natalia Clermont ,n,na,No tracks.,n,na,
23-Jul-24,"Robin Glover, Annabelle Damude",25-Jul-24,"Natalia Clermont, Mary",bates_57b,,p2,t2,rod-s2,bates_57b__p2_t2_rod-s2,25,l,r,2,v,bare,Runway. ,y,v,none,9298,Natalia Clermont ,y,v,Alternating tracks. Continuous. ,y,A,
23-Jul-24,"Robin Glover, Annabelle Damude",25-Jul-24,"Natalia Clermont, Mary",bates_57b,,p2,t2,rod-s2,bates_57b__p2_t2_rod-s2,25.5,l,r,4.5,v,bare,Runway. ,y,slug?,none,9299,Natalia Clermont ,,,,unknown,unknown,
23-Jul-24,"Robin Glover, Annabelle Damude",25-Jul-24,"Natalia Clermont, Mary",bates_57b,,p2,t2,rod-s2,bates_57b__p2_t2_rod-s2,25,r,r,3,v,mulch,Connected to 2.14,n,na ,none,2300,Natalia Clermont ,,,,n,na,
23-Jul-24,"Robin Glover, Annabelle Damude",25-Jul-24,"Natalia Clermont, Mary",bates_57b,,p2,t2,rod-s2,bates_57b__p2_t2_rod-s2,25,r,r,3,v,mulch,Connected to 2.13.,n,na ,none,2301,Natalia Clermont ,n,na,No tracks.,n,na,
23-Jul-24,"Robin Glover, Annabelle Damude",25-Jul-24,"Natalia Clermont, Mary",bates_57b,,p2,t2,rod-s2,bates_57b__p2_t2_rod-s2,25,r,r,2.5,unknown,mulch,ABP-D,y,v,Connected to 2.16.,9302,Natalia Clermont ,,,,y,unknown,dispersed spray
23-Jul-24,"Robin Glover, Annabelle Damude",25-Jul-24,"Natalia Clermont, Mary",bates_57b,,p2,t2,rod-s2,bates_57b__p2_t2_rod-s2,25.5,r,r,3,unknown,dry_grass,Runway. ,y,v,Connected to 2.15.,9302,Natalia Clermont ,,,,y,unknown,dispersed spray
23-Jul-24,"Robin Glover, Annabelle Damude",25-Jul-24,"Natalia Clermont, Mary",bates_57b,,p2,t2,rod-s2,bates_57b__p2_t2_rod-s2,25.5,r,r,3,unknown,mulch,none,n,na ,none,9303,Natalia Clermont ,n,na,No tracks.,n,na,
23-Jul-24,"Robin Glover, Annabelle Damude",25-Jul-24,"Natalia Clermont, Mary",bates_57b,,p2,t2,rod-s2,bates_57b__p2_t2_rod-s2,26,r,r,2.5,dm ,mulch,none,y,v,none,9312,Natalia Clermont ,y,v,Shadow covering part of tracks. Continuous trail. ,y,A,
23-Jul-24,"Robin Glover, Annabelle Damude",25-Jul-24,"Natalia Clermont, Mary",bates_57b,,p2,t2,rod-s2,bates_57b__p2_t2_rod-s2,26,r,r,2,dm ,mulch,none,n,na ,none,9311,Natalia Clermont ,n,na,No tracks.,n,na,
23-Jul-24,"Robin Glover, Annabelle Damude",25-Jul-24,"Natalia Clermont, Mary",bates_57b,,p2,t2,rod-s2,bates_57b__p2_t2_rod-s2,26,r,r,3,dm ,mulch,none,n,na ,none,9310,Natalia Clermont ,n,na,No tracks. Too dispersed. ,n,na,
23-Jul-24,"Robin Glover, Annabelle Damude",25-Jul-24,"Natalia Clermont, Mary",bates_57b,,p2,t2,rod-s2,bates_57b__p2_t2_rod-s2,26,l,r,4,v,mulch,none,y,v,none,9304,Natalia Clermont ,,,,unknown,unknown,
23-Jul-24,"Robin Glover, Annabelle Damude",25-Jul-24,"Natalia Clermont, Mary",bates_57b,,p2,t2,rod-s2,bates_57b__p2_t2_rod-s2,26.5,r,r,3,v,bare,none,n,na ,none,9309,Natalia Clermont ,n,na,No tracks.,n,na,
23-Jul-24,"Robin Glover, Annabelle Damude",25-Jul-24,"Natalia Clermont, Mary",bates_57b,,p2,t2,rod-s2,bates_57b__p2_t2_rod-s2,26.5,r,r,2.5,unknown,mulch,ABP-D,y,v,none,9308,Natalia Clermont ,,,Unclear ,unknown,unknown,
23-Jul-24,"Robin Glover, Annabelle Damude",25-Jul-24,"Natalia Clermont, Mary",bates_57b,,p2,t2,rod-s2,bates_57b__p2_t2_rod-s2,27,r,r,3,v,bare,Runway. ,y,v,none,9307,Natalia Clermont ,y,v,Continuous trail.,y,A,
23-Jul-24,"Robin Glover, Annabelle Damude",25-Jul-24,"Natalia Clermont, Mary",bates_57b,,p2,t2,rod-s2,bates_57b__p2_t2_rod-s2,27,r,r,4,v,mulch,ABP-D. Connected to 2.26. Spilled powder between 2.25 and 2.26.,y,v,none,9307,Natalia Clermont ,,,Potential spilled powder. ,y,A,
23-Jul-24,"Robin Glover, Annabelle Damude",25-Jul-24,"Natalia Clermont, Mary",bates_57b,,p2,t2,rod-s2,bates_57b__p2_t2_rod-s2,27,r,r,4,v,mulch,Connected to 2.25. Spilled powder between 2.25 and 2.26.,y,v,none,9307,Natalia Clermont ,y,v,Continuous trail connecting to 2.27.,y,A,
23-Jul-24,"Robin Glover, Annabelle Damude",25-Jul-24,"Natalia Clermont, Mary",bates_57b,,p2,t2,rod-s2,bates_57b__p2_t2_rod-s2,27.5,r,r,3.5,v,mulch,none,y,v,none,9307,Natalia Clermont ,y,v,Continuous trail connecting to 2.26.,y,A,
23-Jul-24,"Robin Glover, Annabelle Damude",25-Jul-24,"Natalia Clermont, Mary",bates_57b,,p2,t2,rod-s2,bates_57b__p2_t2_rod-s2,28,r,r,3,unknown,dry_grass,none,n,na ,none,9306,Natalia Clermont ,n,na,No tracks.,n,na,
23-Jul-24,"Robin Glover, Annabelle Damude",25-Jul-24,"Natalia Clermont, Mary",bates_57b,,p2,t2,rod-s2,bates_57b__p2_t2_rod-s2,28,r,r,3,unknown,dry_grass,none,n,na ,none,9306,Natalia Clermont ,n,na,No tracks.,n,na,
23-Jul-24,"Robin Glover, Annabelle Damude",25-Jul-24,"Natalia Clermont, Mary",bates_57b,,p2,t2,rod-s3,bates_57b__p2_t2_rod-s3,40,,r,3,v,mulch,none,y,v,none,9313,Natalia Clermont ,,,,unknown,unknown,
23-Jul-24,"Robin Glover, Annabelle Damude",25-Jul-24,"Natalia Clermont, Mary",bates_57b,,p2,t2,rod-s3,bates_57b__p2_t2_rod-s3,40.3,,r,2,dm ,dry_grass,none,n,na ,none,9314,Natalia Clermont ,,,Activty or spilled powder?,n,na,
23-Jul-24,"Robin Glover, Annabelle Damude",25-Jul-24,"Natalia Clermont, Mary",bates_57b,,p2,t2,rod-s3,bates_57b__p2_t2_rod-s3,40.5,,r,2.5,dm ,mulch,none,y,dm ,none,9315,Natalia Clermont ,y,dm,Hopping tracks.,unknown,unknown,
23-Jul-24,"Robin Glover, Annabelle Damude",25-Jul-24,"Natalia Clermont, Mary",bates_57b,,p2,t2,rod-s3,bates_57b__p2_t2_rod-s3,41,,r,2.5,dm ,dry_grass,none,n,na ,none,9316,Natalia Clermont ,n,na,No tracks.,n,na,
23-Jul-24,"Robin Glover, Annabelle Damude",25-Jul-24,"Natalia Clermont, Mary",bates_57b,,p2,t2,rod-s3,bates_57b__p2_t2_rod-s3,42,,r,3,v,mulch,Excess powder.,n,na ,none,9317,Natalia Clermont ,n,na,No tracks.,n,na,
23-Jul-24,"Robin Glover, Annabelle Damude",25-Jul-24,"Natalia Clermont, Mary",bates_57b,,p2,t2,rod-s3,bates_57b__p2_t2_rod-s3,43,,r,2.5,dm ,mulch,none,n,na ,none,9318,Natalia Clermont ,n,na,No tracks.,n,na,
23-Jul-24,"Robin Glover, Annabelle Damude",25-Jul-24,"Natalia Clermont, Mary",bates_57b,,p2,t2,rod-s3,bates_57b__p2_t2_rod-s3,45,,r,3.5,v,mulch,none,n,na ,none,9319,Natalia Clermont ,n,na,No tracks.,n,na,
23-Jul-24,"Robin Glover, Annabelle Damude",25-Jul-24,"Natalia Clermont, Mary",bates_57b,,p2,t2,rod-s3,bates_57b__p2_t2_rod-s3,45,,r,4,v,dry_grass,none,y,v,none,9329,Natalia Clermont ,y,v,Continuous trail.,y,A,
23-Jul-24,"Robin Glover, Annabelle Damude",25-Jul-24,"Natalia Clermont, Mary",bates_57b,,p2,t2,rod-s3,bates_57b__p2_t2_rod-s3,45,,r,4,v,dry_grass,none,y,v,none,9330,Natalia Clermont ,y,v,,y,A,
23-Jul-24,"Robin Glover, Annabelle Damude",25-Jul-24,"Natalia Clermont, Mary",bates_57b,,p2,t2,rod-s3,bates_57b__p2_t2_rod-s3,46,,r,4,v,bare,none,n,slug?,none,9326,Natalia Clermont ,n,na,No tracks.,n,na,
23-Jul-24,"Robin Glover, Annabelle Damude",25-Jul-24,"Natalia Clermont, Mary",bates_57b,,p2,t2,rod-s3,bates_57b__p2_t2_rod-s3,46.1,,r,2.5,unknown,dry_rooted,Connected to 3.12.,n,na ,none,9325,Natalia Clermont ,n,na,No tracks.,n,na,
23-Jul-24,"Robin Glover, Annabelle Damude",25-Jul-24,"Natalia Clermont, Mary",bates_57b,,p2,t2,rod-s3,bates_57b__p2_t2_rod-s3,46.1,,r,4,v,dry_rooted,Connected to 3.11.,y,dm ,none,9324,Natalia Clermont ,y,dm,Hopping tracks.,unknown,unknown,
23-Jul-24,"Robin Glover, Annabelle Damude",25-Jul-24,"Natalia Clermont, Mary",bates_57b,,p2,t2,rod-s3,bates_57b__p2_t2_rod-s3,46.3,,r,3,v,bare,Top. ,n,na ,none,9323,Natalia Clermont ,n,na,No tracks.,n,na,
23-Jul-24,"Robin Glover, Annabelle Damude",25-Jul-24,"Natalia Clermont, Mary",bates_57b,,p2,t2,rod-s3,bates_57b__p2_t2_rod-s3,46.5,,r,3,v,dry_rooted,Bottom. Runway.,n,na ,none,9322,Natalia Clermont ,n,na,No tracks.,n,na,
23-Jul-24,"Robin Glover, Annabelle Damude",25-Jul-24,"Natalia Clermont, Mary",bates_57b,,p2,t2,rod-s3,bates_57b__p2_t2_rod-s3,49,,r,3,v,mulch,Runway. ,y,v,none,9321,Natalia Clermont ,,,Faint trail.,unknown,unknown,
23-Jul-24,"Robin Glover, Annabelle Damude",25-Jul-24,"Natalia Clermont, Mary",bates_57b,,p2,t2,rod-s3,bates_57b__p2_t2_rod-s3,49.5,,r,3.5,v,dry_rooted,none,y,v,none,9320,Natalia Clermont ,y,v,Continuous trail.,y,A,
23-Jul-24,"Robin Glover, Annabelle Damude",25-Jul-24,"Natalia Clermont, Mary",bates_57b,,p2,t2,rod-s4,bates_57b__p2_t2_rod-s4,61,r,r,3,unknown,mulch,none,n,na ,none,9331,Natalia Clermont ,n,na,No tracks.,n,na,
23-Jul-24,"Robin Glover, Annabelle Damude",25-Jul-24,"Natalia Clermont, Mary",bates_57b,,p2,t2,rod-s4,bates_57b__p2_t2_rod-s4,64,l,r,3,v,mulch,Top. Runway. ,y,v,none,9332,Natalia Clermont ,,,Faint trail.,y,A,
23-Jul-24,"Robin Glover, Annabelle Damude",25-Jul-24,"Natalia Clermont, Mary",bates_57b,,p2,t2,rod-s4,bates_57b__p2_t2_rod-s4,64,l,r,3,unknown,mulch,Bottom.  ,y,v,none,9333,Natalia Clermont ,,,Faint trail.,y,A,
23-Jul-24,"Robin Glover, Annabelle Damude",25-Jul-24,"Natalia Clermont, Mary",bates_57b,,p2,t2,rod-s4,bates_57b__p2_t2_rod-s4,66,r,r,2.5,dm ,mulch,none,y,v,none,9334,Natalia Clermont ,y,v,Continuous trail.,y,A,
23-Jul-24,"Robin Glover, Annabelle Damude",25-Jul-24,"Natalia Clermont, Mary",bates_57b,,p2,t2,rod-s5,bates_57b__p2_t2_rod-s5,83,,r,3.5,v,mulch,none,n,ant?,none,9335,Natalia Clermont ,n,na,No clear tracks. Too scattered.,n,na,
23-Jul-24,"Robin Glover, Annabelle Damude",25-Jul-24,"Natalia Clermont, Mary",bates_57b,,p2,t2,rod-s5,bates_57b__p2_t2_rod-s5,83.5,,r,1.5,dm ,mulch,ABP-D. Connected to 5.3. ,n,ant?,none,9336,Natalia Clermont ,n,na,No tracks.,n,na,
23-Jul-24,"Robin Glover, Annabelle Damude",25-Jul-24,"Natalia Clermont, Mary",bates_57b,,p2,t2,rod-s5,bates_57b__p2_t2_rod-s5,83.5,,r,2.5,dm ,mulch,Connected to 5.2.,y,dm ,none,9337,Natalia Clermont ,y,dm,Hopping tracks.,y,B,
23-Jul-24,"Robin Glover, Annabelle Damude",25-Jul-24,"Natalia Clermont, Mary",bates_57b,,p2,t2,rod-s5,bates_57b__p2_t2_rod-s5,83.5,,r,2.5,unknown,mulch,none,n,na ,none,9339,Natalia Clermont ,n,na,No tracks.,n,na,
23-Jul-24,"Robin Glover, Annabelle Damude",25-Jul-24,"Natalia Clermont, Mary",bates_57b,,p2,t2,rod-s5,bates_57b__p2_t2_rod-s5,85,,r,3,unknown,mulch,Two holes.,n,na ,none,9338,Natalia Clermont ,n,na,No tracks.,n,na,
23-Jul-24,"Robin Glover, Annabelle Damude",25-Jul-24,"Natalia Clermont, Mary",bates_57b,,p2,t2,rod-s5,bates_57b__p2_t2_rod-s5,86,,r,2.5,v?,mulch,none,n,na ,none,9340,Natalia Clermont ,n,na,No tracks.,n,na,
23-Jul-24,"Robin Glover, Annabelle Damude",25-Jul-24,"Natalia Clermont, Mary",bates_57b,,p2,t2,rod-s5,bates_57b__p2_t2_rod-s5,86,,r,3,v,mulch,Connected to 5.8.,n,ant?,none,9341,Natalia Clermont ,n,na,No tracks.,n,na,
23-Jul-24,"Robin Glover, Annabelle Damude",25-Jul-24,"Natalia Clermont, Mary",bates_57b,,p2,t2,rod-s5,bates_57b__p2_t2_rod-s5,86,,r,3,v,mulch,Connected to 5.7.,n,ant?,none,9342,Natalia Clermont ,n,na,No tracks.,n,na,
23-Jul-24,"Robin Glover, Annabelle Damude",25-Jul-24,"Natalia Clermont, Mary",bates_57b,,p2,t2,rod-s5,bates_57b__p2_t2_rod-s5,86.5,,r,2,dm ,mulch,ABP-D,n,na ,none,none,Natalia Clermont ,n,na,No photo.,n,na,
23-Jul-24,"Robin Glover, Annabelle Damude",25-Jul-24,"Natalia Clermont, Mary",bates_57b,,p2,t2,rod-s5,bates_57b__p2_t2_rod-s5,87,,r,2.5,dm ,mulch,none,n,na ,none,none,Natalia Clermont ,n,na,No photo.,n,na,
23-Jul-24,"Robin Glover, Annabelle Damude",25-Jul-24,"Natalia Clermont, Mary",bates_57b,,p2,t2,rod-s5,bates_57b__p2_t2_rod-s5,88,,r,2.5,dm ,mulch,none,n,na ,none,9343,Natalia Clermont ,n,na,No tracks.,n,na,
23-Jul-24,"Robin Glover, Annabelle Damude",25-Jul-24,"Natalia Clermont, Mary",bates_57b,,p2,t2,rod-s5,bates_57b__p2_t2_rod-s5,88,,r,2,dm ,mulch,ABP-D,n,na ,none,9344,Natalia Clermont ,n,na,No tracks.,n,na,
9-Jul-24,"Robin Glover, Annabelle Damude",11-Jul-24,"Robin Glover, Natalia Clermont",chong_68,,p1,t1,rod-s1,chong_68__p1_t1_rod-s1,3,r,r,3,v,bare,none,y,dm ,Hopping? Saw DM in P1 T1.,2296,Robin Glover,y,dm,None,y,B,
9-Jul-24,"Robin Glover, Annabelle Damude",11-Jul-24,"Robin Glover, Natalia Clermont",chong_68,,p1,t1,rod-s1,chong_68__p1_t1_rod-s1,4,r,r,3.5,v,bare,Connected to 1.3.,no powder,na ,No powder. ,none,Robin Glover,na,,,n,na,
9-Jul-24,"Robin Glover, Annabelle Damude",11-Jul-24,"Robin Glover, Natalia Clermont",chong_68,,p1,t1,rod-s1,chong_68__p1_t1_rod-s1,4,r,r,3.5,v,bare,Connected to 1.2.,no powder,na ,No powder. ,none,Robin Glover,na,,,n,na,
9-Jul-24,"Robin Glover, Annabelle Damude",11-Jul-24,"Robin Glover, Natalia Clermont",chong_68,,p1,t1,rod-s1,chong_68__p1_t1_rod-s1,5,r,r,3,v,bare,Runway. ,y,v,none,2297-2298,Robin Glover,y,v?,,y,A,
9-Jul-24,"Robin Glover, Annabelle Damude",11-Jul-24,"Robin Glover, Natalia Clermont",chong_68,,p1,t1,rod-s1,chong_68__p1_t1_rod-s1,5,r,r,2.5,dm ,bare,none,y,v,none,2297-2298,Robin Glover,y,v?,,y,A,
9-Jul-24,"Robin Glover, Annabelle Damude",11-Jul-24,"Robin Glover, Natalia Clermont",chong_68,,p1,t1,rod-s1,chong_68__p1_t1_rod-s1,5,r,r,4,v,bare,Runway. ,y,v,none,2297-2298,Robin Glover,y,v?,,y,A,
9-Jul-24,"Robin Glover, Annabelle Damude",11-Jul-24,"Robin Glover, Natalia Clermont",chong_68,,p1,t1,rod-s1,chong_68__p1_t1_rod-s1,5,r,r,2,dm ,bare,none,y,v,none,2297-2298,Robin Glover,y,v?,,y,A,
9-Jul-24,"Robin Glover, Annabelle Damude",11-Jul-24,"Robin Glover, Natalia Clermont",chong_68,,p1,t1,rod-s1,chong_68__p1_t1_rod-s1,5,r,r,2.5,dm ,bare,none,y,v,Continuous trail.,2299,Robin Glover,y,v?,,y,A,
9-Jul-24,"Robin Glover, Annabelle Damude",11-Jul-24,"Robin Glover, Natalia Clermont",chong_68,,p1,t1,rod-s1,chong_68__p1_t1_rod-s1,6,l,r,2,dm ,mulch,ABP-D,y,u,Even wash around entrance.,2300-2301,Robin Glover,?,?,,y,unknown,
9-Jul-24,"Robin Glover, Annabelle Damude",11-Jul-24,"Robin Glover, Natalia Clermont",chong_68,,p1,t1,rod-s1,chong_68__p1_t1_rod-s1,6,l,r,2,dm ,mulch,ABP-D,y,u,Even wash around entrance.,2300-2301,Robin Glover,?,?,,y,unknown,
9-Jul-24,"Robin Glover, Annabelle Damude",11-Jul-24,"Robin Glover, Natalia Clermont",chong_68,,p1,t1,rod-s1,chong_68__p1_t1_rod-s1,7,r,r,2,dm ,bare,none,y,u/dm?/snake,none,2302-2303,Robin Glover,?,?,,unknown,unknown,
9-Jul-24,"Robin Glover, Annabelle Damude",11-Jul-24,"Robin Glover, Natalia Clermont",chong_68,,p1,t1,rod-s2,chong_68__p1_t1_rod-s2,24,r,r,3,v,bare,Runway? Connected to 2.2.,n,na ,none,2304-2305,Robin Glover,n,na,,n,na,
9-Jul-24,"Robin Glover, Annabelle Damude",11-Jul-24,"Robin Glover, Natalia Clermont",chong_68,,p1,t1,rod-s2,chong_68__p1_t1_rod-s2,24,r,r,2.5,v,bare,Connected to 2.1.,y,v?,none,2304-2305,Robin Glover,y,v?,,unknown,unknown,
9-Jul-24,"Robin Glover, Annabelle Damude",11-Jul-24,"Robin Glover, Natalia Clermont",chong_68,,p1,t1,rod-s3,chong_68__p1_t1_rod-s3,41,r,r,2.5,dm ,bare,none,y,v,Faint tracks.,2306-2308,Robin Glover,?,?,,unknown,unknown,
9-Jul-24,"Robin Glover, Annabelle Damude",11-Jul-24,"Robin Glover, Natalia Clermont",chong_68,,p1,t1,rod-s3,chong_68__p1_t1_rod-s3,41,r,r,2.5,dm ,bare,none,y,slug? v?,none,2309-2311,Robin Glover,n?,na,slug?,n,na,
9-Jul-24,"Robin Glover, Annabelle Damude",11-Jul-24,"Robin Glover, Natalia Clermont",chong_68,,p1,t1,rod-s3,chong_68__p1_t1_rod-s3,41,r,r,2.5,dm ,bare,none,y,dm? v?,Hopping between 3.4.,2312-2314,Robin Glover,y,?,,y,unknown,
9-Jul-24,"Robin Glover, Annabelle Damude",11-Jul-24,"Robin Glover, Natalia Clermont",chong_68,,p1,t1,rod-s3,chong_68__p1_t1_rod-s3,42,r,r,2.5,dm ,bare,none,y,dm? v?,Hopping between 3.3. ,2315-2317,Robin Glover,y,?,,y,B,
9-Jul-24,"Robin Glover, Annabelle Damude",11-Jul-24,"Robin Glover, Natalia Clermont",chong_68,,p1,t1,rod-s3,chong_68__p1_t1_rod-s3,44,r,r,2.5,dm ,bare,none,y,dm?,none,2318-2319,Robin Glover,?,?,,unknown,unknown,
9-Jul-24,"Robin Glover, Annabelle Damude",11-Jul-24,"Robin Glover, Natalia Clermont",chong_68,,p1,t1,rod-s3,chong_68__p1_t1_rod-s3,44,r,r,2,dm ,bare,none,y,dm? ,none,2320,Robin Glover,?,?,,unknown,unknown,
9-Jul-24,"Robin Glover, Annabelle Damude",11-Jul-24,"Robin Glover, Natalia Clermont",chong_68,,p1,t1,rod-s3,chong_68__p1_t1_rod-s3,45,l,r,2.5,dm ,bare,none,y,dm? slug?,Long thin trail.,2321-2322,Robin Glover,n?,?,,n,na,
9-Jul-24,"Robin Glover, Annabelle Damude",11-Jul-24,"Robin Glover, Natalia Clermont",chong_68,,p1,t1,rod-s3,chong_68__p1_t1_rod-s3,47,r,r,2,dm ,bare,none,y,v!,Great tracks! Continuous footsteps.,2323-2324,Robin Glover,y,v,,y,A,
9-Jul-24,"Robin Glover, Annabelle Damude",11-Jul-24,"Robin Glover, Natalia Clermont",chong_68,,p1,t1,rod-s3,chong_68__p1_t1_rod-s3,48,l,r,2,dm ,bare,none,y,v?,none,2325,Robin Glover,?,?,,y,unknown,
9-Jul-24,"Robin Glover, Annabelle Damude",11-Jul-24,"Robin Glover, Natalia Clermont",chong_68,,p1,t1,rod-s3,chong_68__p1_t1_rod-s3,48,l,r,3.5,v,bare,none,n,slug,none,2326,Robin Glover,n,na,,n,na,
9-Jul-24,"Robin Glover, Annabelle Damude",11-Jul-24,"Robin Glover, Natalia Clermont",chong_68,,p1,t1,rod-s3,chong_68__p1_t1_rod-s3,49,l,r,2,dm ,bare,none,n,na ,No visible trails.,2327,Robin Glover,n,na,,n,na,
9-Jul-24,"Robin Glover, Annabelle Damude",11-Jul-24,"Robin Glover, Natalia Clermont",chong_68,,p1,t1,rod-s3,chong_68__p1_t1_rod-s3,49,l,r,2,dm ,bare,none,n,na ,No visible trails.,2327,Robin Glover,n,na,,n,na,
9-Jul-24,"Robin Glover, Annabelle Damude",11-Jul-24,"Robin Glover, Natalia Clermont",chong_68,,p1,t1,rod-s3,chong_68__p1_t1_rod-s3,49,l,r,3,dm ,bare,none,n,na ,No visible trails.,2327,Robin Glover,n,na,,n,na,
9-Jul-24,"Robin Glover, Annabelle Damude",11-Jul-24,"Robin Glover, Natalia Clermont",chong_68,,p1,t1,rod-s5,chong_68__p1_t1_rod-s5,82,l,r,4,v,bare,Runway. ,y,v?,none,2328-2329,Robin Glover,n?,?,,n,na,
9-Jul-24,"Robin Glover, Annabelle Damude",11-Jul-24,"Robin Glover, Natalia Clermont",chong_68,,p1,t1,rod-s5,chong_68__p1_t1_rod-s5,84,l,r,2.5,dm ,bare,none,n,na ,Thin trail.,2334,Robin Glover,n,na,,n,na,
9-Jul-24,"Robin Glover, Annabelle Damude",11-Jul-24,"Robin Glover, Natalia Clermont",chong_68,,p1,t1,rod-s5,chong_68__p1_t1_rod-s5,84,l,r,3,?,bare,none,n,na ,Thin trail.,2335,Robin Glover,n,na,,n,na,
9-Jul-24,"Robin Glover, Annabelle Damude",11-Jul-24,"Robin Glover, Natalia Clermont",chong_68,,p1,t1,rod-s5,chong_68__p1_t1_rod-s5,84,l,r,2,dm ,mulch,none,y,u/v?,Scattered powder.,2336-2337,Robin Glover,?,?,,n,na,
9-Jul-24,"Robin Glover, Annabelle Damude",11-Jul-24,"Robin Glover, Natalia Clermont",chong_68,,p1,t1,rod-s5,chong_68__p1_t1_rod-s5,83,l,r,3,?,mulch,none,y,v,none,2330-2333,Robin Glover,y,v?,,y,A,
9-Jul-24,"Robin Glover, Annabelle Damude",11-Jul-24,"Robin Glover, Natalia Clermont",chong_68,,p1,t1,rod-s5,chong_68__p1_t1_rod-s5,85,r,r,2,dm ,bare,Connected to 5.7.,y,v,none,2338-2343,Robin Glover,y,v,,y,A,
9-Jul-24,"Robin Glover, Annabelle Damude",11-Jul-24,"Robin Glover, Natalia Clermont",chong_68,,p1,t1,rod-s5,chong_68__p1_t1_rod-s5,85,r,r,2,dm ,bare? (erased),Connected to 5.6.,no powder,na ,none,none,Robin Glover,na,na,,n,na,
9-Jul-24,"Robin Glover, Annabelle Damude",11-Jul-24,"Robin Glover, Natalia Clermont",chong_68,,p1,t2,rod-s1 ,chong_68__p1_t2_rod-s1 ,1,r,r,2.5,dm ,bare,1 Inch band of powder around each hole.,unknown,unknown,Little activity.,3516,Claire Kremen ,n,na,,n,na,
9-Jul-24,"Robin Glover, Annabelle Damude",11-Jul-24,"Robin Glover, Natalia Clermont",chong_68,,p1,t2,rod-s1 ,chong_68__p1_t2_rod-s1 ,2,r,r,2.5,dm ,bare,none,y,dm? ,Tail and hopping.,3517,Claire Kremen ,y,dm?,,y,unknown,
9-Jul-24,"Robin Glover, Annabelle Damude",11-Jul-24,"Robin Glover, Natalia Clermont",chong_68,,p1,t2,rod-s1,chong_68__p1_t2_rod-s1,3,l,r,2.5,dm ,mulch,none,y,dm? ,Hopping.,3518,Claire Kremen ,y,?,,y,unknown,
9-Jul-24,"Robin Glover, Annabelle Damude",11-Jul-24,"Robin Glover, Natalia Clermont",chong_68,,p1,t2,rod-s1,chong_68__p1_t2_rod-s1,4,l,r,3,dm ,bare,none,y,dm? ,Hopping.,3519,Claire Kremen ,y,?,,y,unknown,
9-Jul-24,"Robin Glover, Annabelle Damude",11-Jul-24,"Robin Glover, Natalia Clermont",chong_68,,p1,t2,rod-s1,chong_68__p1_t2_rod-s1,6,r,r,4,v,bare,none,y,dm? ,Hopping but footprints look large,3520,Claire Kremen ,y,?,,y,B,
9-Jul-24,"Robin Glover, Annabelle Damude",11-Jul-24,"Robin Glover, Natalia Clermont",chong_68,,p1,t2,rod-s1,chong_68__p1_t2_rod-s1,6,r,r,3,v,bare,none,y,dm? ,Hopping but footprints look large,3520,Claire Kremen ,y,?,,y,B,
9-Jul-24,"Robin Glover, Annabelle Damude",11-Jul-24,"Robin Glover, Natalia Clermont",chong_68,,p1,t2,rod-s1,chong_68__p1_t2_rod-s1,7,r,r,3,v,bare,none,y,dm? ,Hopping but footprints look large,3521,Claire Kremen ,y,?,,y,unknown,
9-Jul-24,"Robin Glover, Annabelle Damude",11-Jul-24,"Robin Glover, Natalia Clermont",chong_68,,p1,t2,rod-s1,chong_68__p1_t2_rod-s1,7,r,r,4,v,bare,none,y,dm? ,Hopping but footprints look large,3521,Claire Kremen ,y,?,,y,unknown,
9-Jul-24,"Robin Glover, Annabelle Damude",11-Jul-24,"Robin Glover, Natalia Clermont",chong_68,,p1,t2,rod-s1,chong_68__p1_t2_rod-s1,7,r,r,2,dm ,bare,none,y,dm? ,Hopping but footprints look large,3521,Claire Kremen ,y,?,,y,unknown,
9-Jul-24,"Robin Glover, Annabelle Damude",11-Jul-24,"Robin Glover, Natalia Clermont",chong_68,,p1,t2,rod-s1,chong_68__p1_t2_rod-s1,8,r,r,4,v,bare,none,y,dm? ,Hopping but footprints look large,3522,Claire Kremen ,dm,?,,y,B,
9-Jul-24,"Robin Glover, Annabelle Damude",11-Jul-24,"Robin Glover, Natalia Clermont",chong_68,,p1,t2,rod-s1,chong_68__p1_t2_rod-s1,8,l,r,2,dm ,bare,none,y,unknown,"Unclear, diffuse.",3523,Claire Kremen ,n,na,,unknown,unknown,
9-Jul-24,"Robin Glover, Annabelle Damude",11-Jul-24,"Robin Glover, Natalia Clermont",chong_68,,p1,t2,rod-s1,chong_68__p1_t2_rod-s1,7,l,r,2,dm ,bare,none,y,unknown,"Unclear, diffuse.",3524,Claire Kremen ,n,na,,unknown,unknown,
9-Jul-24,"Robin Glover, Annabelle Damude",11-Jul-24,"Robin Glover, Natalia Clermont",chong_68,,p1,t2,rod-s1,chong_68__p1_t2_rod-s1,9,l,r,2,dm ,bare,none,n,na ,Little activity.,3525,Claire Kremen ,n,na,,n,na,
9-Jul-24,"Robin Glover, Annabelle Damude",11-Jul-24,"Robin Glover, Natalia Clermont",chong_68,,p1,t2,rod-s2,chong_68__p1_t2_rod-s2,27,l,r,4,v,bare,none,y,v?,"Continuous , unclear.",3526,Claire Kremen ,?,?,,unknown,unknown,
9-Jul-24,"Robin Glover, Annabelle Damude",11-Jul-24,"Robin Glover, Natalia Clermont",chong_68,,p1,t2,rod-s2,chong_68__p1_t2_rod-s2,27,l,r,3,dm ,bare,none,y,unknown,"Unclear, multiple trails.",3527,Claire Kremen ,y?,dm?,,y,unknown,
9-Jul-24,"Robin Glover, Annabelle Damude",11-Jul-24,"Robin Glover, Natalia Clermont",chong_68,,p1,t2,rod-s2,chong_68__p1_t2_rod-s2,28,l,r,3.5,v,bare,none,y,unknown,"Unclear, lots of movement.",3528,Claire Kremen ,?,?,,unknown,unknown,
9-Jul-24,"Robin Glover, Annabelle Damude",11-Jul-24,"Robin Glover, Natalia Clermont",chong_68,,p1,t2,rod-s2,chong_68__p1_t2_rod-s2,28,r,r,2,dm ,bare,none,y,unknown,"Unclear, diffuse.",3529,Claire Kremen ,n,na,,n,na,
9-Jul-24,"Robin Glover, Annabelle Damude",11-Jul-24,"Robin Glover, Natalia Clermont",chong_68,,p1,t2,rod-s2,chong_68__p1_t2_rod-s2,29,r,r,2.5,dm ,bare,none,y,dm? ,"Hopping, unlcear.",3530,Claire Kremen ,y?,dm?,,y,unknown,
9-Jul-24,"Robin Glover, Annabelle Damude",11-Jul-24,"Robin Glover, Natalia Clermont",chong_68,,p1,t2,rod-s2,chong_68__p1_t2_rod-s2,30,r,r,2.5,dm ,bare,none,y,unknown,"Unclear, diffuse.",3531,Claire Kremen ,n,na,,y,unknown,
9-Jul-24,"Robin Glover, Annabelle Damude",11-Jul-24,"Robin Glover, Natalia Clermont",chong_68,,p1,t2,rod-s3,chong_68__p1_t2_rod-s3,40,l,r,4,v,bare,Runway.,y,unknown,"Unlear, diffuse.",3532,Claire Kremen ,n,na,,n,na,
9-Jul-24,"Robin Glover, Annabelle Damude",11-Jul-24,"Robin Glover, Natalia Clermont",chong_68,,p1,t2,rod-s3,chong_68__p1_t2_rod-s3,41,r,r,2,dm ,bare,Connected to 3.3.,y,dm? ,"Unclear, hopping.",3533,Claire Kremen ,?,?,,unknown,unknown,
9-Jul-24,"Robin Glover, Annabelle Damude",11-Jul-24,"Robin Glover, Natalia Clermont",chong_68,,p1,t2,rod-s3,chong_68__p1_t2_rod-s3,41,r,r,3.5,dm ,bare,Connected to 3.2.,y,dm? ,"Unclear, hopping.",3533,Claire Kremen ,?,?,,unknown,unknown,
9-Jul-24,"Robin Glover, Annabelle Damude",11-Jul-24,"Robin Glover, Natalia Clermont",chong_68,,p1,t2,rod-s3,chong_68__p1_t2_rod-s3,41,l,r,3.5,v,bare,Runway.,y,unknown,"Unclear, diffuse.",3534,Claire Kremen ,y,dm,,y,B,
9-Jul-24,"Robin Glover, Annabelle Damude",11-Jul-24,"Robin Glover, Natalia Clermont",chong_68,,p1,t2,rod-s3,chong_68__p1_t2_rod-s3,42,l,r,2.5,dm ,bare,none,y,dm? ,"Unclear, some hopping.",3535,Claire Kremen ,?,?,,unknown,unknown,
9-Jul-24,"Robin Glover, Annabelle Damude",11-Jul-24,"Robin Glover, Natalia Clermont",chong_68,,p1,t2,rod-s3,chong_68__p1_t2_rod-s3,43,l,r,3.5,v,bare,none,y,dm? ,Hopping.,3536,Claire Kremen ,y,dm?,hopping or bounding?,y,A,
9-Jul-24,"Robin Glover, Annabelle Damude",11-Jul-24,"Robin Glover, Natalia Clermont",chong_68,,p1,t2,rod-s3,chong_68__p1_t2_rod-s3,44,r,r,2,dm,bare,none,y,unknown,"Unclear, diffuse.",3539,Claire Kremen ,?,?,,y,unknown,
9-Jul-24,"Robin Glover, Annabelle Damude",11-Jul-24,"Robin Glover, Natalia Clermont",chong_68,,p1,t2,rod-s3,chong_68__p1_t2_rod-s3,43,r,r,4,v,mulch,none,y,dm?,"Hopping, distinct feet.",3537-3538,Claire Kremen ,y,v? Maybe hopping?,,y,A,
9-Jul-24,"Robin Glover, Annabelle Damude",11-Jul-24,"Robin Glover, Natalia Clermont",chong_68,,p1,t2,rod-s3,chong_68__p1_t2_rod-s3,44,r,r,2.5,dm ,bare,none,y,unknown,"Unclear, diffuse.",3540,Claire Kremen ,y,?,,y,unknown,
9-Jul-24,"Robin Glover, Annabelle Damude",11-Jul-24,"Robin Glover, Natalia Clermont",chong_68,,p1,t2,rod-s3,chong_68__p1_t2_rod-s3,45,r,r,2,dm ,bare,none,unknown,unknown,"Unclear, diffuse.",3541,Claire Kremen ,n,na,,n,na,
9-Jul-24,"Robin Glover, Annabelle Damude",11-Jul-24,"Robin Glover, Natalia Clermont",chong_68,,p1,t2,rod-s3,chong_68__p1_t2_rod-s3,44,l,r,2.5,dm ,bare,none,y,dm? ,"Hopping, clear prints.",3543,Claire Kremen ,y,?,,y,unknown,
9-Jul-24,"Robin Glover, Annabelle Damude",11-Jul-24,"Robin Glover, Natalia Clermont",chong_68,,p1,t2,rod-s3,chong_68__p1_t2_rod-s3,45,l,r,2.5,dm ,bare,none,unknown,dm? ,Hopping.,3544,Claire Kremen ,?,?,,n,na,
9-Jul-24,"Robin Glover, Annabelle Damude",11-Jul-24,"Robin Glover, Natalia Clermont",chong_68,,p1,t2,rod-s3,chong_68__p1_t2_rod-s3,46,r,r,2,dm ,bare,none,,?,"Unclear, diffuse.",3545,Claire Kremen ,n,na,,n,na,
9-Jul-24,"Robin Glover, Annabelle Damude",11-Jul-24,"Robin Glover, Natalia Clermont",chong_68,,p1,t2,rod-s3,chong_68__p1_t2_rod-s3,47,r,r,3,v/dm,bare,Connected to 3.15.,y,dm? ,"Hopping, small tracks.",3548,Claire Kremen ,n,na,,unknown,unknown,
9-Jul-24,"Robin Glover, Annabelle Damude",11-Jul-24,"Robin Glover, Natalia Clermont",chong_68,,p1,t2,rod-s3,chong_68__p1_t2_rod-s3,47,r,r,3.5,v/dm,bare,Connected to 3.14.,y,dm? ,"Hopping, small tracks.",3546,Claire Kremen ,?,?,,unknown,unknown,
9-Jul-24,"Robin Glover, Annabelle Damude",11-Jul-24,"Robin Glover, Natalia Clermont",chong_68,,p1,t2,rod-s3,chong_68__p1_t2_rod-s3,49,r,r,2,v,bare,Runway?,n,na ,Thin arcing trail. Ant?,2344,Robin Glover,n,na,,n,na,
9-Jul-24,"Robin Glover, Annabelle Damude",11-Jul-24,"Robin Glover, Natalia Clermont",chong_68,,p1,t2,rod-s3,chong_68__p1_t2_rod-s3,50,r,r,2,dm ,bare,none,n,na ,Centipede?,2345-2346,Robin Glover,n,na,,n,na,
9-Jul-24,"Robin Glover, Annabelle Damude",11-Jul-24,"Robin Glover, Natalia Clermont",chong_68,,p1,t2,rod-s4,chong_68__p1_t2_rod-s4,60,l,r,2,dm ,bare,none,y,dm,Hopping.,2347-2349,Robin Glover,y,dm,,y,B,
9-Jul-24,"Robin Glover, Annabelle Damude",11-Jul-24,"Robin Glover, Natalia Clermont",chong_68,,p1,t2,rod-s4,chong_68__p1_t2_rod-s4,64,l,r,3,v,mulch,none,n,ant,Ant trail.,2350,Robin Glover,n,na,,n,na,
9-Jul-24,"Robin Glover, Annabelle Damude",11-Jul-24,"Robin Glover, Natalia Clermont",chong_68,,p1,t2,rod-s4,chong_68__p1_t2_rod-s4,65,l,r,3,v,bare,none,y,dm,Hopping!,2351-2355,Robin Glover,?,?,"bird? If not, dm",unknown,unknown,
9-Jul-24,"Robin Glover, Annabelle Damude",11-Jul-24,"Robin Glover, Natalia Clermont",chong_68,,p1,t2,rod-s4,chong_68__p1_t2_rod-s4,66,r,r,3.5,v,bare,none,y,v,Great tracks.,2356-2360,Robin Glover,y,?,,y,unknown,
9-Jul-24,"Robin Glover, Annabelle Damude",11-Jul-24,"Robin Glover, Natalia Clermont",chong_68,,p1,t2,rod-s4,chong_68__p1_t2_rod-s4,66,r,r,2.5,dm ,bare,none,y,v,none,2361,Robin Glover,y,v,,y,unknown,
9-Jul-24,"Robin Glover, Annabelle Damude",11-Jul-24,"Robin Glover, Natalia Clermont",chong_68,,p1,t2,rod-s4,chong_68__p1_t2_rod-s4,68,r,r,2.5,dm ,bare,none,y,v?,none,2362,Robin Glover,?,?,,unknown,unknown,
9-Jul-24,"Robin Glover, Annabelle Damude",11-Jul-24,"Robin Glover, Natalia Clermont",chong_68,,p1,t2,rod-s4,chong_68__p1_t2_rod-s4,69,l,r,3,v,bare,none,n,na ,none,2363,Robin Glover,n,na,,n,na,
9-Jul-24,"Robin Glover, Annabelle Damude",11-Jul-24,"Robin Glover, Natalia Clermont",chong_68,,p1,t2,rod-s5,chong_68__p1_t2_rod-s5,80,l,r,3,v?,bare,none,y,v!,Great tracks.,2364-2368,Robin Glover,y,v,"continuous, possibly overlapping hops?",y,A,
9-Jul-24,"Robin Glover, Annabelle Damude",11-Jul-24,"Robin Glover, Natalia Clermont",chong_68,,p1,t2,rod-s5,chong_68__p1_t2_rod-s5,82,r,r,2.5,dm ,mulch,ABP-D,n,na ,none,2369,Robin Glover,n,na,,n,na,
9-Jul-24,"Robin Glover, Annabelle Damude",11-Jul-24,"Robin Glover, Natalia Clermont",chong_68,,p1,t2,rod-s5,chong_68__p1_t2_rod-s5,82,r,r,2.5,dm ,bare,none,n,na ,Ant trail.,2370,Robin Glover,n,na,,n,na,
9-Jul-24,"Robin Glover, Annabelle Damude",11-Jul-24,"Robin Glover, Natalia Clermont",chong_68,,p1,t2,rod-s5,chong_68__p1_t2_rod-s5,82,r,r,3.5,v,mulch,ABP-D,n,na ,none,2369,Robin Glover,n,na,,n,na,
9-Jul-24,"Robin Glover, Annabelle Damude",11-Jul-24,"Robin Glover, Natalia Clermont",chong_68,,p1,t2,rod-s5,chong_68__p1_t2_rod-s5,82,l,r,3.5,v,bare,none,n,na ,Powder dusted.,2371,Robin Glover,n,na,,n,na,
9-Jul-24,"Robin Glover, Annabelle Damude",11-Jul-24,"Robin Glover, Natalia Clermont",chong_68,,p1,t2,rod-s5,chong_68__p1_t2_rod-s5,82,l,r,2.5,dm ,bare,none,y,v,Bounding or possible dm?,2372-2373,Robin Glover,y,v?,hopping or bounding?,y,unknown,
9-Jul-24,"Robin Glover, Annabelle Damude",11-Jul-24,"Robin Glover, Natalia Clermont",chong_68,,p1,t2,rod-s5,chong_68__p1_t2_rod-s5,84,r,r,2,dm ,mulch,none,y,u,No discernible tracks. ,2374,Robin Glover,?,?,,unknown,unknown,
9-Jul-24,"Robin Glover, Annabelle Damude",11-Jul-24,"Robin Glover, Natalia Clermont",chong_68,,p1,t2,rod-s5,chong_68__p1_t2_rod-s5,84,r,r,6,v,mulch,ABP-D,n,na ,none,2375,Robin Glover,n,na,,n,na,
9-Jul-24,"Robin Glover, Annabelle Damude",11-Jul-24,"Robin Glover, Natalia Clermont",chong_68,,p1,t2,rod-s5,chong_68__p1_t2_rod-s5,87,l,r,2,dm ,mulch,ABP-D,y,v,none,2376-2377,Robin Glover,y,v,,y,unknown,
9-Jul-24,"Robin Glover, Annabelle Damude",11-Jul-24,"Robin Glover, Natalia Clermont",chong_68,,p1,t2,rod-s5,chong_68__p1_t2_rod-s5,89,l,r,5,v,mulch,ABP-D,y,u,No discernible tracks. ,2378,Robin Glover,?,?,,unknown,unknown,
9-Jul-24,"Robin Glover, Annabelle Damude",11-Jul-24,"Annabelle Damude, Claire Kremen ",chong_68,,p2,t1,rod-s1 ,chong_68__p2_t1_rod-s1 ,2,l,r,4,v,mulch,none,y,dm? ,Possible tail and hopping. Unclear.,3485,Claire Kremen ,n?,?,,n,na,
9-Jul-24,"Robin Glover, Annabelle Damude",11-Jul-24,"Annabelle Damude, Claire Kremen ",chong_68,,p2,t1,rod-s1 ,chong_68__p2_t1_rod-s1 ,6,r,r,5,v,mulch,none,y,dm,Hopping. No tail.,3486-3487,Claire Kremen ,y,dm?,,y,unknown,
9-Jul-24,"Robin Glover, Annabelle Damude",11-Jul-24,"Annabelle Damude, Claire Kremen ",chong_68,,p2,t1,rod-s1,chong_68__p2_t1_rod-s1,7,r,r,2,dm ,bare,none,y,dm,Hopping. No tail.,3488,Claire Kremen ,y,dm?,,y,unknown,
9-Jul-24,"Robin Glover, Annabelle Damude",11-Jul-24,"Annabelle Damude, Claire Kremen ",chong_68,,p2,t1,rod-s1,chong_68__p2_t1_rod-s1,7,r,r,5,v,bare,none,y,?,Diffuse unclear.,3489,Claire Kremen ,n,na,,n,na,
9-Jul-24,"Robin Glover, Annabelle Damude",11-Jul-24,"Annabelle Damude, Claire Kremen ",chong_68,,p2,t1,rod-s1,chong_68__p2_t1_rod-s1,8,r,r,2,dm ,bare,none,y,dm? ,Hopping. Photos of prints.,3490-3492,Claire Kremen ,y,dm?,,y,unknown,
9-Jul-24,"Robin Glover, Annabelle Damude",11-Jul-24,"Annabelle Damude, Claire Kremen ",chong_68,,p2,t1,rod-s1,chong_68__p2_t1_rod-s1,8,r,r,2,dm ,bare,none,y,dm? ,Hopping. Photos of prints.,3490-3492,Claire Kremen ,y,dm?,,y,unknown,
9-Jul-24,"Robin Glover, Annabelle Damude",11-Jul-24,"Annabelle Damude, Claire Kremen ",chong_68,,p2,t1,rod-s2,chong_68__p2_t1_rod-s2,21,r,r,3,v,mulch,none,y,dm? ,Hopping continuous. ,"3493, 3494",Claire Kremen ,y,dm,,y,unknown,
9-Jul-24,"Robin Glover, Annabelle Damude",11-Jul-24,"Annabelle Damude, Claire Kremen ",chong_68,,p2,t1,rod-s2,chong_68__p2_t1_rod-s2,21,r,r,3,v/dm,mulch,Distinct V?.,y,dm? ,Hopping continuous. ,"3493, 3495",Claire Kremen ,y,dm,,y,A,
9-Jul-24,"Robin Glover, Annabelle Damude",11-Jul-24,"Annabelle Damude, Claire Kremen ",chong_68,,p2,t1,rod-s3,chong_68__p2_t1_rod-s3,40,r,r,3,dm ,mulch,none,y,?,Continuous. Unclear.,3496,Claire Kremen ,n,na,,n,na,
9-Jul-24,"Robin Glover, Annabelle Damude",11-Jul-24,"Annabelle Damude, Claire Kremen ",chong_68,,p2,t1,rod-s3,chong_68__p2_t1_rod-s3,40,r,r,2.5,dm,mulch,none,y,?,Continuous. Unclear.,3496,Claire Kremen ,n,na,,n,na,
9-Jul-24,"Robin Glover, Annabelle Damude",11-Jul-24,"Annabelle Damude, Claire Kremen ",chong_68,,p2,t1,rod-s3,chong_68__p2_t1_rod-s3,41,r,r,2.5,dm ,mulch,none,y,dm? ,Hopping. Foot prints.,3498,Claire Kremen ,y,v?,hops or continuous?,y,A,
9-Jul-24,"Robin Glover, Annabelle Damude",11-Jul-24,"Annabelle Damude, Claire Kremen ",chong_68,,p2,t1,rod-s4,chong_68__p2_t1_rod-s4,61,r,r,3,v?,mulch,none,y,dm? ,Hopping. Foot prints.,3499,Claire Kremen ,y,v?,,y,A,
9-Jul-24,"Robin Glover, Annabelle Damude",11-Jul-24,"Annabelle Damude, Claire Kremen ",chong_68,,p2,t1,rod-s4,chong_68__p2_t1_rod-s4,61,r,r,3,v?,mulch,none,y,dm? ,Hopping. Foot prints.,3499,Claire Kremen ,y,v?,,y,A,
9-Jul-24,"Robin Glover, Annabelle Damude",11-Jul-24,"Annabelle Damude, Claire Kremen ",chong_68,,p2,t1,rod-s4,chong_68__p2_t1_rod-s4,63,r,r,2,dm ,bare,none,y,?,Unclear. Possible tail.,3500,Claire Kremen ,n,na,,n,na,
9-Jul-24,"Robin Glover, Annabelle Damude",11-Jul-24,"Annabelle Damude, Claire Kremen ",chong_68,,p2,t1,rod-s4,chong_68__p2_t1_rod-s4,64,r,r,4,v,grass,none,y,?,Unclear. Obscured by grasses.,3501,Claire Kremen ,n,na,,n,na,
9-Jul-24,"Robin Glover, Annabelle Damude",11-Jul-24,"Annabelle Damude, Claire Kremen ",chong_68,,p2,t1,rod-s4,chong_68__p2_t1_rod-s4,66,r,r,2,dm ,dug out section ,ABP-D,y,?,Unclear.,3504,Claire Kremen ,n,na,,n,na,
9-Jul-24,"Robin Glover, Annabelle Damude",11-Jul-24,"Annabelle Damude, Claire Kremen ",chong_68,,p2,t1,rod-s4,chong_68__p2_t1_rod-s4,66,r,r,3.5,v,dug out section ,ABP-D,y,?,Unclear.,3504,Claire Kremen ,n,na,,n,na,
9-Jul-24,"Robin Glover, Annabelle Damude",11-Jul-24,"Annabelle Damude, Claire Kremen ",chong_68,,p2,t1,rod-s4,chong_68__p2_t1_rod-s4,67,r,r,3,dm ,bare,none,y,dm? ,Hopping. Foot prints.,3502,Claire Kremen ,y,v?,walking,y,A,
9-Jul-24,"Robin Glover, Annabelle Damude",11-Jul-24,"Annabelle Damude, Claire Kremen ",chong_68,,p2,t1,rod-s4,chong_68__p2_t1_rod-s4,69,r,r,4,v,mulch,none,y,?,Possible hopping.,3505,Claire Kremen ,?,?,,unknown,unknown,
9-Jul-24,"Robin Glover, Annabelle Damude",11-Jul-24,"Annabelle Damude, Claire Kremen ",chong_68,,p2,t1,rod-s4,chong_68__p2_t1_rod-s4,69,r,r,3.5,v,mulch,none,y,?,Possible hopping.,3505,Claire Kremen ,?,?,,unknown,unknown,
9-Jul-24,"Robin Glover, Annabelle Damude",11-Jul-24,"Annabelle Damude, Claire Kremen ",chong_68,,p2,t1,rod-s4,chong_68__p2_t1_rod-s4,69.5,r,r,3,v,mulch,Runway.,y,dm? ,Runway. Hopping distinct.,3506,Claire Kremen ,?,?,,y,unknown,
9-Jul-24,"Robin Glover, Annabelle Damude",11-Jul-24,"Annabelle Damude, Claire Kremen ",chong_68,,p2,t1,rod-s4,chong_68__p2_t1_rod-s4,70,r,r,3.5,v,bare,none,y,v?,Continuous. See video.,3507-3508,Claire Kremen ,y,dm,,y,unknown,
9-Jul-24,"Robin Glover, Annabelle Damude",11-Jul-24,"Annabelle Damude, Claire Kremen ",chong_68,,p2,t1,rod-s5,chong_68__p2_t1_rod-s5,80,r,r,6,v,mulch,none,y,v?,Continuous path.,3509,Claire Kremen ,?,?,,unknown,unknown,
9-Jul-24,"Robin Glover, Annabelle Damude",11-Jul-24,"Annabelle Damude, Claire Kremen ",chong_68,,p2,t1,rod-s5,chong_68__p2_t1_rod-s5,82,r,r,5,v,mulch,none,y,v?,Continuous. Large prints.,"3510, 3511",Claire Kremen ,y,v,,y,A,
9-Jul-24,"Robin Glover, Annabelle Damude",11-Jul-24,"Annabelle Damude, Claire Kremen ",chong_68,,p2,t1,rod-s5,chong_68__p2_t1_rod-s5,82,r,r,3.5,v,bare,Runway.,y,v?,Continuous. Large prints.,"3510, 3512",Claire Kremen ,y,v,,y,A,
9-Jul-24,"Robin Glover, Annabelle Damude",11-Jul-24,"Annabelle Damude, Claire Kremen ",chong_68,,p2,t1,rod-s5,chong_68__p2_t1_rod-s5,82.5,r,r,4,v,mulch,none,y,v?,Continuous. Large prints.,"3510, 3513",Claire Kremen ,?,?,,y,unknown,
9-Jul-24,"Robin Glover, Annabelle Damude",11-Jul-24,"Annabelle Damude, Claire Kremen ",chong_68,,p2,t1,rod-s5,chong_68__p2_t1_rod-s5,82.5,r,r,2.5,dm ,mulch,none,y,v?,Continuous. Large prints.,"3510, 3513",Claire Kremen ,?,?,,y,unknown,
9-Jul-24,"Robin Glover, Annabelle Damude",11-Jul-24,"Annabelle Damude, Claire Kremen ",chong_68,,p2,t1,rod-s5,chong_68__p2_t1_rod-s5,84,r,r,3,dm ,mulch,none,y,?,Diffuse unclear.,3514,Claire Kremen ,n,na,,n,na,
9-Jul-24,"Robin Glover, Annabelle Damude",11-Jul-24,"Annabelle Damude, Claire Kremen ",chong_68,,p2,t1,rod-s5,chong_68__p2_t1_rod-s5,84.5,r,r,2.5,dm ,mulch,none,y,?,Diffuse unclear.,3515,Claire Kremen ,n,na,,n,na,
9-Jul-24,"Robin Glover, Annabelle Damude",11-Jul-24,"Annabelle Damude, Claire Kremen ",chong_68,,p2,t2,rod-s1 ,chong_68__p2_t2_rod-s1 ,3,l,r,3,dm ,mulch,none,y,v?,Continuous.,3477,Claire Kremen ,y,v,,y,A,
9-Jul-24,"Robin Glover, Annabelle Damude",11-Jul-24,"Annabelle Damude, Claire Kremen ",chong_68,,p2,t2,rod-s1 ,chong_68__p2_t2_rod-s1 ,5,l,r,2,dm ,mulch,ABP-D,y,v/dm,Continuous and hopping. See photos.,3478-3480,Claire Kremen ,?,?,,y,unknown,
9-Jul-24,"Robin Glover, Annabelle Damude",11-Jul-24,"Annabelle Damude, Claire Kremen ",chong_68,,p2,t2,rod-s3,chong_68__p2_t2_rod-s3,42,r,r,2,dm ,mulch,none,y,dm,Tail marking. See photo.,3482,Claire Kremen ,n,na,,n,na,
9-Jul-24,"Robin Glover, Annabelle Damude",11-Jul-24,"Annabelle Damude, Claire Kremen",chong_68,,p2,t2,rod-s3,chong_68__p2_t2_rod-s3,42,r,r,2.5,dm ,mulch,none,y,dm,Tail marking. See photo.,3482,Claire Kremen ,n,na,,n,na,
9-Jul-24,"Robin Glover, Annabelle Damude",11-Jul-24,"Annabelle Damude, Claire Kremen ",chong_68,,p2,t2,rod-s3,chong_68__p2_t2_rod-s3,42,l,r,2,dm ,mulch,none,y,dm? ,Hopping trail.,3481,Claire Kremen ,?,?,,unknown,unknown,
9-Jul-24,"Robin Glover, Annabelle Damude",11-Jul-24,"Robin Glover, Annabelle Damude, Claire Kremen, Natalia Clermont ",bks_68,,p2,t1,rod-s5,bks_68__p2_t1_rod-s5,89,l,r,2.5,dm,mulch,none,y,dm,hopping,2389-2397,Robin Glover,y,dm?,check that these are hops?,y,A,
10-Jul-24,"Robin Glover, Annabelle Damude",12-Jul-24,Robin Glover,chong_96,,p1,t1,rod-s3,chong_96__p1_t1_rod-s3,41,l,r,3.5,v,mulch,none,y,v?,Continuous trail. Prints on irrigation tube.,2489-2505,Robin Glover,y,v,,y,A,
24-Jul-24,"Robin Glover, Annabelle Damude",26-Jul-24,"Robin Glover, Duncan",lbf_ladnertrunk,,p1,t1,rod-s3,lbf_ladnertrunk__p1_t1_rod-s3,49,r,r,2,dm,bare,none,y,dm,Hopping V formation. Very clear. Followed tracks and found 2 more holes in transect. ,"8144, 8147 + RG 2777, 2781 ",,y,dm,,y,B,
24-Jul-24,"Robin Glover, Annabelle Damude",26-Jul-24,"Robin Glover, Duncan",lbf_ladnertrunk,,p1,t2,rod-s1 ,lbf_ladnertrunk__p1_t2_rod-s1 ,9,l,r,3,unknown ,bare,none,y,dm,V formation hopping.,8141-8142,,y,dm,,y,B,
24-Jul-24,"Robin Glover, Annabelle Damude",26-Jul-24,"Robin Glover, Duncan",lbf_ladnertrunk,,p1,t2,rod-s1 ,lbf_ladnertrunk__p1_t2_rod-s1 ,9,l,r,3.5,unknown ,bare,none,y,dm,Tracks leading to 1.1.,8143,,?,?,,unknown,unknown,
24-Jul-24,"Robin Glover, Annabelle Damude",26-Jul-24,"Annabelle Damude, Natalia Clermont",lbf_ladnertrunk,,p2,t1,rod-s1,lbf_ladnertrunk__p2_t1_rod-s1,0,r,r,4.5,v,mulch,ABP-D,n,na ,none,9355,Natalia Clermont ,n,na,,n,na,
24-Jul-24,"Robin Glover, Annabelle Damude",26-Jul-24,"Annabelle Damude, Natalia Clermont",lbf_ladnertrunk,,p2,t1,rod-s1,lbf_ladnertrunk__p2_t1_rod-s1,0,r,r,4,v,mulch,ABP-D,n,na ,none,9355,Natalia Clermont ,n,na,,n,na,
24-Jul-24,"Robin Glover, Annabelle Damude",26-Jul-24,"Annabelle Damude, Natalia Clermont",lbf_ladnertrunk,,p2,t1,rod-s1,lbf_ladnertrunk__p2_t1_rod-s1,0.5,r,r,2,dm,mulch,none,n,na ,no obvious tracks,9355,Natalia Clermont ,n,na,,n,na,
24-Jul-24,"Robin Glover, Annabelle Damude",26-Jul-24,"Annabelle Damude, Natalia Clermont",lbf_ladnertrunk,,p2,t1,rod-s1,lbf_ladnertrunk__p2_t1_rod-s1,0.5,r,r,3.5,v,mulch,none,n,na ,no obvious tracks,9355,Natalia Clermont ,n,na,,n,na,
24-Jul-24,"Robin Glover, Annabelle Damude",26-Jul-24,"Annabelle Damude, Natalia Clermont",lbf_ladnertrunk,,p2,t1,rod-s1,lbf_ladnertrunk__p2_t1_rod-s1,0,l,r,3.5,v,bare,Runway.,y,v,Continuous.,9357,Natalia Clermont ,y,v,faint continuous trail in photo,y,A,
24-Jul-24,"Robin Glover, Annabelle Damude",26-Jul-24,"Annabelle Damude, Natalia Clermont",lbf_ladnertrunk,,p2,t1,rod-s1,lbf_ladnertrunk__p2_t1_rod-s1,0,l,r,2,dm,bare,ABP-D,n,na ,No tracks.,9357,Natalia Clermont ,n,na,,n,na,
24-Jul-24,"Robin Glover, Annabelle Damude",26-Jul-24,"Annabelle Damude, Natalia Clermont",lbf_ladnertrunk,,p2,t1,rod-s1,lbf_ladnertrunk__p2_t1_rod-s1,0.5,l,r,2.5,v,mulch,Runway.,y,v,Faint continuous tracks,9358,Natalia Clermont ,y,v,,y,A,
24-Jul-24,"Robin Glover, Annabelle Damude",26-Jul-24,"Annabelle Damude, Natalia Clermont",lbf_ladnertrunk,,p2,t1,rod-s1,lbf_ladnertrunk__p2_t1_rod-s1,0.7,r,r,5,v,bare,ABP-D,y,v,faint trail under grass,9360,Natalia Clermont ,?,?,,unknown,unknown,
24-Jul-24,"Robin Glover, Annabelle Damude",26-Jul-24,"Annabelle Damude, Natalia Clermont",lbf_ladnertrunk,,p2,t1,rod-s1,lbf_ladnertrunk__p2_t1_rod-s1,0.7,r,r,3,v,bare,none,y,v,faint continuous trail into bush,9361,Natalia Clermont ,y,v,,unknown,unknown,
24-Jul-24,"Robin Glover, Annabelle Damude",26-Jul-24,"Annabelle Damude, Natalia Clermont",lbf_ladnertrunk,,p2,t1,rod-s1,lbf_ladnertrunk__p2_t1_rod-s1,0.7,l,r,2.5,unknown ,bare,none,n,na ,No tracks.,9363,Natalia Clermont ,n,na,,n,na,
24-Jul-24,"Robin Glover, Annabelle Damude",26-Jul-24,"Annabelle Damude, Natalia Clermont",lbf_ladnertrunk,,p2,t1,rod-s1,lbf_ladnertrunk__p2_t1_rod-s1,0.7,l,r,2.5,unknown ,bare,none,y,v,faint trail leading into next runway,9362,Natalia Clermont ,?,?,,unknown,unknown,
24-Jul-24,"Robin Glover, Annabelle Damude",26-Jul-24,"Annabelle Damude, Natalia Clermont",lbf_ladnertrunk,,p2,t1,rod-s1,lbf_ladnertrunk__p2_t1_rod-s1,2,l,r,2.5,v,dry_rooted,Runway.,y,v,very active runway,9364,Natalia Clermont ,y,v,,y,A,
24-Jul-24,"Robin Glover, Annabelle Damude",26-Jul-24,"Annabelle Damude, Natalia Clermont",lbf_ladnertrunk,,p2,t1,rod-s1,lbf_ladnertrunk__p2_t1_rod-s1,2,l,r,2.5,unknown ,dry_rooted,none,y,na ,"small trail, faint",9365,Natalia Clermont ,?,?,,unknown,unknown,
24-Jul-24,"Robin Glover, Annabelle Damude",26-Jul-24,"Annabelle Damude, Natalia Clermont",lbf_ladnertrunk,,p2,t1,rod-s1,lbf_ladnertrunk__p2_t1_rod-s1,2.5,l,r,3,v,bare,ABP-D,y,v,none,9366,Natalia Clermont ,?,?,,unknown,unknown,
24-Jul-24,"Robin Glover, Annabelle Damude",26-Jul-24,"Annabelle Damude, Natalia Clermont",lbf_ladnertrunk,,p2,t1,rod-s1,lbf_ladnertrunk__p2_t1_rod-s1,3,l,r,3,v,bare,none,y,v,continuous,9366,Natalia Clermont ,?,?,,y,A,
24-Jul-24,"Robin Glover, Annabelle Damude",26-Jul-24,"Annabelle Damude, Natalia Clermont",lbf_ladnertrunk,,p2,t1,rod-s1,lbf_ladnertrunk__p2_t1_rod-s1,3,l,r,3,unknown ,bare,ABP-D,y,v,continuous ,"9368, 9370, 9367",Natalia Clermont ,?,?,,unknown,unknown,
24-Jul-24,"Robin Glover, Annabelle Damude",26-Jul-24,"Annabelle Damude, Natalia Clermont",lbf_ladnertrunk,,p2,t1,rod-s1,lbf_ladnertrunk__p2_t1_rod-s1,3,l,r,4,v,mulch,none,y,v,connected runway,"9368, 9370, 9367",Natalia Clermont ,?,?,,unknown,unknown,
24-Jul-24,"Robin Glover, Annabelle Damude",26-Jul-24,"Annabelle Damude, Natalia Clermont",lbf_ladnertrunk,,p2,t1,rod-s1,lbf_ladnertrunk__p2_t1_rod-s1,4,l,r,2,dm,mulch,ABP-D,n,na ,no trail,9372,Natalia Clermont ,n,na,,n,na,
24-Jul-24,"Robin Glover, Annabelle Damude",26-Jul-24,"Annabelle Damude, Natalia Clermont",lbf_ladnertrunk,,p2,t1,rod-s1,lbf_ladnertrunk__p2_t1_rod-s1,4.5,l,r,2,dm,bare,none,y,?,"thin, narrow trail. Too big for bug",9380,Natalia Clermont ,n,na,snake?,n,na,
24-Jul-24,"Robin Glover, Annabelle Damude",26-Jul-24,"Annabelle Damude, Natalia Clermont",lbf_ladnertrunk,,p2,t1,rod-s1,lbf_ladnertrunk__p2_t1_rod-s1,6,l,r,4,v,mulch,none,y,v,continuous trail with runway,"9375, 9379",Natalia Clermont ,y,v,,y,A,
24-Jul-24,"Robin Glover, Annabelle Damude",26-Jul-24,"Annabelle Damude, Natalia Clermont",lbf_ladnertrunk,,p2,t1,rod-s1,lbf_ladnertrunk__p2_t1_rod-s1,6,l,r,3,unknown ,mulch,none,y,v,continuous trail with runway,"9375, 9379",Natalia Clermont ,y,v,,y,A,
24-Jul-24,"Robin Glover, Annabelle Damude",26-Jul-24,"Annabelle Damude, Natalia Clermont",lbf_ladnertrunk,,p2,t1,rod-s1,lbf_ladnertrunk__p2_t1_rod-s1,8,l,r,2,dm,mulch,none,n,na ,"no trail, unclear, looks like spatter",9378,Natalia Clermont ,n,na,,n,na,
24-Jul-24,"Robin Glover, Annabelle Damude",26-Jul-24,"Annabelle Damude, Natalia Clermont",lbf_ladnertrunk,,p2,t1,rod-s1,lbf_ladnertrunk__p2_t1_rod-s1,8,l,r,2.5,dm,mulch,none,n,na ,"no trail, unclear, looks like spatter",9378,Natalia Clermont ,n,na,,n,na,
24-Jul-24,"Robin Glover, Annabelle Damude",26-Jul-24,"Annabelle Damude, Natalia Clermont",lbf_ladnertrunk,,p2,t1,rod-s1,lbf_ladnertrunk__p2_t1_rod-s1,9,l,r,3,unknown ,mulch,ABP-D,n,na ,none,9378,Natalia Clermont ,n,na,,n,na,
24-Jul-24,"Robin Glover, Annabelle Damude",26-Jul-24,"Annabelle Damude, Natalia Clermont",lbf_ladnertrunk,,p2,t1,rod-s1,lbf_ladnertrunk__p2_t1_rod-s1,9,l,r,3.5,v,mulch,Runway.,n,na ,none,9378,Natalia Clermont ,n,na,,n,na,
24-Jul-24,"Robin Glover, Annabelle Damude",26-Jul-24,"Annabelle Damude, Natalia Clermont",lbf_ladnertrunk,,p2,t1,rod-s1,lbf_ladnertrunk__p2_t1_rod-s1,10,l,r,3.5,v,mulch,none,y,?,"Unclear, diffuse.",9376,Natalia Clermont ,n,na,,n,na,
24-Jul-24,"Robin Glover, Annabelle Damude",26-Jul-24,"Annabelle Damude, Natalia Clermont",lbf_ladnertrunk,,p2,t1,rod-s1,lbf_ladnertrunk__p2_t1_rod-s1,10,l,r,4,v,mulch,ABP,y,?,connected to 1.26,9377,Natalia Clermont ,n,na,,n,na,
24-Jul-24,"Robin Glover, Annabelle Damude",26-Jul-24,"Annabelle Damude, Natalia Clermont",lbf_ladnertrunk,,p2,t1,rod-s1,lbf_ladnertrunk__p2_t1_rod-s1,9,r,r,3.5,v,mulch,none,y,dm? ,"small tracks, far apart",9381,Natalia Clermont ,?,?,,unknown,unknown,
24-Jul-24,"Robin Glover, Annabelle Damude",26-Jul-24,"Annabelle Damude, Natalia Clermont",lbf_ladnertrunk,,p2,t1,rod-s1,lbf_ladnertrunk__p2_t1_rod-s1,8,r,r,2,dm,bare,none,y,dm,"some activity, connected to high (1.30)",9384,Natalia Clermont ,?,?,,unknown,unknown,
24-Jul-24,"Robin Glover, Annabelle Damude",26-Jul-24,"Annabelle Damude, Natalia Clermont",lbf_ladnertrunk,,p2,t1,rod-s1,lbf_ladnertrunk__p2_t1_rod-s1,8,r,r,3.5,unknown ,mulch,none,y,dm,hopping tracks. Very active,9383,Natalia Clermont ,y,dm,,y,unknown,
24-Jul-24,"Robin Glover, Annabelle Damude",26-Jul-24,"Annabelle Damude, Natalia Clermont",lbf_ladnertrunk,,p2,t1,rod-s1,lbf_ladnertrunk__p2_t1_rod-s1,7,r,r,2,dm,bare,none,y,?,"unclear, dispersed",9385,Natalia Clermont ,?,?,,n,na,
24-Jul-24,"Robin Glover, Annabelle Damude",26-Jul-24,"Annabelle Damude, Natalia Clermont",lbf_ladnertrunk,,p2,t1,rod-s1,lbf_ladnertrunk__p2_t1_rod-s1,4,r,r,4,v,mulch,Runway.,y,v,"runway is active, continuous",9386,Natalia Clermont ,?,?,,y,A,
24-Jul-24,"Robin Glover, Annabelle Damude",26-Jul-24,"Annabelle Damude, Natalia Clermont",lbf_ladnertrunk,,p2,t1,rod-s1,lbf_ladnertrunk__p2_t1_rod-s1,4,r,r,3,v,mulch,ABP,y,v,active runway,9387,Natalia Clermont ,?,?,,unknown,unknown,
24-Jul-24,"Robin Glover, Annabelle Damude",26-Jul-24,"Annabelle Damude, Natalia Clermont",lbf_ladnertrunk,,p2,t1,rod-s1,lbf_ladnertrunk__p2_t1_rod-s1,3.5,r,r,4,v,mulch,none,y,dm,clear prints,9388-9389,Natalia Clermont ,y,?,,y,unknown,
24-Jul-24,"Robin Glover, Annabelle Damude",26-Jul-24,"Annabelle Damude, Natalia Clermont",lbf_ladnertrunk,,p2,t1,rod-s1,lbf_ladnertrunk__p2_t1_rod-s1,3,r,r,2.5,unknown ,bare,ABP,y,dm,connected to 1.34 and 1.36,9390,Natalia Clermont ,y,?,,unknown,unknown,
24-Jul-24,"Robin Glover, Annabelle Damude",26-Jul-24,"Annabelle Damude, Natalia Clermont",lbf_ladnertrunk,,p2,t1,rod-s1,lbf_ladnertrunk__p2_t1_rod-s1,3,r,r,2,unknown ,bare,none,y,dm,connected to 1.34 and 1.35,9390,Natalia Clermont ,y,?,,unknown,unknown,
24-Jul-24,"Robin Glover, Annabelle Damude",26-Jul-24,"Annabelle Damude, Natalia Clermont",lbf_ladnertrunk,,p2,t1,rod-s1,lbf_ladnertrunk__p2_t1_rod-s1,3,r,r,3,v,mulch,ABP,y,v,active runway,9391-9393,Natalia Clermont ,,,,unknown,unknown,
24-Jul-24,"Robin Glover, Annabelle Damude",26-Jul-24,"Annabelle Damude, Natalia Clermont",lbf_ladnertrunk,,p2,t1,rod-s1,lbf_ladnertrunk__p2_t1_rod-s1,2.5,r,r,2,unknown ,mulch,none,y,?,"Unclear, diffuse.",9391-9393,Natalia Clermont ,,,,unknown,unknown,
24-Jul-24,"Robin Glover, Annabelle Damude",26-Jul-24,"Annabelle Damude, Natalia Clermont",lbf_ladnertrunk,,p2,t1,rod-s1,lbf_ladnertrunk__p2_t1_rod-s1,2,r,r,3,v,mulch,none,y,?,"Unclear, diffuse.",9391-9393,Natalia Clermont ,,,,unknown,unknown,
24-Jul-24,"Robin Glover, Annabelle Damude",26-Jul-24,"Annabelle Damude, Natalia Clermont",lbf_ladnertrunk,,p2,t1,rod-s2,lbf_ladnertrunk__p2_t1_rod-s2,20,l,r,2.5,unknown ,mulch,none,y,?,Faint tracks.,9394,Duncan MacNaughton,,,,unknown,unknown,
24-Jul-24,"Robin Glover, Annabelle Damude",26-Jul-24,"Annabelle Damude, Natalia Clermont",lbf_ladnertrunk,,p2,t1,rod-s2,lbf_ladnertrunk__p2_t1_rod-s2,21,l,r,3.5,unknown ,mulch,ABP-D,y,v,active runway,9395,Duncan MacNaughton,,,,y,A,
24-Jul-24,"Robin Glover, Annabelle Damude",26-Jul-24,"Annabelle Damude, Natalia Clermont",lbf_ladnertrunk,,p2,t1,rod-s2,lbf_ladnertrunk__p2_t1_rod-s2,22,l,r,2,dm,mulch,none,y,?,faint trail,9397,Duncan MacNaughton,,,,unknown,unknown,
24-Jul-24,"Robin Glover, Annabelle Damude",26-Jul-24,"Annabelle Damude, Natalia Clermont",lbf_ladnertrunk,,p2,t1,rod-s2,lbf_ladnertrunk__p2_t1_rod-s2,25,l,r,3.5,v,mulch,"ABP-D, left",y,v,active runway,9398,Duncan MacNaughton,,,,y,A,
24-Jul-24,"Robin Glover, Annabelle Damude",26-Jul-24,"Annabelle Damude, Natalia Clermont",lbf_ladnertrunk,,p2,t1,rod-s2,lbf_ladnertrunk__p2_t1_rod-s2,25,l,r,3.5,v,mulch,"ABP, right",y,v,connected to 2.4,9399-9400,Duncan MacNaughton,,,,y,A,
24-Jul-24,"Robin Glover, Annabelle Damude",26-Jul-24,"Annabelle Damude, Natalia Clermont",lbf_ladnertrunk,,p2,t1,rod-s2,lbf_ladnertrunk__p2_t1_rod-s2,26,l,r,2,dm,mulch,none,y,v?,prints connected to 2.5 ,9402,Duncan MacNaughton,,,,y,A,
24-Jul-24,"Robin Glover, Annabelle Damude",26-Jul-24,"Annabelle Damude, Natalia Clermont",lbf_ladnertrunk,,p2,t1,rod-s2,lbf_ladnertrunk__p2_t1_rod-s2,23,r,r,3,unknown ,mulch,ABP-D,y,?,connected to 2.8 and 2.9,9403,Duncan MacNaughton,,,,y,A,
24-Jul-24,"Robin Glover, Annabelle Damude",26-Jul-24,"Annabelle Damude, Natalia Clermont",lbf_ladnertrunk,,p2,t1,rod-s2,lbf_ladnertrunk__p2_t1_rod-s2,23,r,r,2.5,unknown ,mulch,ABP-D,y,?,same as above,9403,Duncan MacNaughton,,,,y,A,
24-Jul-24,"Robin Glover, Annabelle Damude",26-Jul-24,"Annabelle Damude, Natalia Clermont",lbf_ladnertrunk,,p2,t1,rod-s2,lbf_ladnertrunk__p2_t1_rod-s2,23,r,r,3,unknown ,mulch,ABP-D,y,?,same as above,9403,Duncan MacNaughton,,,,y,A,
24-Jul-24,"Robin Glover, Annabelle Damude",26-Jul-24,"Annabelle Damude, Natalia Clermont",lbf_ladnertrunk,,p2,t1,rod-s2,lbf_ladnertrunk__p2_t1_rod-s2,23,r,r/a,3.5,v,bare,Possible runway.,y,dm?,"small, narrow tracks",9404,Duncan MacNaughton,,,,y,unknown,
24-Jul-24,"Robin Glover, Annabelle Damude",26-Jul-24,"Annabelle Damude, Natalia Clermont",lbf_ladnertrunk,,p2,t1,rod-s2,lbf_ladnertrunk__p2_t1_rod-s2,23,r,r/a,3,unknown ,bare,none,y,dm?,none,9404,Duncan MacNaughton,,,,y,unknown,
24-Jul-24,"Robin Glover, Annabelle Damude",26-Jul-24,"Annabelle Damude, Natalia Clermont",lbf_ladnertrunk,,p2,t1,rod-s2,lbf_ladnertrunk__p2_t1_rod-s2,22.5,r,r,2.5,unknown ,dry_rooted,ABP-D,n,na ,none,9405,Duncan MacNaughton,,,,n,na,
24-Jul-24,"Robin Glover, Annabelle Damude",26-Jul-24,"Annabelle Damude, Natalia Clermont",lbf_ladnertrunk,,p2,t1,rod-s2,lbf_ladnertrunk__p2_t1_rod-s2,22,r,r,3,v,mulch,ABP-D,y,v,Continuous runway.,9406,Duncan MacNaughton,,,,y,A,
24-Jul-24,"Robin Glover, Annabelle Damude",26-Jul-24,"Annabelle Damude, Natalia Clermont",lbf_ladnertrunk,,p2,t1,rod-s3,lbf_ladnertrunk__p2_t1_rod-s3,41,l,r,2,dm,mulch,none,y,dm?,"faint tracks spotted, tracks are small",9407,Duncan MacNaughton,,,,y,unknown,
24-Jul-24,"Robin Glover, Annabelle Damude",26-Jul-24,"Annabelle Damude, Natalia Clermont",lbf_ladnertrunk,,p2,t1,rod-s3,lbf_ladnertrunk__p2_t1_rod-s3,42,l,r,2,dm,mulch,none,y,dm?,"tracks unclear, possibly hopping",9408,Duncan MacNaughton,,,,y,unknown,
24-Jul-24,"Robin Glover, Annabelle Damude",26-Jul-24,"Annabelle Damude, Natalia Clermont",lbf_ladnertrunk,,p2,t1,rod-s3,lbf_ladnertrunk__p2_t1_rod-s3,43,l,r,2,dm,mulch,none,y,dm?,"tracks unclear, possibly hopping",9409,Duncan MacNaughton,,,,y,unknown,
24-Jul-24,"Robin Glover, Annabelle Damude",26-Jul-24,"Annabelle Damude, Natalia Clermont",lbf_ladnertrunk,,p2,t1,rod-s3,lbf_ladnertrunk__p2_t1_rod-s3,44,l,r,2,dm,bare,none,y,dm?,connected to previous tracks,9410,Duncan MacNaughton,,,,y,unknown,
24-Jul-24,"Robin Glover, Annabelle Damude",26-Jul-24,"Annabelle Damude, Natalia Clermont",lbf_ladnertrunk,,p2,t1,rod-s3,lbf_ladnertrunk__p2_t1_rod-s3,45,l,r,2.5,dm,bare,none,y,dm/v?,"unclear, hopping tracks and smear","9411, 9414",Duncan MacNaughton,,,,y,A,
24-Jul-24,"Robin Glover, Annabelle Damude",26-Jul-24,"Annabelle Damude, Natalia Clermont",lbf_ladnertrunk,,p2,t1,rod-s5,lbf_ladnertrunk__p2_t1_rod-s5,90,r,r,4,v,bare,ABP-D,y,dm,hopping,9418,Duncan MacNaughton,,,,y,B,
24-Jul-24,"Robin Glover, Annabelle Damude",26-Jul-24,"Annabelle Damude, Natalia Clermont",lbf_ladnertrunk,,p2,t1,rod-s5,lbf_ladnertrunk__p2_t1_rod-s5,83,r,r,4,v,bare,none,y,dm?,Possible hopping.,9419,Duncan MacNaughton,,,,y,unknown,
24-Jul-24,"Robin Glover, Annabelle Damude",26-Jul-24,"Robin Glover, Duncan ",lbf_ladnertrunk,,p2,t2,rod-s1 ,lbf_ladnertrunk__p2_t2_rod-s1 ,0,l,r,2.5,unknown ,mulch,"ABP-D, blueberries",y,v,continuous track on tube,8075-8077,Duncan MacNaughton,,,,y,A,
24-Jul-24,"Robin Glover, Annabelle Damude",26-Jul-24,"Robin Glover, Duncan ",lbf_ladnertrunk,,p2,t2,rod-s1 ,lbf_ladnertrunk__p2_t2_rod-s1 ,3,l,r,4,unknown ,bare,ABP-D,unknown,v?,faint continuous track. Spider track,8080-8082,Duncan MacNaughton,,,,unknown,unknown,
24-Jul-24,"Robin Glover, Annabelle Damude",26-Jul-24,"Robin Glover, Duncan ",lbf_ladnertrunk,,p2,t2,rod-s1,lbf_ladnertrunk__p2_t2_rod-s1,3,l,r,2.5,unknown ,bare,ABP-D,n,na ,none,8083,Duncan MacNaughton,,,,n,na,
24-Jul-24,"Robin Glover, Annabelle Damude",26-Jul-24,"Robin Glover, Duncan ",lbf_ladnertrunk,,p2,t2,rod-s1,lbf_ladnertrunk__p2_t2_rod-s1,9,r,r,3,v,mulch,"ABP-D, runway",y,v,continous track. Clear,8084-8085,Duncan MacNaughton,,,,y,A,
24-Jul-24,"Robin Glover, Annabelle Damude",26-Jul-24,"Robin Glover, Duncan ",lbf_ladnertrunk,,p2,t2,rod-s2,lbf_ladnertrunk__p2_t2_rod-s2,23,l,r,2.5,unknown ,bare,ABP-D,y,v,continuous 1in trail connecting 2.1-2.4,8086-8087,Duncan MacNaughton,,,,y,A,
24-Jul-24,"Robin Glover, Annabelle Damude",26-Jul-24,"Robin Glover, Duncan ",lbf_ladnertrunk,,p2,t2,rod-s2,lbf_ladnertrunk__p2_t2_rod-s2,23,l,r,2.5,unknown ,bare,ABP-D,y,v,continuous 1in trail connecting 2.1-2.5,8086-8087,Duncan MacNaughton,,,,y,A,
24-Jul-24,"Robin Glover, Annabelle Damude",26-Jul-24,"Robin Glover, Duncan ",lbf_ladnertrunk,,p2,t2,rod-s2,lbf_ladnertrunk__p2_t2_rod-s2,23.5,l,r,3.5,v,dry_rooted,ABP-D,y,v,continuous 1in trail connecting 2.1-2.6,8087-8088,Duncan MacNaughton,,,,y,A,
24-Jul-24,"Robin Glover, Annabelle Damude",26-Jul-24,"Robin Glover, Duncan ",lbf_ladnertrunk,,p2,t2,rod-s2,lbf_ladnertrunk__p2_t2_rod-s2,23.5,l,r,3,v,dry_rooted,"ABP-D, runway",y,v,continuous 1in trail connecting 2.1-2.7,8087-8088,Duncan MacNaughton,,,,y,A,
24-Jul-24,"Robin Glover, Annabelle Damude",26-Jul-24,"Robin Glover, Duncan ",lbf_ladnertrunk,,p2,t2,rod-s2,lbf_ladnertrunk__p2_t2_rod-s2,26,l,r,1.5,dm,bare,none,n,na ,no distinct tracks,8089,Duncan MacNaughton,,,,n,na,
24-Jul-24,"Robin Glover, Annabelle Damude",26-Jul-24,"Robin Glover, Duncan ",lbf_ladnertrunk,,p2,t2,rod-s2,lbf_ladnertrunk__p2_t2_rod-s2,27,l,r,3.5,v,mulch,none,y,v,track leading to base of plant,8090,Duncan MacNaughton,,,,y,A,
24-Jul-24,"Robin Glover, Annabelle Damude",26-Jul-24,"Robin Glover, Duncan ",lbf_ladnertrunk,,p2,t2,rod-s2,lbf_ladnertrunk__p2_t2_rod-s2,28,l,r,4,v,mulch,none,n,na ,insect tracks (ants?),8091-8092,Duncan MacNaughton,,,,n,na,
24-Jul-24,"Robin Glover, Annabelle Damude",26-Jul-24,"Robin Glover, Duncan ",lbf_ladnertrunk,,p2,t2,rod-s2,lbf_ladnertrunk__p2_t2_rod-s2,28.2,l,r,2,dm,mulch,ABP-D,n,na ,No tracks.,8093,Duncan MacNaughton,,,,n,na,
24-Jul-24,"Robin Glover, Annabelle Damude",26-Jul-24,"Robin Glover, Duncan ",lbf_ladnertrunk,,p2,t2,rod-s2,lbf_ladnertrunk__p2_t2_rod-s2,28.4,l,r,4,v,bare,ABP-D,n,na ,No tracks.,8094,Duncan MacNaughton,,,,n,na,
24-Jul-24,"Robin Glover, Annabelle Damude",26-Jul-24,"Robin Glover, Duncan ",lbf_ladnertrunk,,p2,t2,rod-s2,lbf_ladnertrunk__p2_t2_rod-s2,29,l,r,3,unknown ,grass,none,n,na ,No tracks.,8095,Duncan MacNaughton,,,,n,na,
24-Jul-24,"Robin Glover, Annabelle Damude",26-Jul-24,"Robin Glover, Duncan ",lbf_ladnertrunk,,p2,t2,rod-s2,lbf_ladnertrunk__p2_t2_rod-s2,29,l,r,3.5,v,bare,ABP-D,y,v,continuous tracks,8096,Duncan MacNaughton,,,,y,A,
24-Jul-24,"Robin Glover, Annabelle Damude",26-Jul-24,"Robin Glover, Duncan ",lbf_ladnertrunk,,p2,t2,rod-s2,lbf_ladnertrunk__p2_t2_rod-s2,30,r,r,3,v?,bare,none,y,v,tracks leading to 2.13,8097-8098,Duncan MacNaughton,,,,y,A,
24-Jul-24,"Robin Glover, Annabelle Damude",26-Jul-24,"Robin Glover, Duncan ",lbf_ladnertrunk,,p2,t2,rod-s2,lbf_ladnertrunk__p2_t2_rod-s2,29.5,r,r,2.5,unknown ,bare,none,y,v,tracks leading to 2.12,8098-8099,Duncan MacNaughton,,,,y,A,
24-Jul-24,"Robin Glover, Annabelle Damude",26-Jul-24,"Robin Glover, Duncan ",lbf_ladnertrunk,,p2,t2,rod-s2,lbf_ladnertrunk__p2_t2_rod-s2,29,r,r,3,unknown ,bare,none,y,v,continuous tracks,8100,Duncan MacNaughton,,,,y,A,
24-Jul-24,"Robin Glover, Annabelle Damude",26-Jul-24,"Robin Glover, Duncan ",lbf_ladnertrunk,,p2,t2,rod-s2,lbf_ladnertrunk__p2_t2_rod-s2,25,r,r,2.5,unknown ,bare,none,n,na ,No tracks.,8101,Duncan MacNaughton,,,,n,na,
24-Jul-24,"Robin Glover, Annabelle Damude",26-Jul-24,"Robin Glover, Duncan ",lbf_ladnertrunk,,p2,t2,rod-s2,lbf_ladnertrunk__p2_t2_rod-s2,25,r,r,2.5,unknown ,bare,none,n,na ,No tracks.,8101,Duncan MacNaughton,,,,n,na,
24-Jul-24,"Robin Glover, Annabelle Damude",26-Jul-24,"Robin Glover, Duncan ",lbf_ladnertrunk,,p2,t2,rod-s2,lbf_ladnertrunk__p2_t2_rod-s2,24,r,r,1.5,dm,bare,ABP-D,n,na ,none,8102,Duncan MacNaughton,,,,n,na,
24-Jul-24,"Robin Glover, Annabelle Damude",26-Jul-24,"Robin Glover, Duncan ",lbf_ladnertrunk,,p2,t2,rod-s2,lbf_ladnertrunk__p2_t2_rod-s2,24,r,r,3,unknown ,mulch,ABP-D,y,v?,somewhat continuous tracks,8103-8104,Duncan MacNaughton,,,,y,A,
24-Jul-24,"Robin Glover, Annabelle Damude",26-Jul-24,"Robin Glover, Duncan ",lbf_ladnertrunk,,p2,t2,rod-s2,lbf_ladnertrunk__p2_t2_rod-s2,23,r,r,2.5,unknown ,bare,none,n,na ,No tracks.,8105,Duncan MacNaughton,,,,n,na,
24-Jul-24,"Robin Glover, Annabelle Damude",26-Jul-24,"Robin Glover, Duncan ",lbf_ladnertrunk,,p2,t2,rod-s3,lbf_ladnertrunk__p2_t2_rod-s3,40,l,r,3,v,bare,ABP-D,y,v,continuous,8106-8107,Duncan MacNaughton,,,,y,A,
24-Jul-24,"Robin Glover, Annabelle Damude",26-Jul-24,"Robin Glover, Duncan ",lbf_ladnertrunk,,p2,t2,rod-s3,lbf_ladnertrunk__p2_t2_rod-s3,40.5,l,r,2.5,unknown ,dry_grass,none,n,na ,No tracks.,8108,Duncan MacNaughton,,,,n,na,
24-Jul-24,"Robin Glover, Annabelle Damude",26-Jul-24,"Robin Glover, Duncan ",lbf_ladnertrunk,,p2,t2,rod-s3,lbf_ladnertrunk__p2_t2_rod-s3,41.5,l,r,5,v,mulch,none,y,v?,"faint tracks, not definitive",8109-8110,Duncan MacNaughton,,,,y,unknown,
24-Jul-24,"Robin Glover, Annabelle Damude",26-Jul-24,"Robin Glover, Duncan ",lbf_ladnertrunk,,p2,t2,rod-s3,lbf_ladnertrunk__p2_t2_rod-s3,42,l,r,5,v,mulch,none,n,na ,No tracks.,8111,Duncan MacNaughton,,,,n,na,
24-Jul-24,"Robin Glover, Annabelle Damude",26-Jul-24,"Robin Glover, Duncan ",lbf_ladnertrunk,,p2,t2,rod-s3,lbf_ladnertrunk__p2_t2_rod-s3,47,l,r,2.5,unknown ,mulch,ABP-D,n,na ,none,8112,Duncan MacNaughton,,,,n,na,
24-Jul-24,"Robin Glover, Annabelle Damude",26-Jul-24,"Robin Glover, Duncan ",lbf_ladnertrunk,,p2,t2,rod-s3,lbf_ladnertrunk__p2_t2_rod-s3,48,l,r,4.5,v,mulch,ABP-D,y?,v?,tracks connecting to 3.7,8113,Duncan MacNaughton,,,,unknown,unknown,
24-Jul-24,"Robin Glover, Annabelle Damude",26-Jul-24,"Robin Glover, Duncan ",lbf_ladnertrunk,,p2,t2,rod-s3,lbf_ladnertrunk__p2_t2_rod-s3,48,l,r,3.5,unknown ,mulch,none,y?,v?,tracks connecting to 3.6,8113,Duncan MacNaughton,,,,unknown,unknown,
24-Jul-24,"Robin Glover, Annabelle Damude",26-Jul-24,"Robin Glover, Duncan ",lbf_ladnertrunk,,p2,t2,rod-s3,lbf_ladnertrunk__p2_t2_rod-s3,48,l,r,2.5,unknown ,mulch,ABP-D,y?,v?,tracks connecting to 3.9,8113-8114,Duncan MacNaughton,,,,y,unknown,
24-Jul-24,"Robin Glover, Annabelle Damude",26-Jul-24,"Robin Glover, Duncan ",lbf_ladnertrunk,,p2,t2,rod-s3,lbf_ladnertrunk__p2_t2_rod-s3,49,l,r,3,unknown ,mulch,ABP-D,y?,v?,tracks connecting to 3.8,8114-8115,Duncan MacNaughton,,,,y,unknown,
24-Jul-24,"Robin Glover, Annabelle Damude",26-Jul-24,"Robin Glover, Duncan ",lbf_ladnertrunk,,p2,t2,rod-s3,lbf_ladnertrunk__p2_t2_rod-s3,50,r,r,3.5,unknown ,mulch,ABP-D,n,na,No tracks.,8116,Duncan MacNaughton,,,,n,na,
24-Jul-24,"Robin Glover, Annabelle Damude",26-Jul-24,"Robin Glover, Duncan ",lbf_ladnertrunk,,p2,t2,rod-s3,lbf_ladnertrunk__p2_t2_rod-s3,48,r,r,3.5,unknown ,mulch,ABP-D,n,na,No tracks.,8117,Duncan MacNaughton,,,,n,na,
24-Jul-24,"Robin Glover, Annabelle Damude",26-Jul-24,"Robin Glover, Duncan ",lbf_ladnertrunk,,p2,t2,rod-s3,lbf_ladnertrunk__p2_t2_rod-s3,48,r,r,2.5,unknown ,mulch,ABP-D,n,na,No tracks.,8118,Duncan MacNaughton,,,,n,na,
24-Jul-24,"Robin Glover, Annabelle Damude",26-Jul-24,"Robin Glover, Duncan ",lbf_ladnertrunk,,p2,t2,rod-s3,lbf_ladnertrunk__p2_t2_rod-s3,47.5,r,r,2.5,unknown ,dry_grass,none,y?,v?,"very faint tracks, fairly continuous",8119-8120,Duncan MacNaughton,,,,unknown,unknown,
24-Jul-24,"Robin Glover, Annabelle Damude",26-Jul-24,"Robin Glover, Duncan ",lbf_ladnertrunk,,p2,t2,rod-s3,lbf_ladnertrunk__p2_t2_rod-s3,45,r,r,3.5,unknown ,mulch,ABP-D,n,na,No tracks.,8121,Duncan MacNaughton,,,,n,na,
24-Jul-24,"Robin Glover, Annabelle Damude",26-Jul-24,"Robin Glover, Duncan ",lbf_ladnertrunk,,p2,t2,rod-s3,lbf_ladnertrunk__p2_t2_rod-s3,41,r,r,2,dm,bare,ABP-D,y?,v?,faint track,8122-8123,Duncan MacNaughton,,,,y,A,
24-Jul-24,"Robin Glover, Annabelle Damude",26-Jul-24,"Robin Glover, Duncan ",lbf_ladnertrunk,,p2,t2,rod-s4,lbf_ladnertrunk__p2_t2_rod-s4,62,l,r,2.5,unknown ,bare,ABP-D,n,na,No tracks.,8124,Duncan MacNaughton,,,,n,na,
24-Jul-24,"Robin Glover, Annabelle Damude",26-Jul-24,"Robin Glover, Duncan ",lbf_ladnertrunk,,p2,t2,rod-s4,lbf_ladnertrunk__p2_t2_rod-s4,63,r,r,3.5,unknown ,dry_grass,ABP-D,n,na,No tracks.,8125,Duncan MacNaughton,,,,n,na,
24-Jul-24,"Robin Glover, Annabelle Damude",26-Jul-24,"Robin Glover, Duncan ",lbf_ladnertrunk,,p2,t2,rod-s5,lbf_ladnertrunk__p2_t2_rod-s5,80,l,r,2,unknown ,mulch,none,n,na,No tracks.,8126,Duncan MacNaughton,,,,n,na,
24-Jul-24,"Robin Glover, Annabelle Damude",26-Jul-24,"Robin Glover, Duncan ",lbf_ladnertrunk,,p2,t2,rod-s5,lbf_ladnertrunk__p2_t2_rod-s5,80.2,l,r,1.5,dm,mulch,none,n,na,No tracks.,8127,Duncan MacNaughton,,,,n,na,
24-Jul-24,"Robin Glover, Annabelle Damude",26-Jul-24,"Robin Glover, Duncan ",lbf_ladnertrunk,,p2,t2,rod-s5,lbf_ladnertrunk__p2_t2_rod-s5,80.2,l,r,3,unknown ,mulch,ABP-D,n,na,No tracks.,8127,Duncan MacNaughton,,,,n,na,
24-Jul-24,"Robin Glover, Annabelle Damude",26-Jul-24,"Robin Glover, Duncan ",lbf_ladnertrunk,,p2,t2,rod-s5,lbf_ladnertrunk__p2_t2_rod-s5,82,l,r,2.5,unknown ,dry_grass,ABP-D,n,na,No tracks.,8128,Duncan MacNaughton,,,,n,na,
24-Jul-24,"Robin Glover, Annabelle Damude",26-Jul-24,"Robin Glover, Duncan ",lbf_ladnertrunk,,p2,t2,rod-s5,lbf_ladnertrunk__p2_t2_rod-s5,82,l,r,3,unknown ,dry_grass,none,n,na,No tracks.,8128,Duncan MacNaughton,,,,n,na,
24-Jul-24,"Robin Glover, Annabelle Damude",26-Jul-24,"Robin Glover, Duncan ",lbf_ladnertrunk,,p2,t2,rod-s5,lbf_ladnertrunk__p2_t2_rod-s5,90,l,r,2.5,unknown ,mulch,ABP-D,y,v?,none,8129-8130,Duncan MacNaughton,,,,y,A,
24-Jul-24,"Robin Glover, Annabelle Damude",26-Jul-24,"Robin Glover, Duncan ",lbf_ladnertrunk,,p2,t2,rod-s5,lbf_ladnertrunk__p2_t2_rod-s5,90,l,r,3.5,unknown ,mulch,ABP-D,y,v?,none,8132-8133,Duncan MacNaughton,,,,y,unknown,
24-Jul-24,"Robin Glover, Annabelle Damude",26-Jul-24,"Robin Glover, Duncan ",lbf_ladnertrunk,,p2,t2,rod-s5,lbf_ladnertrunk__p2_t2_rod-s5,90,l,r,2,v,mulch,"ABP-D, runway",y,v,none,8132-8133,Duncan MacNaughton,,,,y,A,
24-Jul-24,"Robin Glover, Annabelle Damude",26-Jul-24,"Robin Glover, Duncan ",lbf_ladnertrunk,,p2,t2,rod-s5,lbf_ladnertrunk__p2_t2_rod-s5,90,r,r,2.5,unknown ,mulch,ABP-D,n,na,slug trail connecting to 5.10,8135-8136,Duncan MacNaughton,,,,n,na,
24-Jul-24,"Robin Glover, Annabelle Damude",26-Jul-24,"Robin Glover, Duncan ",lbf_ladnertrunk,,p2,t2,rod-s5,lbf_ladnertrunk__p2_t2_rod-s5,90,r,r,3,unknown ,mulch,ABP-D,n,na,slug trail connecting to 5.9,8135-8136,Duncan MacNaughton,,,,n,na,
24-Jul-24,"Robin Glover, Annabelle Damude",26-Jul-24,"Robin Glover, Duncan ",lbf_ladnertrunk,,p2,t2,rod-s5,lbf_ladnertrunk__p2_t2_rod-s5,80,r,r,2,unknown ,dry_grass,none,n,na,No tracks.,8138,Duncan MacNaughton,,,,n,na,
24-Jul-24,"Robin Glover, Annabelle Damude",26-Jul-24,"Robin Glover, Duncan ",lbf_ladnertrunk,,p2,t2,rod-s5,lbf_ladnertrunk__p2_t2_rod-s5,85,r,r,4,v,bare,none,n,na,No tracks.,8137,Duncan MacNaughton,,,,n,na,
6-Aug-24,"Robin Glover, Annabelle Damude",8-Aug-24,Robin Glover ,surjit_168,,p1,t1,rod-s5,surjit_168__p1_t1_rod-s5,90,r,r,3.5,v,mulch,ABP-D,n,na ,Ants? Lots of thin continuous trails.,2995-2999,Robin Glover,,,,n,na,
6-Aug-24,"Robin Glover, Annabelle Damude",8-Aug-24,Robin Glover ,surjit_168,,p1,t2,rod-s1 ,surjit_168__p1_t2_rod-s1 ,0,l,r,3,v,bare,ABP-D,n?,na ,Ants? Beetle? One hop? Thin continuous trail.,3002-3008,Robin Glover,,,,n,na,
6-Aug-24,"Robin Glover, Annabelle Damude",8-Aug-24,Robin Glover ,surjit_168,,p1,t2,rod-s1 ,surjit_168__p1_t2_rod-s1 ,1,l,r,3,v,bare,ABP-D,n,na ,Ants?,3009,Robin Glover,,,,n,na,
6-Aug-24,"Robin Glover, Annabelle Damude",8-Aug-24,Robin Glover ,surjit_168,,p1,t2,rod-s1,surjit_168__p1_t2_rod-s1,2,l,r,2.5,unknown ,bare,ABP-D,n,na ,"Ant, beetle?",3010-3011,Robin Glover,,,,n,na,
6-Aug-24,"Robin Glover, Annabelle Damude",8-Aug-24,Robin Glover ,surjit_168,,p1,t2,rod-s1,surjit_168__p1_t2_rod-s1,5,r,r,4.5,v,bare,"ABP-D, a little spilled powder",n,na ,ant,3015-3017,Robin Glover,,,,n,na,
6-Aug-24,"Robin Glover, Annabelle Damude",8-Aug-24,Robin Glover ,surjit_168,,p1,t2,rod-s1,surjit_168__p1_t2_rod-s1,4,r,r,3,v,moss,distinct,n,na ,ant,3012-3014,Robin Glover,,,,n,na,
6-Aug-24,"Robin Glover, Annabelle Damude",8-Aug-24,Robin Glover ,surjit_168,,p1,t2,rod-s2,surjit_168__p1_t2_rod-s2,26,r,r,2.5,unknown ,bare,ABP-D,n?,na ,ants. thicker trail to left but likely just spray,3023-3026,Robin Glover,,,,n,na,
6-Aug-24,"Robin Glover, Annabelle Damude",8-Aug-24,Robin Glover ,surjit_168,,p1,t2,rod-s2,surjit_168__p1_t2_rod-s2,24,r,r,2,dm,bare,ABP-D,n?,na ,"ants. one thicker loop, maybe rodent? maybe just lots of ants",3018-3022,Robin Glover,,,,n,na,
6-Aug-24,"Robin Glover, Annabelle Damude",8-Aug-24,Robin Glover ,surjit_168,,p1,t2,rod-s3,surjit_168__p1_t2_rod-s3,40,l,r,2.5,unknown ,bare,ABP-D,y,v? dm,continuous alternating tracks leading to 3.2. some footprints. also neon beetle in bush.,3027-3032,Robin Glover,,,,y,A,
6-Aug-24,"Robin Glover, Annabelle Damude",8-Aug-24,Robin Glover ,surjit_168,,p1,t2,rod-s3,surjit_168__p1_t2_rod-s3,40.5,l,r,2.5,unknown ,bare,none,y,v? dm,same as above,3028-3033,Robin Glover,,,,y,A,
6-Aug-24,"Robin Glover, Annabelle Damude",8-Aug-24,Robin Glover ,surjit_168,,p1,t2,rod-s3,surjit_168__p1_t2_rod-s3,41,l,r,2.5,unknown ,bare,ABP-D,y,v? dm,tracks up to irrigation tube. footprints. also ants. tracks lead to 3.4,3034-3042,Robin Glover,,,,y,A,
6-Aug-24,"Robin Glover, Annabelle Damude",8-Aug-24,Robin Glover ,surjit_168,,p1,t2,rod-s3,surjit_168__p1_t2_rod-s3,42,l,r,2.5,unknown ,bare,ABP-D,y,v? dm,tracks connect to 3.5,3043-3047,Robin Glover,,,,y,unknown,
6-Aug-24,"Robin Glover, Annabelle Damude",8-Aug-24,Robin Glover ,surjit_168,,p1,t2,rod-s3,surjit_168__p1_t2_rod-s3,42.1,l,r,3,v,bare,ABP-D,y,v? dm,footprints on irrigation tube,3043-3047,Robin Glover,,,,y,unknown,
6-Aug-24,"Robin Glover, Annabelle Damude",8-Aug-24,Robin Glover ,surjit_168,,p1,t2,rod-s3,surjit_168__p1_t2_rod-s3,43,l,r,3,v,bare,none,y,v? dm,tracks lead to 3.5,3048-3050,Robin Glover,,,,y,unknown,
6-Aug-24,"Robin Glover, Annabelle Damude",8-Aug-24,Robin Glover ,surjit_168,,p1,t2,rod-s3,surjit_168__p1_t2_rod-s3,43.5,l,r,2,unknown ,bare,none,y,v? dm,continuous alternating tracks leading to 3.2. some footprints. also neon beetle in bush.,3051-3056,Robin Glover,,,,y,unknown,
6-Aug-24,"Robin Glover, Annabelle Damude",8-Aug-24,Robin Glover ,surjit_168,,p1,t2,rod-s3,surjit_168__p1_t2_rod-s3,44,l,r,2.5,unknown ,bare,none,n,na ,powder spray?,3055-3056,Robin Glover,,,,n,na,
6-Aug-24,"Robin Glover, Annabelle Damude",8-Aug-24,"Robin, Natalia Clermont, Annabelle Damude",surjit_168,,p1,t2,rod-s3,surjit_168__p1_t2_rod-s3,50,l,r,2.5,unknown ,bare,ABP-D,n,na ,powder spray?,9586,Natalia Clermont,,,,n,na,
6-Aug-24,"Robin Glover, Annabelle Damude",8-Aug-24,"Robin, Natalia Clermont, Annabelle Damude",surjit_168,,p1,t2,rod-s4,surjit_168__p1_t2_rod-s4,60,l,r,2.5,unknown ,bare,ABP-D,n,na,"diffuse dusting, insect track",9587,Natalia Clermont,,,,n,na,
6-Aug-24,"Robin Glover, Annabelle Damude",8-Aug-24,"Robin, Natalia Clermont, Annabelle Damude",surjit_168,,p1,t2,rod-s4,surjit_168__p1_t2_rod-s4,61,l,r,2.5,unknown ,bare,none,n,ant?,"diffuse, one thicker trail",3057-3058,Robin Glover,,,,n,na,
6-Aug-24,"Robin Glover, Annabelle Damude",8-Aug-24,"Robin, Natalia Clermont, Annabelle Damude",surjit_168,,p1,t2,rod-s4,surjit_168__p1_t2_rod-s4,70,r,r,2.5,unknown ,bare,none,maybe,unknown,"diffuse spray, tracks from 4.4/4.5",9588-9591,Natalia Clermont,,,,y,A,
6-Aug-24,"Robin Glover, Annabelle Damude",8-Aug-24,"Robin, Natalia Clermont, Annabelle Damude",surjit_168,,p1,t2,rod-s4,surjit_168__p1_t2_rod-s4,67,r,r,2,dm,bare,none,y,v?,footprints,3059,Robin Glover,,,,y,A,
6-Aug-24,"Robin Glover, Annabelle Damude",8-Aug-24,"Robin, Natalia Clermont, Annabelle Damude",surjit_168,,p1,t2,rod-s4,surjit_168__p1_t2_rod-s4,66.8,r,r,2.5,unknown ,bare,none,y,v?,footprints,3064,Robin Glover,,,,y,A,
6-Aug-24,"Robin Glover, Annabelle Damude",8-Aug-24,"Robin, Natalia Clermont, Annabelle Damude",surjit_168,,p1,t2,rod-s5,surjit_168__p1_t2_rod-s5,81,l,r,3,unknown ,bare,ABP-D,y,unknown,faint trail to left,9592,Natalia Clermont,,,,n,na,
6-Aug-24,"Robin Glover, Annabelle Damude",8-Aug-24,"Robin, Natalia Clermont, Annabelle Damude",surjit_168,,p1,t2,rod-s5,surjit_168__p1_t2_rod-s5,82,l,r,2,unknown ,bare,ABP-D,y,v?,"continuous, connected to 5.3, hops","3065-3066, 3071",Robin Glover,,,,y,A,
6-Aug-24,"Robin Glover, Annabelle Damude",8-Aug-24,"Robin, Natalia Clermont, Annabelle Damude",surjit_168,,p1,t2,rod-s5,surjit_168__p1_t2_rod-s5,82.2,l,r,3,unknown ,bare,none,y,unknown,"tracks on the tube, not distinct",9593,Natalia Clermont,,,,unknown,unknown,
6-Aug-24,"Robin Glover, Annabelle Damude",8-Aug-24,"Robin, Natalia Clermont, Annabelle Damude",surjit_168,,p1,t2,rod-s5,surjit_168__p1_t2_rod-s5,82.4,l,r,2.5,unknown ,bare,none,y,dm? v?,hopping or alternating,9595,Natalia Clermont,,,,y,unknown,
6-Aug-24,"Robin Glover, Annabelle Damude",8-Aug-24,"Robin, Natalia Clermont, Annabelle Damude",surjit_168,,p1,t2,rod-s5,surjit_168__p1_t2_rod-s5,82.5,l,r,2,dm,bare,ABP-D,y,unknown,"unclear, lots of spray",9596-9597,Natalia Clermont,,,,unknown,unknown,
6-Aug-24,"Robin Glover, Annabelle Damude",8-Aug-24,"Robin, Natalia Clermont, Annabelle Damude",surjit_168,,p1,t2,rod-s5,surjit_168__p1_t2_rod-s5,82.6,l,r,2,dm,bare,none,y,unknown,"unclear, lots of spray",9596-9597,Natalia Clermont,,,,unknown,unknown,
6-Aug-24,"Robin Glover, Annabelle Damude",8-Aug-24,"Robin, Natalia Clermont, Annabelle Damude",surjit_168,,p1,t2,rod-s5,surjit_168__p1_t2_rod-s5,87,l,r,3,unknown ,root,"ABP-D, between 2 roots, clear hole beside but out of bounds",y,unknown,"tracks on tube, not distinct",9598-9599,Natalia Clermont,,,,unknown,unknown,
6-Aug-24,"Robin Glover, Annabelle Damude",8-Aug-24,"Robin, Natalia Clermont, Annabelle Damude",surjit_168,,p1,t2,rod-s5,surjit_168__p1_t2_rod-s5,87,r,r,2,dm,bare,none,y,v?,tracks look alternating and continue on tube.,3072-3076,Robin Glover,,,,y,A,
6-Aug-24,"Robin Glover, Annabelle Damude",8-Aug-24,"Natalia Clermont, Annabelle Damude",surjit_168,,p2,t1,rod-s1 ,surjit_168__p2_t1_rod-s1 ,2,l,r,3,v,bare,none,y,dm,hopping tracks,9558,Natalia Clermont,,,,unknown,unknown,
6-Aug-24,"Robin Glover, Annabelle Damude",8-Aug-24,"Natalia Clermont, Annabelle Damude",surjit_168,,p2,t1,rod-s1 ,surjit_168__p2_t1_rod-s1 ,3,l,r,1.5,dm,bare,ABP-D,y,unknown,"unclear, diffuse, possible hops",9560,Natalia Clermont,,,,unknown,unknown,
6-Aug-24,"Robin Glover, Annabelle Damude",8-Aug-24,"Natalia Clermont, Annabelle Damude",surjit_168,,p2,t1,rod-s2,surjit_168__p2_t1_rod-s2,20,l,r,3,v,bare,ABP-D,y,dm?,tracks,9563-9564,Natalia Clermont,,,,y,A,
6-Aug-24,"Robin Glover, Annabelle Damude",8-Aug-24,"Natalia Clermont, Annabelle Damude",surjit_168,,p2,t1,rod-s2,surjit_168__p2_t1_rod-s2,21,l,r,3,v,m,ABP-D,y,dm?,connects to 2.1 via tracks,9565,Natalia Clermont,,,,y,unknown,
6-Aug-24,"Robin Glover, Annabelle Damude",8-Aug-24,"Natalia Clermont, Annabelle Damude",surjit_168,,p2,t1,rod-s2,surjit_168__p2_t1_rod-s2,26,l,r,2.5,v,bare,distinct,y,unknown,possible ant tracks or tail,9566,Natalia Clermont,,,,n,na,
6-Aug-24,"Robin Glover, Annabelle Damude",8-Aug-24,"Natalia Clermont, Annabelle Damude",surjit_168,,p2,t1,rod-s3,surjit_168__p2_t1_rod-s3,42,l,r,3.5,v,bare,ABP-D,y,dm?,tracks on tube leading to 3.5,9567-9570,Natalia Clermont,,,,y,A,
6-Aug-24,"Robin Glover, Annabelle Damude",8-Aug-24,"Natalia Clermont, Annabelle Damude",surjit_168,,p2,t1,rod-s3,surjit_168__p2_t1_rod-s3,42,l,r,3,v,bare,ABP-D,y,dm?,same as above,9567-9570,Natalia Clermont,,,,y,A,
6-Aug-24,"Robin Glover, Annabelle Damude",8-Aug-24,"Natalia Clermont, Annabelle Damude",surjit_168,,p2,t1,rod-s3,surjit_168__p2_t1_rod-s3,42,l,r,3,v,bare,ABP-D,y,dm?,same as above,9567-9570,Natalia Clermont,,,,y,A,
6-Aug-24,"Robin Glover, Annabelle Damude",8-Aug-24,"Natalia Clermont, Annabelle Damude",surjit_168,,p2,t1,rod-s3,surjit_168__p2_t1_rod-s3,42,l,r,3.5,v,bare,ABP-D,y,dm?,same as above,9567-9570,Natalia Clermont,,,,y,A,
6-Aug-24,"Robin Glover, Annabelle Damude",8-Aug-24,"Natalia Clermont, Annabelle Damude",surjit_168,,p2,t1,rod-s3,surjit_168__p2_t1_rod-s3,43,l,r,3,v,bare,none,y,dm?,tracks from last holes,9571,Natalia Clermont,,,,y,A,
6-Aug-24,"Robin Glover, Annabelle Damude",8-Aug-24,"Natalia Clermont, Annabelle Damude",surjit_168,,p2,t1,rod-s3,surjit_168__p2_t1_rod-s3,41,r,r,1.5,dm,bare,none,y,unknown,tracks on pipe,9572,Natalia Clermont,,,,y,unknown,
6-Aug-24,"Robin Glover, Annabelle Damude",8-Aug-24,"Natalia Clermont, Annabelle Damude",surjit_168,,p2,t1,rod-s4,surjit_168__p2_t1_rod-s4,70,r,r,2,dm,bare,none,y,unknown,tail or slug,9573,Natalia Clermont,,,,n,na,
6-Aug-24,"Robin Glover, Annabelle Damude",8-Aug-24,"Natalia Clermont, Annabelle Damude",surjit_168,,p2,t1,rod-s5,surjit_168__p2_t1_rod-s5,81,l,r,2.5,v,bare,none,y,dm?,tracks lead to 5.2,9574-9575,Natalia Clermont,,,,y,A,
6-Aug-24,"Robin Glover, Annabelle Damude",8-Aug-24,"Natalia Clermont, Annabelle Damude",surjit_168,,p2,t1,rod-s5,surjit_168__p2_t1_rod-s5,82,l,r,2,dm,moss,none,y,dm?,tracks from 5.1,9576-9578,Natalia Clermont,,,,y,A,
6-Aug-24,"Robin Glover, Annabelle Damude",8-Aug-24,"Natalia Clermont, Annabelle Damude",surjit_168,,p2,t1,rod-s5,surjit_168__p2_t1_rod-s5,83,l,r,2,dm,bare,ABP-D,y,dm?,tracks on tube,9579-9581,Natalia Clermont,,,,y,A,
6-Aug-24,"Robin Glover, Annabelle Damude",8-Aug-24,"Natalia Clermont, Annabelle Damude",surjit_168,,p2,t1,rod-s5,surjit_168__p2_t1_rod-s5,83.5,l,r,2,dm,bare,none,y,dm?,tracks on tube,9579-9581,Natalia Clermont,,,,y,A,
6-Aug-24,"Robin Glover, Annabelle Damude",8-Aug-24,"Natalia Clermont, Annabelle Damude",surjit_168,,p2,t1,rod-s5,surjit_168__p2_t1_rod-s5,90,l,r,2,dm,moss,none,y,dm,tracks from 5.3/5.4 lead to hole. Hops from hole too. Hops along tube.,9583-9585,Natalia Clermont,,,,y,B,
6-Aug-24,"Robin Glover, Annabelle Damude",8-Aug-24,"Natalia Clermont, Annabelle Damude",surjit_168,,p2,t2,rod-s1 ,surjit_168__p2_t2_rod-s1 ,1,l,r,1,dm,bare,none,y?,unknown,could be active or just excess spray,9540-9541,Natalia Clermont,,,,n,na,
6-Aug-24,"Robin Glover, Annabelle Damude",8-Aug-24,"Natalia Clermont, Annabelle Damude",surjit_168,,p2,t2,rod-s1 ,surjit_168__p2_t2_rod-s1 ,5,l,r,3.5,v,bare,none,y,dm?,clear tracks,9542,Natalia Clermont,,,,y,unknown,
6-Aug-24,"Robin Glover, Annabelle Damude",8-Aug-24,"Natalia Clermont, Annabelle Damude",surjit_168,,p2,t2,rod-s1,surjit_168__p2_t2_rod-s1,5.2,l,r,2,unknown ,bare,none,y,dm?,clear tracks,9543,Natalia Clermont,,,,y,unknown,
6-Aug-24,"Robin Glover, Annabelle Damude",8-Aug-24,"Natalia Clermont, Annabelle Damude",surjit_168,,p2,t2,rod-s1,surjit_168__p2_t2_rod-s1,6,l,r,2.5,unknown ,bare,ABP-D,y,dm?,clear tracks,9544-9547,Natalia Clermont,,,,y,A,
6-Aug-24,"Robin Glover, Annabelle Damude",8-Aug-24,"Natalia Clermont, Annabelle Damude",surjit_168,,p2,t2,rod-s1,surjit_168__p2_t2_rod-s1,9,l,r,2.5,unknown ,bare,none,y,unknown,"unclear, possible tail or ant",9548,Natalia Clermont,,,,n,na,
6-Aug-24,"Robin Glover, Annabelle Damude",8-Aug-24,"Natalia Clermont, Annabelle Damude",surjit_168,,p2,t2,rod-s1,surjit_168__p2_t2_rod-s1,9,r,r,3,unknown ,bare,ABP-D,y,unknown,"unclear, diffuse",9549,Natalia Clermont,,,,n,na,
6-Aug-24,"Robin Glover, Annabelle Damude",8-Aug-24,"Natalia Clermont, Annabelle Damude",surjit_168,,p2,t2,rod-s2,surjit_168__p2_t2_rod-s2,29,r,r,2.5,unknown ,bare,ABP-D,y,unknown,"unclear, diffuse",9551,Natalia Clermont,,,,n,na,
6-Aug-24,"Robin Glover, Annabelle Damude",8-Aug-24,"Natalia Clermont, Annabelle Damude",surjit_168,,p2,t2,rod-s2,surjit_168__p2_t2_rod-s2,27,r,r,2,dm,bare,ABP-D,y,unknown,spread in all directions,9552,Natalia Clermont,,,,n,na,
6-Aug-24,"Robin Glover, Annabelle Damude",8-Aug-24,"Natalia Clermont, Annabelle Damude",surjit_168,,p2,t2,rod-s4,surjit_168__p2_t2_rod-s4,61,l,r,3,v,bare,none,y,v?,"continuous trail downwards, but possible hops",9554-9555,Natalia Clermont,,,,unknown,unknown,
6-Aug-24,"Robin Glover, Annabelle Damude",8-Aug-24,"Natalia Clermont, Annabelle Damude",surjit_168,,p2,t2,rod-s4,surjit_168__p2_t2_rod-s4,61,l,r,3,v,bare,none,y,v?,same as above,9554-9555,Natalia Clermont,,,,unknown,unknown,
6-Aug-24,"Robin Glover, Annabelle Damude",8-Aug-24,"Natalia Clermont, Annabelle Damude",surjit_168,,p2,t2,rod-s4,surjit_168__p2_t2_rod-s4,67,l,r,3,unknown ,bare,none,y,unknown,"unclear, diffuse, possible the wind?",9556,Natalia Clermont,,,,n,na,
6-Aug-24,"Robin Glover, Annabelle Damude",8-Aug-24,"Natalia Clermont, Annabelle Damude",avtar_168,,p1,t1,rod-s1 ,avtar_168__p1_t1_rod-s1 ,3,r,r,4.5,v,mulch,none,y,unknown,unclear,9600,Natalia Clermont,,,,unknown,unknown,
6-Aug-24,"Robin Glover, Annabelle Damude",8-Aug-24,"Natalia Clermont, Annabelle Damude",avtar_168,,p1,t1,rod-s1 ,avtar_168__p1_t1_rod-s1 ,3.2,r,r,3,unknown ,mulch,none,y,unknown,unclear trail to back,9600,Natalia Clermont,,,,unknown,unknown,
6-Aug-24,"Robin Glover, Annabelle Damude",8-Aug-24,"Natalia Clermont, Annabelle Damude",avtar_168,,p1,t1,rod-s1,avtar_168__p1_t1_rod-s1,8,r,r,3,unknown ,mulch,"attached to next two holes, maybe dug out by coyote",y,unknown,"unclear trail to back, possible alternating",9601-9602,Natalia Clermont,,,,unknown,unknown,
6-Aug-24,"Robin Glover, Annabelle Damude",8-Aug-24,"Natalia Clermont, Annabelle Damude",avtar_168,,p1,t1,rod-s1,avtar_168__p1_t1_rod-s1,8,r,r,3,unknown ,mulch,same as above,y,unknown,same as above,9601-9602,Natalia Clermont,,,,unknown,unknown,
6-Aug-24,"Robin Glover, Annabelle Damude",8-Aug-24,"Natalia Clermont, Annabelle Damude",avtar_168,,p1,t1,rod-s1,avtar_168__p1_t1_rod-s1,8,r,r,4.5,unknown ,mulch,same as above,y,unknown,same as above,9601-9602,Natalia Clermont,,,,unknown,unknown,
6-Aug-24,"Robin Glover, Annabelle Damude",8-Aug-24,"Natalia Clermont, Annabelle Damude",avtar_168,,p1,t1,rod-s2,avtar_168__p1_t1_rod-s2,27,r,r,2,dm,bare,distinct,n,na,no clear trail. possible spray,9603,Natalia Clermont,,,,n,na,
6-Aug-24,"Robin Glover, Annabelle Damude",8-Aug-24,"Natalia Clermont, Annabelle Damude",avtar_168,,p1,t1,rod-s2,avtar_168__p1_t1_rod-s2,26,r,r,3.5,unknown ,mulch,"spider web in hole, irrigation tube chewed nearby (photo in RG phone). 2 holes attached in same hole",n,na,no tracks. spiderwebs.,9605,Natalia Clermont,,,,n,na,
6-Aug-24,"Robin Glover, Annabelle Damude",8-Aug-24,"Natalia Clermont, Annabelle Damude",avtar_168,,p1,t1,rod-s2,avtar_168__p1_t1_rod-s2,26,r,r,3,unknown ,mulch,same as above,n,na,same as above,9605,Natalia Clermont,,,,n,na,
6-Aug-24,"Robin Glover, Annabelle Damude",8-Aug-24,"Natalia Clermont, Annabelle Damude",avtar_168,,p1,t1,rod-s2,avtar_168__p1_t1_rod-s2,27.5,r,r,2.5,dm,bare,none,maybe,v?,"unclear, possible continuous track",9604,Natalia Clermont,,,,unknown,unknown,
6-Aug-24,"Robin Glover, Annabelle Damude",8-Aug-24,"Natalia Clermont, Annabelle Damude",avtar_168,,p1,t1,rod-s2,avtar_168__p1_t1_rod-s2,25.5,r,r,3.5,unknown ,mulch,none,n,na,no tracks. filled hole?,9606,Natalia Clermont,,,,unknown,unknown,
6-Aug-24,"Robin Glover, Annabelle Damude",8-Aug-24,"Natalia Clermont, Annabelle Damude",avtar_168,,p1,t1,rod-s2,avtar_168__p1_t1_rod-s2,23,r,r,3,dm,bare,distinct,y,v?,faint continuous trail,9607-9609,Natalia Clermont,,,,unknown,unknown,
6-Aug-24,"Robin Glover, Annabelle Damude",8-Aug-24,"Natalia Clermont, Annabelle Damude",avtar_168,,p1,t1,rod-s3,avtar_168__p1_t1_rod-s3,41,r,r,2,dm,bare,none,n,na,no tracks. spiderwebs.,9610,Natalia Clermont,,,,n,na,
6-Aug-24,"Robin Glover, Annabelle Damude",8-Aug-24,"Natalia Clermont, Annabelle Damude",avtar_168,,p1,t1,rod-s4,avtar_168__p1_t1_rod-s4,60,r,r,2.5,dm,mulch,none,n,na,no tracks. filled hole,9611,Natalia Clermont,,,,n,na,
6-Aug-24,"Robin Glover, Annabelle Damude",8-Aug-24,"Natalia Clermont, Annabelle Damude",avtar_168,,p1,t2,rod-s1 ,avtar_168__p1_t2_rod-s1 ,6,r,r,2.5,v,mulch,ABP-D. Possible chewed pipe in alleyway,n,na,no tracks,9612,Natalia Clermont,,,,n,na,
6-Aug-24,"Robin Glover, Annabelle Damude",8-Aug-24,"Natalia Clermont, Annabelle Damude",avtar_168,,p1,t2,rod-s4,avtar_168__p1_t2_rod-s4,70,r,r,3,v,bare,possible dug out by coyote,n,na,no tracks,9615,Natalia Clermont,,,,n,na,
6-Aug-24,"Robin Glover, Annabelle Damude",8-Aug-24,"Natalia Clermont, Annabelle Damude",avtar_168,,p1,t2,rod-s5,avtar_168__p1_t2_rod-s5,90,r,r,3,v,mulch,"sawdust in hole (2955-2956, RG phone)",n,na,slug tracks,9614,Natalia Clermont,,,,n,na,
6-Aug-24,"Robin Glover, Annabelle Damude",8-Aug-24,"Natalia Clermont, Annabelle Damude",avtar_168,,p1,t2,rod-s5,avtar_168__p1_t2_rod-s5,85,r,r,2.5,dm,bare,none,n,na,no tracks,9613,Natalia Clermont,,,,n,na,
6-Aug-24,"Robin Glover, Annabelle Damude",8-Aug-24,Robin Glover,avtar_168,,p2,t1,rod-s1 ,avtar_168__p2_t1_rod-s1 ,7,l,r,4,v,bare,"coyote dug out, ground spider in hole",n?,na,potential continuous. spider here. no distinct tracks.,3083-3087,Robin Glover,,,,n,na,
6-Aug-24,"Robin Glover, Annabelle Damude",8-Aug-24,Robin Glover,avtar_168,,p2,t1,rod-s2,avtar_168__p2_t1_rod-s2,23,r,r,2,dm,bare,distinct,y,v,continuous. footprints,3088-3093,Robin Glover,,,,y,A,
6-Aug-24,"Robin Glover, Annabelle Damude",8-Aug-24,Robin Glover,avtar_168,,p2,t1,rod-s3,avtar_168__p2_t1_rod-s3,45,r,r,2.5,dm,bare,distinct,y,v?,possible hops?,3094-3100,Robin Glover,,,,y,unknown,
6-Aug-24,"Robin Glover, Annabelle Damude",8-Aug-24,Robin Glover,avtar_168,,p2,t1,rod-s4,avtar_168__p2_t1_rod-s4,68,l,r,4,v,bare,"runway, distinct",y,v,continuous trail,3101-3104,Robin Glover,,,,y,A,
6-Aug-24,"Robin Glover, Annabelle Damude",8-Aug-24,Robin Glover,avtar_168,,p2,t2,rod-s4,avtar_168__p2_t2_rod-s4,61,r,r,1.5,dm,bare,none,n?,na,dispersed. on plant. possible track?,3105-3111,Robin Glover,,,,n,na,
6-Aug-24,"Robin Glover, Annabelle Damude",8-Aug-24,Robin Glover,avtar_168,,p2,t2,rod-s5,avtar_168__p2_t2_rod-s5,82,l,r,3,v,bare,connected to next hole,y,v,continuous tracks (many),3112-3117,Robin Glover,,,,y,A,
6-Aug-24,"Robin Glover, Annabelle Damude",8-Aug-24,Robin Glover,avtar_168,,p2,t2,rod-s5,avtar_168__p2_t2_rod-s5,82,l,r,3,v,bare,connected to previous,y,v,continuous tracks (many),3112-3117,Robin Glover,,,,y,A,
7-Aug-24,"Robin Glover, Annabelle Damude",9-Aug-24,"Robin Glover, Natalia Clermont, Gaurav Singh-Varma",bks_56,,p1,t2,rod-s1 ,bks_56__p1_t2_rod-s1 ,7,l,r,2,unknown ,mulch,tracks along irrigation tube. powder blown left,n,na,ant,9629,Natalia Clermont,,,,n,na,
7-Aug-24,"Robin Glover, Annabelle Damude",9-Aug-24,"Robin Glover, Natalia Clermont, Gaurav Singh-Varma",bks_56,,p1,t2,rod-s1 ,bks_56__p1_t2_rod-s1 ,10,r,r,2.5,unknown ,mulch,powder blown right. along irrigation tube,y,dm?,continuous tracks to right.,,,,,,unknown,unknown,
7-Aug-24,"Robin Glover, Annabelle Damude",9-Aug-24,"Robin Glover, Natalia Clermont, Gaurav Singh-Varma",bks_56,,p1,t2,rod-s1 ,bks_56__p1_t2_rod-s1 ,10,r,r,3,unknown ,mulch,powder blown right. along irrigation tube,y,dm?,continuous tracks to left on irrigation tube. hops,9630-9632,Natalia Clermont,,,,y,A,
7-Aug-24,"Robin Glover, Annabelle Damude",9-Aug-24,"Robin Glover, Natalia Clermont, Gaurav Singh-Varma",bks_56,,p1,t2,rod-s2,bks_56__p1_t2_rod-s2,22,l,r,3,unknown ,mulch,powder blown left.,n,na,ant,3138-3140,Robin Glover,,,,n,na,
7-Aug-24,"Robin Glover, Annabelle Damude",9-Aug-24,"Robin Glover, Natalia Clermont, Gaurav Singh-Varma",bks_56,,p1,t2,rod-s3,bks_56__p1_t2_rod-s3,46,l,r,2,unknown ,mulch,powder blown down. along irrigation tube,n,na,ant,3141-3142,Robin Glover,,,,n,na,
7-Aug-24,"Robin Glover, Annabelle Damude",9-Aug-24,"Robin Glover, Natalia Clermont, Gaurav Singh-Varma",bks_56,,p1,t2,rod-s5,bks_56__p1_t2_rod-s5,84,r,r,2.5,unknown ,mulch,ABP-D. powder blown right.,y,dm,continuous tracks to lefts. hops. freshly dug. tracls on branch,3143-3148,Robin Glover,,,,y,B,
7-Aug-24,"Robin Glover, Annabelle Damude",9-Aug-24,"Robin Glover, Natalia Clermont, Gaurav Singh-Varma",bks_56,,p1,t1,rod-s3,bks_56__p1_t1_rod-s3,45,l,r,2,dm,mulch,ABP-D. powder blown down left.,y,unknown,possible hops with short continuous section,9618,Natalia Clermont,,,,unknown,unknown,
7-Aug-24,"Robin Glover, Annabelle Damude",9-Aug-24,"Robin Glover, Natalia Clermont, Gaurav Singh-Varma",bks_56,,p1,t1,rod-s3,bks_56__p1_t1_rod-s3,47,l,r,2,dm,mulch,near tube. powder blown left.,y,v,footprints on irrigation tube. continuous trail to second hole,9619-9622,Natalia Clermont,,,,y,A,
7-Aug-24,"Robin Glover, Annabelle Damude",9-Aug-24,"Robin Glover, Natalia Clermont, Gaurav Singh-Varma",bks_56,,p1,t1,rod-s4,bks_56__p1_t1_rod-s4,65,l,r,2,dm,mulch,near plant.,y,v,continuous trail behind hole,"9623, 9624, 9627",Natalia Clermont,,,,unknown,unknown,
7-Aug-24,"Robin Glover, Annabelle Damude",9-Aug-24,"Robin Glover, Natalia Clermont, Gaurav Singh-Varma",bks_56,,p2,t2,rod-s1 ,bks_56__p2_t2_rod-s1 ,7,r,r,2.5,unknown ,mulch,ABP-D. some powder blown to side,y,dm,faint hopping,3162-3164,Robin Glover,,,,y,B,
7-Aug-24,"Robin Glover, Annabelle Damude",9-Aug-24,"Robin Glover, Natalia Clermont, Gaurav Singh-Varma",bks_56,,p2,t2,rod-s2,bks_56__p2_t2_rod-s2,20,l,r,2,dm,mulch,none,y,dm,hopping/walking trail. clear print on tube,3165-3169,Robin Glover,,,,y,unknown,
7-Aug-24,"Robin Glover, Annabelle Damude",9-Aug-24,"Robin Glover, Natalia Clermont, Gaurav Singh-Varma",bks_56,,p2,t2,rod-s2,bks_56__p2_t2_rod-s2,29,l,r,2,dm,mulch,some powder spray to the left,y,unknown,very faint tracks,3170-3171,Robin Glover,,,,unknown,unknown,
7-Aug-24,"Robin Glover, Annabelle Damude",9-Aug-24,"Robin Glover, Natalia Clermont, Gaurav Singh-Varma",bks_56,,p2,t2,rod-s3,bks_56__p2_t2_rod-s3,43,l,r,2.5,unknown ,mulch,next to irrigation tube,n,na,ant,3172,Robin Glover,,,,n,na,
7-Aug-24,"Robin Glover, Annabelle Damude",9-Aug-24,"Robin Glover, Natalia Clermont, Gaurav Singh-Varma",bks_56,,p2,t2,rod-s3,bks_56__p2_t2_rod-s3,48,l,r,2.5,unknown ,mulch,next to irrigation tube. powder blown to left,y,dm,ant. tracks in next hole may be from this hole. ,3173-3176,Robin Glover,,,,y,unknown,
7-Aug-24,"Robin Glover, Annabelle Damude",9-Aug-24,"Robin Glover, Natalia Clermont, Gaurav Singh-Varma",bks_56,,p2,t2,rod-s3,bks_56__p2_t2_rod-s3,49,l,r,2.5,unknown ,mulch,next to irrigation tube. powder blown to left,unknown,dm,connected to previous trail by hopping trail. unclear if tracks are from previous hole. some powder on tube. slug in hole.,3177-3179,Robin Glover,,,,y,unknown,
7-Aug-24,"Robin Glover, Annabelle Damude",9-Aug-24,"Robin Glover, Natalia Clermont, Gaurav Singh-Varma",bks_56,,p2,t2,rod-s4,bks_56__p2_t2_rod-s4,66,l,r,2.5,unknown ,mulch,along irrigation tube,n,na,none,3180,Robin Glover,,,,n,na,
7-Aug-24,"Robin Glover, Annabelle Damude",9-Aug-24,"Robin Glover, Natalia Clermont, Gaurav Singh-Varma",bks_56,,p2,t2,rod-s1 ,bks_56__p2_t2_rod-s1 ,2,r,r,3,unknown ,mulch,along irrigation tube,y,dm,clear V-shaped hops. >2.5m trail. ,3158-3161,Robin Glover,,,,y,B,
7-Aug-24,"Robin Glover, Annabelle Damude",9-Aug-24,"Robin Glover, Natalia Clermont, Gaurav Singh-Varma",bks_56,,p2,t1,rod-s3,bks_56__p2_t1_rod-s3,48,l,r,2.5,unknown ,mulch,along a branch. powder blown to left.,n,na,ant trails,3149-3150,Robin Glover,,,,n,na,
7-Aug-24,"Robin Glover, Annabelle Damude",9-Aug-24,"Robin Glover, Natalia Clermont, Gaurav Singh-Varma",bks_56,,p2,t1,rod-s5,bks_56__p2_t1_rod-s5,83,l,r,2,dm,mulch,powder blown to left,y,dm,hopping to down left.,3156-3157,Robin Glover,,,,y,B,
12-Aug-24,Robin Glover,14-Aug-24,"Robin Glover, Christina Nakhla",sandhu_ladnertrunk,,p1,t1,rod-s1 ,sandhu_ladnertrunk__p1_t1_rod-s1 ,7,r,r,3,unknown ,mulch,ABP-D. Powder blown down right.,n,na,slug trails. no distinct rodent tracks.,3361-3366,Robin Glover,,,,n,na,
12-Aug-24,Robin Glover,14-Aug-24,"Robin Glover, Christina Nakhla",sandhu_ladnertrunk,,p1,t1,rod-s1 ,sandhu_ladnertrunk__p1_t1_rod-s1 ,7,r,r,3,unknown ,mulch,ABP-D. Slug in hole. Powder blown down right.,n,na,slug trails. no distinct rodent tracks.,,Robin Glover,,,,n,na,
12-Aug-24,Robin Glover,14-Aug-24,"Robin Glover, Christina Nakhla",sandhu_ladnertrunk,,p1,t1,rod-s3,sandhu_ladnertrunk__p1_t1_rod-s3,31,r,r,2.5,unknown ,mulch,Powder blown right,y,dm,indistinct trail in front of hole. clear hops behind.,3367-3373,Robin Glover,,,,y,B,
12-Aug-24,Robin Glover,14-Aug-24,"Robin Glover, Christina Nakhla",sandhu_ladnertrunk,,p1,t2,rod-s4,sandhu_ladnertrunk__p1_t2_rod-s4,69,r,r,4,v,mulch,slightly hidden by dead grass,y,dm,continuous trail by hole. clear hopping nearby. ant,3351-3360,Robin Glover,,,,y,B,
12-Aug-24,Robin Glover,14-Aug-24,"Robin Glover, Christina Nakhla",sandhu_ladnertrunk,,p2,t1,rod-s4,sandhu_ladnertrunk__p2_t1_rod-s4,70,r,r,2,dm,mulch,none,no?,na,no distinct rodent trail. patches of pigment.,3385-3387,Robin Glover,,,,n,na,
12-Aug-24,Robin Glover,14-Aug-24,"Robin Glover, Christina Nakhla",sandhu_ladnertrunk,,p2,t1,rod-s4,sandhu_ladnertrunk__p2_t1_rod-s4,60,r,r,4,v,bare,under irrigation tube,y,dm,distinct hop to continuous.,3374,Robin Glover,,,,y,B,
12-Aug-24,Robin Glover,14-Aug-24,"Robin Glover, Christina Nakhla",sandhu_ladnertrunk,,p2,t1,rod-s4,sandhu_ladnertrunk__p2_t1_rod-s4,60,r,r,1.5,dm,bare,widened crack with hole,y?,dm,no very distinct trail. one trail connecting to other hole.,3384,Robin Glover,,,,y,B,
1-Oct-24,Robin Glover,3-Oct-24,"Robin Glover, Christina Nakhla, Natalia Clermont",gwb_neaves,,p1,t1,rod-s1 ,gwb_neaves__p1_t1_rod-s1 ,2,r,r,6,v,bare,none,y,v,very long continuous trail.,4294,Robin Glover,,,,y,A,
1-Oct-24,Robin Glover,3-Oct-24,"Robin Glover, Christina Nakhla, Natalia Clermont",gwb_neaves,,p1,t1,rod-s1 ,gwb_neaves__p1_t1_rod-s1 ,1.7,r,r,2.5,dm,bare,beetle in hole,y,v,very long continuous trail.,4295-4297,Robin Glover,,,,y,A,
1-Oct-24,Robin Glover,3-Oct-24,"Robin Glover, Christina Nakhla, Natalia Clermont",gwb_neaves,,p1,t1,rod-s2,gwb_neaves__p1_t1_rod-s2,21,r,r/a,3,dm,bare,none,y,v,continuous trail across alleyway. clear footprints.,4298-4303,Robin Glover,,,,y,A,
1-Oct-24,Robin Glover,3-Oct-24,"Robin Glover, Christina Nakhla, Natalia Clermont",gwb_neaves,,p1,t1,rod-s3,gwb_neaves__p1_t1_rod-s3,49,l,r/a,3,dm,bare,none,n,na,dispersed spray. slug or ant trail.,4304-4306,Robin Glover,,,,n,na,
1-Oct-24,Robin Glover,3-Oct-24,"Robin Glover, Christina Nakhla, Natalia Clermont",gwb_neaves,,p1,t1,rod-s5,gwb_neaves__p1_t1_rod-s5,89,l,r,2,dm,bare,none,y,dm,hopping tracks in 3 directions.,4307-4311. 3223-3225,Robin Glover and Natalia Clermont,,,,y,B,
1-Oct-24,Robin Glover,3-Oct-24,"Robin Glover, Christina Nakhla, Natalia Clermont",gwb_neaves,,p1,t2,rod-s1 ,gwb_neaves__p1_t2_rod-s1 ,5,l,r,3,v,bare,distinct,y,dm,filled in with fresh soil. distinct hops. continuous overlapping tracks.,4312-4322,Robin Glover,,,,y,B,
1-Oct-24,Robin Glover,3-Oct-24,"Robin Glover, Christina Nakhla, Natalia Clermont",gwb_neaves,,p1,t2,rod-s4,gwb_neaves__p1_t2_rod-s4,62,r,r,2,dm,bare,ABP-D,na,na,forgot to add powder,none,None,,,,na,na,
1-Oct-24,Robin Glover,3-Oct-24,"Robin Glover, Christina Nakhla, Natalia Clermont",gwb_neaves,,p2,t2,rod-s1 ,gwb_neaves__p2_t2_rod-s1 ,5,l,r,2.5,unknown ,bare,none,n,na,Suspected toad tracks. Size of an open hand.,4323-4328. 3232,Robin Glover and Natalia Clermont,,,,n,na,
1-Oct-24,Robin Glover,3-Oct-24,"Robin Glover, Christina Nakhla, Natalia Clermont",bks_neaves,,p1,t2,rod-s1 ,bks_neaves__p1_t2_rod-s1 ,8,r,r,2,dm,bare,none,n,na,ant trail (or snake?). odd patches of powder -maybe bird?,4329-4333,Robin Glover,,,,n,na,
1-Oct-24,Robin Glover,3-Oct-24,"Robin Glover, Christina Nakhla, Natalia Clermont",bks_neaves,,p1,t2,rod-s1 ,bks_neaves__p1_t2_rod-s1 ,9,l,r,3,unknown ,bare,none,n,na,"filled in hole (maybe with dried berries). 1/2 in trail, slug or ant.",4334-4339,Robin Glover,,,,n,na,
1-Oct-24,Robin Glover,3-Oct-24,"Robin Glover, Christina Nakhla, Natalia Clermont",bks_neaves,,p2,t2,rod-s5,bks_neaves__p2_t2_rod-s5,80,r,r,1.5,dm,bare,none,n,na,ant track,4340-4343,Robin Glover,,,,n,na,
1-Oct-24,Robin Glover,3-Oct-24,"Robin Glover, Christina Nakhla, Natalia Clermont",bks_neaves,,p2,t2,rod-s5,bks_neaves__p2_t2_rod-s5,86,l,r,2,dm,bare,none,n,na,bird tracks,4344-4348,Robin Glover,,,,n,na,
