date_day,observers_day,date_night,observers_night,site_id,round,plot_id,transect_id,transect_section,burrow_code,location_m,location_side,row_alley,diameter_cm,species_guess,substrate,notes_hole,powder_active_field,powder_species_guess_field,notes_powder,photo_number,photo_location,powder_active_FI  L,powder_species_guess_FI  L,notes_extra_FI  L
17-Apr-24,"RG, AD",  ,  ,gwb_neaves,,d,t2,rod-s1,gwb_neaves__d_t2_rod-s1,0,  ,  ,2.5,  , ,rocky,,,,,,,,
17-Apr-24,"RG, AD",  ,  ,gwb_neaves,,d ,t2,rod-s1,gwb_neaves__d _t2_rod-s1,0.2,  ,  ,5,  , ,rocky,,,,,,,,
17-Apr-24,"RG, AD",  ,  ,gwb_neaves,,d,t2,rod-s1,gwb_neaves__d_t2_rod-s1,0.4,  ,  ,2.5,  , ,rocky,,,,,,,,
17-Apr-24,"RG, AD",  ,  ,gwb_neaves,,d,t2,rod-s1,gwb_neaves__d_t2_rod-s1,0.5,  ,  ,5,  , ,rocky,,,,,,,,
17-Apr-24,"RG, AD",  ,  ,gwb_neaves,,d ,t2,rod-s1,gwb_neaves__d _t2_rod-s1,5,  ,  ,2.5,  , ,rocky,,,,,,,,
17-Apr-24,"RG, AD",  ,  ,gwb_neaves,,d,t2,rod-s1,gwb_neaves__d_t2_rod-s1,7.5,  ,  ,2.5,  , ,rocky,,,,,,,,
17-Apr-24,"RG, AD",  ,  ,gwb_neaves,,d,t2,rod-s1,gwb_neaves__d_t2_rod-s1,6,  ,  ,2.5,  , ,rocky,,,,,,,,
17-Apr-24,"RG, AD",  ,  ,gwb_neaves,,d ,t2,rod-s1,gwb_neaves__d _t2_rod-s1,5,  ,  ,2.5,  , ,rocky,,,,,,,,
17-Apr-24,"RG, AD",  ,  ,gwb_neaves,,d,t2,rod-s2,gwb_neaves__d_t2_rod-s2,20,  ,  ,5,  , ,rocky,,,,,,,,
17-Apr-24,"RG, AD",  ,  ,gwb_neaves,,d,t2,rod-s2,gwb_neaves__d_t2_rod-s2,20.5,  ,  ,5,  , ,rocky,,,,,,,,
17-Apr-24,"RG, AD",  ,  ,gwb_neaves,,d ,t2,rod-s2,gwb_neaves__d _t2_rod-s2,20.5,  ,  ,5,  , ,rocky,,,,,,,,
17-Apr-24,"RG, AD",  ,  ,gwb_neaves,,d,t2,rod-s2,gwb_neaves__d_t2_rod-s2,22,  ,  ,5,  , ,rocky,,,,,,,,
17-Apr-24,"RG, AD",  ,  ,gwb_neaves,,d,t2,rod-s4,gwb_neaves__d_t2_rod-s4,62,  ,  ,5,  , ,rocky,,,,,,,,
17-Apr-24,"RG, AD",  ,  ,gwb_neaves,,d ,t2,rod-s4,gwb_neaves__d _t2_rod-s4,70,  ,  ,5,  , ,rocky,,,,,,,,
17-Apr-24,"RG, AD",  ,  ,gwb_neaves,,d,t2,rod-s5,gwb_neaves__d_t2_rod-s5,88,  ,  ,2.5,  , ,rocky,,,,,,,,
17-Apr-24,"RG, AD",  ,  ,gwb_neaves,,d,t2,rod-s5,gwb_neaves__d_t2_rod-s5,89,  ,  ,5,  , ,rocky,,,,,,,,
17-Apr-24,"RG, AD",  ,  ,gwb_neaves,,d ,t1,rod-s1,gwb_neaves__d _t1_rod-s1,0.7,  ,  ,5,  , ,  ,,,,,,,,
17-Apr-24,"RG, AD",  ,  ,gwb_neaves,,d,t1,rod-s1,gwb_neaves__d_t1_rod-s1,7,  ,  ,2.5,  , ,  ,,,,,,,,
17-Apr-24,"RG, AD",  ,  ,gwb_neaves,,d,t1,rod-s1,gwb_neaves__d_t1_rod-s1,8.1,  ,  ,2.5,  , ,  ,,,,,,,,
17-Apr-24,"RG, AD",  ,  ,gwb_neaves,,d ,t1,rod-s1,gwb_neaves__d _t1_rod-s1,8.2,  ,  ,5,  , ,  ,,,,,,,,
17-Apr-24,"RG, AD",  ,  ,gwb_neaves,,d,t1,rod-s1,gwb_neaves__d_t1_rod-s1,8.2,  ,  ,5,  , ,  ,,,,,,,,
17-Apr-24,"RG, AD",  ,  ,gwb_neaves,,d,t1,rod-s1,gwb_neaves__d_t1_rod-s1,8.2,  ,  ,5,  , ,  ,,,,,,,,
17-Apr-24,"RG, AD",  ,  ,gwb_neaves,,d ,t1,rod-s1,gwb_neaves__d _t1_rod-s1,8.2,  ,  ,5,  , ,  ,,,,,,,,
17-Apr-24,"RG, AD",  ,  ,gwb_neaves,,d,t1,rod-s1,gwb_neaves__d_t1_rod-s1,8.2,  ,  ,5,  , ,  ,,,,,,,,
17-Apr-24,"RG, AD",  ,  ,gwb_neaves,,d,t1,rod-s1,gwb_neaves__d_t1_rod-s1,8.2,  ,  ,5,  , ,  ,,,,,,,,
17-Apr-24,"RG, AD",  ,  ,gwb_neaves,,d ,t1,rod-s1,gwb_neaves__d _t1_rod-s1,8.2,  ,  ,5,  , ,  ,,,,,,,,
17-Apr-24,"RG, AD",  ,  ,gwb_neaves,,d,t1,rod-s1,gwb_neaves__d_t1_rod-s1,8.2,  ,  ,5,  , ,  ,,,,,,,,
17-Apr-24,"RG, AD",  ,  ,gwb_neaves,,d,t1,rod-s1,gwb_neaves__d_t1_rod-s1,8.2,  ,  ,2.5,  , ,  ,,,,,,,,
17-Apr-24,"RG, AD",  ,  ,gwb_neaves,,d ,t1,rod-s1,gwb_neaves__d _t1_rod-s1,8.9,  ,  ,2.5,  , ,  ,,,,,,,,
17-Apr-24,"RG, AD",  ,  ,gwb_neaves,,d,t1,rod-s1,gwb_neaves__d_t1_rod-s1,10,  ,  ,2.5,  , ,  ,,,,,,,,
26-Apr-24,"RG, AD",  ,  ,avtar_168,,d,t1,rod-s2,avtar_168__d_t1_rod-s2,29,  ,  ,3,  ,bare,  ,,,,,,,,
26-Apr-24,"RG, AD",  ,  ,avtar_168,,d ,t1,rod-s2,avtar_168__d _t1_rod-s2,28,  ,  ,4,  ,bare,1.5/4cm,,,,,,,,
26-Apr-24,"RG, AD",  ,  ,avtar_168,,d,t1,rod-s2,avtar_168__d_t1_rod-s2,27,  ,  ,3,  ,bare,1/3cm,,,,,,,,
26-Apr-24,"RG, AD",  ,  ,avtar_168,,d,t1,rod-s3,avtar_168__d_t1_rod-s3,47,  ,  ,4,  ,bare,1.5/4cm,,,,,,,,
26-Apr-24,"RG, AD",  ,  ,avtar_168,,d ,t1,rod-s4,avtar_168__d _t1_rod-s4,50.2,  ,  ,4,  ,bare,1.5/4cm,,,,,,,,
26-Apr-24,"RG, AD",  ,  ,avtar_168,,d,t1,rod-s5,avtar_168__d_t1_rod-s5,81,  ,  ,3,  ,bare,1/3cm,,,,,,,,
26-Apr-24,"RG, AD",  ,  ,surjit_168,,d,t1,rod-s1,surjit_168__d_t1_rod-s1,1,  ,  ,3,  ,bare,1/3cm,,,,,,,,
26-Apr-24,"RG, AD",  ,  ,surjit_168,,d ,t1,rod-s3,surjit_168__d _t1_rod-s3,49,  ,  ,2.5,  ,bare,2/2.5cm,,,,,,,,
26-Apr-24,"RG, AD",  ,  ,surjit_168,,d,t1,rod-s3,surjit_168__d_t1_rod-s3,46,  ,  ,9,  ,bare,5/9cm,,,,,,,,
26-Apr-24,"RG, AD",  ,  ,surjit_168,,d,t1,rod-s3,surjit_168__d_t1_rod-s3,46,  ,  ,4,  ,bare,2/4cm,,,,,,,,
26-Apr-24,"RG, AD",  ,  ,surjit_168,,d ,t1,rod-s4,surjit_168__d _t1_rod-s4,65,  ,  ,2,  ,bare,.75/2cm,,,,,,,,
26-Apr-24,"RG, AD",  ,  ,surjit_168,,d,t2,rod-s4,surjit_168__d_t2_rod-s4,60.5,  ,  ,3,  ,bare,1/3cm,,,,,,,,
26-Apr-24,"RG, AD",  ,  ,surjit_168,,d,t2,rod-s4,surjit_168__d_t2_rod-s4,64,  ,  ,2.5,  ,bare,  ,,,,,,,,
26-Apr-24,"RG, AD",  ,  ,surjit_168,,d ,t2,rod-s5,surjit_168__d _t2_rod-s5,81,  ,  ,13,  ,bare,"likely large rodent, maybe don't use",,,,,,,,
01-May-24,"RG, AD",  ,  ,bks_neaves,,d ,t1,rod-s2,bks_neaves__d _t1_rod-s2,23,  ,  ,2,  ,bare,sand on dirt,,,,,,,,
01-May-24,"RG, AD",  ,  ,bks_neaves,,d ,t1,rod-s2,bks_neaves__d _t1_rod-s2,27,  ,  ,2.5,  , ,saw a nest searching impatiens,,,,,,,,
01-May-24,"RG, AD",  ,  ,bks_neaves,,d ,t1,rod-s3,bks_neaves__d _t1_rod-s3,41,  ,  ,3,  , ,saw a nest searching vos,,,,,,,,
01-May-24,"RG, AD",  ,  ,bks_neaves,,d ,t1,rod-s3,bks_neaves__d _t1_rod-s3,40,  ,  ,2.5,  ,dry_rooted,  ,,,,,,,,
01-May-24,"RG, AD",  ,  ,bks_neaves,,d ,t1,rod-s3,bks_neaves__d _t1_rod-s3,49,  ,  ,2.5,  ,dry_rooted,  ,,,,,,,,
01-May-24,"RG, AD",  ,  ,bks_neaves,,d ,t1,rod-s3,bks_neaves__d _t1_rod-s3,48,  ,  ,2.5,  ,dry_rooted,  ,,,,,,,,
01-May-24,"RG, AD",  ,  ,bks_neaves,,d ,t1,rod-s3,bks_neaves__d _t1_rod-s3,46,  ,  ,2.5,  ,dry_rooted,  ,,,,,,,,
01-May-24,"RG, AD",  ,  ,bks_neaves,,d ,t1,rod-s3,bks_neaves__d _t1_rod-s3,42,  ,  ,3,  ,dry_rooted,  ,,,,,,,,
01-May-24,"RG, AD",  ,  ,bks_neaves,,d ,t1,rod-s4,bks_neaves__d _t1_rod-s4,69,  ,  ,2.5,  ,dry_rooted,  ,,,,,,,,
01-May-24,"RG, AD",  ,  ,bks_neaves,,d ,t2,rod-s4,bks_neaves__d _t2_rod-s4,69,  ,  ,5,  , ,  ,,,,,,,,
01-May-24,"RG, AD",  ,  ,bks_neaves,,d ,t2,rod-s4,bks_neaves__d _t2_rod-s4,69,  ,  ,5,  , ,  ,,,,,,,,
01-May-24,"RG, AD",  ,  ,bks_neaves,,d ,t2,rod-s4,bks_neaves__d _t2_rod-s4,68,  ,  ,5,  , ,  ,,,,,,,,
01-May-24,"RG, AD",  ,  ,bks_neaves,,d ,t2,rod-s4,bks_neaves__d _t2_rod-s4,65,  ,  ,5,  , ,  ,,,,,,,,
01-May-24,"RG, AD",  ,  ,bks_neaves,,d ,t2,rod-s4,bks_neaves__d _t2_rod-s4,63,  ,  ,2.5,  , ,  ,,,,,,,,
03-May-24,"RG, AD",  ,  ,chong_68,,d ,t1,rod-s1,chong_68__d _t1_rod-s1, ,  ,  ,2.5,  , ,  ,,,,,,,,
03-May-24,"RG, AD",  ,  ,chong_68,,d ,t1,rod-s1,chong_68__d _t1_rod-s1, ,  ,  ,4,  , ,  ,,,,,,,,
03-May-24,"RG, AD",  ,  ,chong_68,,d ,t1,rod-s1,chong_68__d _t1_rod-s1, ,  ,  ,2.5,  , ,  ,,,,,,,,
03-May-24,"RG, AD",  ,  ,chong_68,,d ,t1,rod-s1,chong_68__d _t1_rod-s1, ,  ,  ,2.5,  , ,  ,,,,,,,,
03-May-24,"RG, AD",  ,  ,chong_68,,d ,t1,rod-s1,chong_68__d _t1_rod-s1, ,  ,  ,2,  , ,  ,,,,,,,,
03-May-24,"RG, AD",  ,  ,chong_68,,d ,t1,rod-s1,chong_68__d _t1_rod-s1, ,  ,  ,2.5,  , ,  ,,,,,,,,
03-May-24,"RG, AD",  ,  ,chong_68,,d ,t1,rod-s1,chong_68__d _t1_rod-s1, ,  ,  ,2.5,  , ,  ,,,,,,,,
03-May-24,"RG, AD",  ,  ,chong_68,,d ,t1,rod-s1,chong_68__d _t1_rod-s1, ,  ,  ,4,  , ,  ,,,,,,,,
03-May-24,"RG, AD",  ,  ,chong_68,,d ,t1,rod-s1,chong_68__d _t1_rod-s1, ,  ,  ,2.5,  , ,  ,,,,,,,,
03-May-24,"RG, AD",  ,  ,chong_68,,d ,t1,rod-s2,chong_68__d _t1_rod-s2, ,  ,  ,2,  , ,  ,,,,,,,,
03-May-24,"RG, AD",  ,  ,chong_68,,d ,t1,rod-s2,chong_68__d _t1_rod-s2, ,  ,  ,2.5,  , ,Potential runway,,,,,,,,
03-May-24,"RG, AD",  ,  ,chong_68,,d ,t1,rod-s2,chong_68__d _t1_rod-s2, ,  ,  ,2,  , ,  ,,,,,,,,
03-May-24,"RG, AD",  ,  ,chong_68,,d ,t1,rod-s2,chong_68__d _t1_rod-s2, ,  ,  ,2,  , ,  ,,,,,,,,
03-May-24,"RG, AD",  ,  ,chong_68,,d ,t1,rod-s2,chong_68__d _t1_rod-s2, ,  ,  ,4,  , ,  ,,,,,,,,
03-May-24,"RG, AD",  ,  ,chong_68,,d ,t1,rod-s2,chong_68__d _t1_rod-s2, ,  ,  ,2.5,  , ,  ,,,,,,,,
03-May-24,"RG, AD",  ,  ,chong_68,,d ,t1,rod-s2,chong_68__d _t1_rod-s2, ,  ,  ,2.5,  , ,  ,,,,,,,,
03-May-24,"RG, AD",  ,  ,chong_68,,d ,t1,rod-s3,chong_68__d _t1_rod-s3, ,  ,  ,4,  , ,  ,,,,,,,,
03-May-24,"RG, AD",  ,  ,chong_68,,d ,t1,rod-s3,chong_68__d _t1_rod-s3, ,  ,  ,3,  , ,  ,,,,,,,,
03-May-24,"RG, AD",  ,  ,chong_68,,d ,t1,rod-s3,chong_68__d _t1_rod-s3, ,  ,  ,3,  , ,  ,,,,,,,,
03-May-24,"RG, AD",  ,  ,chong_68,,d ,t1,rod-s3,chong_68__d _t1_rod-s3, ,  ,  ,2.5,  , ,  ,,,,,,,,
03-May-24,"RG, AD",  ,  ,chong_68,,d ,t1,rod-s4,chong_68__d _t1_rod-s4, ,  ,  ,2.5,  , ,  ,,,,,,,,
03-May-24,"RG, AD",  ,  ,chong_68,,d ,t1,rod-s4,chong_68__d _t1_rod-s4, ,  ,  ,4,  , ,Potential runway,,,,,,,,
03-May-24,"RG, AD",  ,  ,chong_68,,d ,t1,rod-s4,chong_68__d _t1_rod-s4, ,  ,  ,2.5,  , ,  ,,,,,,,,
03-May-24,"RG, AD",  ,  ,chong_68,,d ,t1,rod-s4,chong_68__d _t1_rod-s4, ,  ,  ,3,  , ,  ,,,,,,,,
03-May-24,"RG, AD",  ,  ,chong_68,,d ,t1,rod-s5,chong_68__d _t1_rod-s5, ,  ,  ,4.5,  , ,  ,,,,,,,,
03-May-24,"RG, AD",  ,  ,chong_68,,d ,t1,rod-s5,chong_68__d _t1_rod-s5, ,  ,  ,4.5,  , ,  ,,,,,,,,
03-May-24,"RG, AD",  ,  ,chong_68,,d ,t1,rod-s5,chong_68__d _t1_rod-s5, ,  ,  ,4,  , ,  ,,,,,,,,
03-May-24,"RG, AD",  ,  ,chong_68,,d ,t2,rod-s5,chong_68__d _t2_rod-s5, ,  ,  ,3.5,  ,bare,  ,,,,,,,,
03-May-24,"RG, AD",  ,  ,chong_68,,d ,t2,rod-s5,chong_68__d _t2_rod-s5, ,  ,  ,4,,bare,  ,,,,,,,,
03-May-24,"RG, AD",  ,  ,chong_68,,d ,t2,rod-s5,chong_68__d _t2_rod-s5, ,  ,  ,3,  ,bare,All connected,,,,,,,,
03-May-24,"RG, AD",  ,  ,chong_68,,d ,t2,rod-s5,chong_68__d _t2_rod-s5, ,  ,  ,2.5,  ,bare,  ,,,,,,,,
03-May-24,"RG, AD",  ,  ,chong_68,,d ,t2,rod-s5,chong_68__d _t2_rod-s5, ,  ,  ,4,,bare,  ,,,,,,,,
06-May-24,"RG, AD",  ,  ,bks_96,,d ,t1,rod-s4,bks_96__d _t1_rod-s4, ,  ,  ,4,  , ,  ,,,,,,,,
06-May-24,"RG, AD",  ,  ,bks_96,,d ,t1,rod-s4,bks_96__d _t1_rod-s4, ,  ,  ,2.5,  , ,  ,,,,,,,,
06-May-24,"RG, AD",  ,  ,bks_96,,d ,t1,rod-s4,bks_96__d _t1_rod-s4, ,  ,  ,2.5,  , ,  ,,,,,,,,
06-May-24,"RG, AD",  ,  ,bks_96,,d ,t1,rod-s4,bks_96__d _t1_rod-s4, ,  ,  ,2.5,  , ,  ,,,,,,,,
06-May-24,"RG, AD",  ,  ,bks_96,,d ,t1,rod-s3,bks_96__d _t1_rod-s3, ,  ,  ,2,  , ,  ,,,,,,,,
06-May-24,"RG, AD",  ,  ,bks_96,,d ,t1,rod-s3,bks_96__d _t1_rod-s3, ,  ,  ,0.5,  , ,  ,,,,,,,,
06-May-24,"RG, AD",  ,  ,bks_96,,d ,t2,rod-s1,bks_96__d _t2_rod-s1, ,  ,  ,3,  , ,  ,,,,,,,,
06-May-24,"RG, AD",  ,  ,bks_96,,d ,t2,rod-s1,bks_96__d _t2_rod-s1, ,  ,  ,2,  , ,  ,,,,,,,,
06-May-24,"RG, AD",  ,  ,bks_96,,d ,t2,rod-s1,bks_96__d _t2_rod-s1, ,  ,  ,2.5,  , ,lots of horse tail,,,,,,,,
06-May-24,"RG, AD",  ,  ,bks_96,,d ,t2,rod-s1,bks_96__d _t2_rod-s1, ,  ,  ,5,  , ,  ,,,,,,,,
06-May-24,"RG, AD",  ,  ,bks_96,,d ,t2,rod-s3,bks_96__d _t2_rod-s3, ,  ,  ,2,  , ,  ,,,,,,,,
06-May-24,"RG, AD",  ,  ,bks_96,,d ,t2,rod-s4,bks_96__d _t2_rod-s4, ,  ,  ,4,  , ,  ,,,,,,,,
06-May-24,"RG, AD",  ,  ,bks_96,,d ,t2,rod-s4,bks_96__d _t2_rod-s4, ,  ,  ,2.5,  , ,  ,,,,,,,,
06-May-24,"RG, AD",  ,  ,bks_96,,d ,t2,rod-s4,bks_96__d _t2_rod-s4, ,  ,  ,2.5,  , ,  ,,,,,,,,
06-May-24,"RG, AD",  ,  ,bks_96,,d ,t2,rod-s4,bks_96__d _t2_rod-s4, ,  ,  ,3,  , ,  ,,,,,,,,
06-May-24,"RG, AD",  ,  ,chong_96,,d ,t1,rod-s3,chong_96__d _t1_rod-s3, ,  ,  ,4,  ,grass,"nest searching queen found, large burrow (15cm), dense vegetation",,,,,,,,
06-May-24,"RG, AD",  ,  ,bks_56,,d ,t2,rod-s3,bks_56__d _t2_rod-s3, ,  ,  ,2.5,  , ,  ,,,,,,,,
06-May-24,"RG, AD",  ,  ,bks_56,,d ,t2,rod-s3,bks_56__d _t2_rod-s3, ,  ,  ,3.5,  , ,  ,,,,,,,,
06-May-24,"RG, AD",  ,  ,bks_56,,d ,t2,rod-s3,bks_56__d _t2_rod-s3, ,  ,  ,3,  , ,  ,,,,,,,,
06-May-24,"RG, AD",  ,  ,bks_56,,d ,t2,rod-s3,bks_56__d _t2_rod-s3, ,  ,  ,3,  , ,  ,,,,,,,,
06-May-24,"RG, AD",  ,  ,bks_56,,d ,t2,rod-s3,bks_56__d _t2_rod-s3, ,  ,  ,4,  , ,  ,,,,,,,,
06-May-24,"RG, AD",  ,  ,bks_56,,d ,t2,rod-s3,bks_56__d _t2_rod-s3, ,  ,  ,5,  , ,  ,,,,,,,,
06-May-24,"RG, AD",  ,  ,bks_56,,d ,t2,rod-s3,bks_56__d _t2_rod-s3, ,  ,  ,3,  , ,  ,,,,,,,,
06-May-24,"RG, AD",  ,  ,bks_56,,d ,t2,rod-s5,bks_56__d _t2_rod-s5, ,  ,  ,3,  , ,  ,,,,,,,,
06-May-24,"RG, AD",  ,  ,bates_57b,,d ,t1,rod-s1,bates_57b__d _t1_rod-s1, ,  ,  ,4.5,  , ,  ,,,,,,,,
06-May-24,"RG, AD",  ,  ,bates_57b,,d ,t1,rod-s1,bates_57b__d _t1_rod-s1, ,  ,  ,2,  , ,  ,,,,,,,,
06-May-24,"RG, AD",  ,  ,bates_57b,,d ,t1,rod-s1,bates_57b__d _t1_rod-s1, ,  ,  ,3.5,  , ,  ,,,,,,,,
06-May-24,"RG, AD",  ,  ,bates_57b,,d ,t1,rod-s1,bates_57b__d _t1_rod-s1, ,  ,  ,4,  , ,  ,,,,,,,,
06-May-24,"RG, AD",  ,  ,bates_57b,,d ,t1,rod-s1,bates_57b__d _t1_rod-s1, ,  ,  ,2.5,  , ,  ,,,,,,,,
06-May-24,"RG, AD",  ,  ,bates_57b,,d ,t1,rod-s1,bates_57b__d _t1_rod-s1, ,  ,  ,4,  , ,  ,,,,,,,,
06-May-24,"RG, AD",  ,  ,bates_57b,,d ,t1,rod-s1,bates_57b__d _t1_rod-s1, ,  ,  ,3,  , ,  ,,,,,,,,
06-May-24,"RG, AD",  ,  ,bates_57b,,d ,t1,rod-s1,bates_57b__d _t1_rod-s1, ,  ,  ,2.5,  , ,  ,,,,,,,,
06-May-24,"RG, AD",  ,  ,bates_57b,,d ,t1,rod-s1,bates_57b__d _t1_rod-s1, ,  ,  ,3,  , ,  ,,,,,,,,
06-May-24,"RG, AD",  ,  ,bates_57b,,d ,t1,rod-s1,bates_57b__d _t1_rod-s1, ,  ,  ,2.5,  , ,  ,,,,,,,,
06-May-24,"RG, AD",  ,  ,bates_57b,,d ,t1,rod-s1,bates_57b__d _t1_rod-s1, ,  ,  ,3,  , ,  ,,,,,,,,
06-May-24,"RG, AD",  ,  ,bates_57b,,d ,t1,rod-s1,bates_57b__d _t1_rod-s1, ,  ,  ,3,  , ,  ,,,,,,,,
06-May-24,"RG, AD",  ,  ,bates_57b,,d ,t1,rod-s1,bates_57b__d _t1_rod-s1, ,  ,  ,4,  , ,  ,,,,,,,,
06-May-24,"RG, AD",  ,  ,bates_57b,,d ,t1,rod-s1,bates_57b__d _t1_rod-s1, ,  ,  ,4.5,  , ,  ,,,,,,,,
06-May-24,"RG, AD",  ,  ,bates_57b,,d ,t1,rod-s1,bates_57b__d _t1_rod-s1, ,  ,  ,2.5,  , ,  ,,,,,,,,
06-May-24,"RG, AD",  ,  ,bates_57b,,d ,t1,rod-s2,bates_57b__d _t1_rod-s2, ,  ,  ,2.5,  , ,  ,,,,,,,,
06-May-24,"RG, AD",  ,  ,bates_57b,,d ,t1,rod-s2,bates_57b__d _t1_rod-s2, ,  ,  ,2.5,  , ,  ,,,,,,,,
06-May-24,"RG, AD",  ,  ,bates_57b,,d ,t1,rod-s2,bates_57b__d _t1_rod-s2, ,  ,  ,3,  , ,  ,,,,,,,,
06-May-24,"RG, AD",  ,  ,bates_57b,,d ,t1,rod-s2,bates_57b__d _t1_rod-s2, ,  ,  ,3.5,  , ,  ,,,,,,,,
06-May-24,"RG, AD",  ,  ,bates_57b,,d ,t1,rod-s2,bates_57b__d _t1_rod-s2, ,  ,  ,3.5,  , ,  ,,,,,,,,
06-May-24,"RG, AD",  ,  ,bates_57b,,d ,t1,rod-s2,bates_57b__d _t1_rod-s2, ,  ,  ,4.5,  , ,  ,,,,,,,,
06-May-24,"RG, AD",  ,  ,bks_56,,d ,t1,rod-s3,bks_56__d _t1_rod-s3, ,  ,  ,4,  ,grass,  ,,,,,,,,
06-May-24,"RG, AD",  ,  ,bks_56,,d ,t1,rod-s3,bks_56__d _t1_rod-s3, ,  ,  ,4,  ,grass,  ,,,,,,,,
06-May-24,"RG, AD",  ,  ,bks_56,,d ,t1,rod-s4,bks_56__d _t1_rod-s4, ,  ,  ,4,  ,grass,  ,,,,,,,,
06-May-24,"RG, AD",  ,  ,bks_56,,d ,t1,rod-s4,bks_56__d _t1_rod-s4, ,  ,  ,4,  ,grass,runway,,,,,,,,
06-May-24,"RG, AD",  ,  ,bks_56,,d ,t1,rod-s4,bks_56__d _t1_rod-s4, ,  ,  ,2.5,  ,grass,  ,,,,,,,,
06-May-24,"RG, AD",  ,  ,bks_56,,d ,t1,rod-s4,bks_56__d _t1_rod-s4, ,  ,  ,2.5,  ,grass,  ,,,,,,,,
06-May-24,"RG, AD",  ,  ,bks_56,,d ,t1,rod-s4,bks_56__d _t1_rod-s4, ,  ,  ,2.5,  ,grass,  ,,,,,,,,
06-May-24,"RG, AD",  ,  ,bks_56,,d ,t1,rod-s5,bks_56__d _t1_rod-s5, ,  ,  ,2.5,  ,grass,  ,,,,,,,,
06-May-24,"RG, AD",  ,  ,bks_56,,d ,t1,rod-s5,bks_56__d _t1_rod-s5, ,  ,  ,2.5,  ,grass,  ,,,,,,,,
06-May-24,"RG, AD",  ,  ,bks_56,,d ,t1,rod-s5,bks_56__d _t1_rod-s5, ,  ,  ,4,  ,grass,  ,,,,,,,,
06-May-24,"RG, AD",  ,  ,bks_56,,d ,t1,rod-s5,bks_56__d _t1_rod-s5, ,  ,  ,4,  ,grass,  ,,,,,,,,
06-May-24,"RG, AD",  ,  ,bates_57b,,d ,t1,rod-s2,bates_57b__d _t1_rod-s2, ,  ,  ,3,  , ,  ,,,,,,,,
06-May-24,"RG, AD",  ,  ,bates_57b,,d ,t1,rod-s2,bates_57b__d _t1_rod-s2, ,  ,  ,4,  , ,  ,,,,,,,,
06-May-24,"RG, AD",  ,  ,bates_57b,,d ,t1,rod-s2,bates_57b__d _t1_rod-s2, ,  ,  ,5,  , ,  ,,,,,,,,
06-May-24,"RG, AD",  ,  ,bates_57b,,d ,t1,rod-s2,bates_57b__d _t1_rod-s2, ,  ,  ,4,  , ,  ,,,,,,,,
06-May-24,"RG, AD",  ,  ,bates_57b,,d ,t1,rod-s2,bates_57b__d _t1_rod-s2, ,  ,  ,3,  , ,  ,,,,,,,,
06-May-24,"RG, AD",  ,  ,bates_57b,,d ,t1,rod-s2,bates_57b__d _t1_rod-s2, ,  ,  ,3,  , ,  ,,,,,,,,
06-May-24,"RG, AD",  ,  ,bates_57b,,d ,t1,rod-s2,bates_57b__d _t1_rod-s2, ,  ,  ,3,  , ,  ,,,,,,,,
06-May-24,"RG, AD",  ,  ,bates_57b,,d ,t1,rod-s2,bates_57b__d _t1_rod-s2, ,  ,  ,2.5,  , ,  ,,,,,,,,
06-May-24,"RG, AD",  ,  ,bates_57b,,d ,t1,rod-s2,bates_57b__d _t1_rod-s2, ,  ,  ,3,  , ,  ,,,,,,,,
06-May-24,"RG, AD",  ,  ,bates_57b,,d ,t1,rod-s2,bates_57b__d _t1_rod-s2, ,  ,  ,4,  , ,  ,,,,,,,,
06-May-24,"RG, AD",  ,  ,bates_57b,,d ,t1,rod-s2,bates_57b__d _t1_rod-s2, ,  ,  ,5,  , ,  ,,,,,,,,
06-May-24,"RG, AD",  ,  ,bates_57b,,d ,t1,rod-s2,bates_57b__d _t1_rod-s2, ,  ,  ,4,  , ,  ,,,,,,,,
06-May-24,"RG, AD",  ,  ,bates_57b,,d ,t1,rod-s2,bates_57b__d _t1_rod-s2, ,  ,  ,3.5,  , ,  ,,,,,,,,
06-May-24,"RG, AD",  ,  ,bates_57b,,d ,t1,rod-s2,bates_57b__d _t1_rod-s2, ,  ,  ,3,  , ,  ,,,,,,,,
06-May-24,"RG, AD",  ,  ,bates_57b,,d ,t1,rod-s2,bates_57b__d _t1_rod-s2, ,  ,  ,4,  , ,  ,,,,,,,,
06-May-24,"RG, AD",  ,  ,bates_57b,,d ,t1,rod-s2,bates_57b__d _t1_rod-s2, ,  ,  ,3.5,  , ,  ,,,,,,,,
06-May-24,"RG, AD",  ,  ,bates_57b,,d ,t1,rod-s2,bates_57b__d _t1_rod-s2, ,  ,  ,4,  , ,  ,,,,,,,,
06-May-24,"RG, AD",  ,  ,bates_57b,,d ,t1,rod-s2,bates_57b__d _t1_rod-s2, ,  ,  ,4,  , ,  ,,,,,,,,
06-May-24,"RG, AD",  ,  ,bates_57b,,d ,t1,rod-s3,bates_57b__d _t1_rod-s3, ,  ,  ,2.5,  , ,rufocinctus crawling in dead grass and went into hole marked with tape,,,,,,,,
06-May-24,"RG, AD",  ,  ,bates_57b,,d ,t1,rod-s3,bates_57b__d _t1_rod-s3, ,  ,  ,4,  , ,  ,,,,,,,,
06-May-24,"RG, AD",  ,  ,bates_57b,,d ,t1,rod-s3,bates_57b__d _t1_rod-s3, ,  ,  ,4,  , ,  ,,,,,,,,
06-May-24,"RG, AD",  ,  ,bates_57b,,d ,t1,rod-s3,bates_57b__d _t1_rod-s3, ,  ,  ,3,  , ,  ,,,,,,,,
06-May-24,"RG, AD",  ,  ,bates_57b,,d ,t1,rod-s3,bates_57b__d _t1_rod-s3, ,  ,  ,4,  , ,  ,,,,,,,,
06-May-24,"RG, AD",  ,  ,bates_57b,,d ,t1,rod-s3,bates_57b__d _t1_rod-s3, ,  ,  ,3,  , ,  ,,,,,,,,
06-May-24,"RG, AD",  ,  ,bates_57b,,d ,t1,rod-s3,bates_57b__d _t1_rod-s3, ,  ,  ,3,  , ,  ,,,,,,,,
06-May-24,"RG, AD",  ,  ,bates_57b,,d ,t1,rod-s3,bates_57b__d _t1_rod-s3, ,  ,  ,4,  , ,  ,,,,,,,,
06-May-24,"RG, AD",  ,  ,bates_57b,,d ,t1,rod-s3,bates_57b__d _t1_rod-s3, ,  ,  ,3,  , ,  ,,,,,,,,
06-May-24,"RG, AD",  ,  ,bates_57b,,d ,t1,rod-s3,bates_57b__d _t1_rod-s3, ,  ,  ,4,  , ,  ,,,,,,,,
06-May-24,"RG, AD",  ,  ,bates_57b,,d ,t1,rod-s4,bates_57b__d _t1_rod-s4, ,  ,  ,5,  , ,  ,,,,,,,,
06-May-24,"RG, AD",  ,  ,bates_57b,,d ,t1,rod-s4,bates_57b__d _t1_rod-s4, ,  ,  ,2.5,  , ,  ,,,,,,,,
06-May-24,"RG, AD",  ,  ,bates_57b,,d ,t1,rod-s5,bates_57b__d _t1_rod-s5, ,  ,  ,3.5,  , ,  ,,,,,,,,
06-May-24,"RG, AD",  ,  ,bates_57b,,d ,t1,rod-s5,bates_57b__d _t1_rod-s5, ,  ,  ,3.5,  , ,  ,,,,,,,,
06-May-24,"RG, AD",  ,  ,bates_57b,,d ,t1,rod-s5,bates_57b__d _t1_rod-s5, ,  ,  ,2,  , ,  ,,,,,,,,
06-May-24,"RG, AD",  ,  ,bates_57b,,d ,t1,rod-s5,bates_57b__d _t1_rod-s5, ,  ,  ,2,  , ,  ,,,,,,,,
06-May-24,"RG, AD",  ,  ,bates_57b,,d ,t1,rod-s5,bates_57b__d _t1_rod-s5, ,  ,  ,4,  , ,  ,,,,,,,,
06-May-24,"RG, AD",  ,  ,bates_57b,,d ,t1,rod-s5,bates_57b__d _t1_rod-s5, ,  ,  ,3,  , ,  ,,,,,,,,
06-May-24,"RG, AD",  ,  ,bates_57b,,d ,t1,rod-s5,bates_57b__d _t1_rod-s5, ,  ,  ,3,  , ,  ,,,,,,,,
06-May-24,"RG, AD",  ,  ,bates_57b,,d ,t1,rod-s5,bates_57b__d _t1_rod-s5, ,  ,  ,3,  , ,  ,,,,,,,,
06-May-24,"RG, AD",  ,  ,bates_57b,,d ,t1,rod-s5,bates_57b__d _t1_rod-s5, ,  ,  ,3,  , ,  ,,,,,,,,
06-May-24,"RG, AD",  ,  ,bates_57b,,d ,t1,rod-s5,bates_57b__d _t1_rod-s5, ,  ,  ,2.5,  , ,  ,,,,,,,,
06-May-24,"RG, AD",  ,  ,bates_57b,,d ,t1,rod-s5,bates_57b__d _t1_rod-s5, ,  ,  ,2.5,  , ,  ,,,,,,,,
06-May-24,"RG, AD",  ,  ,bates_57b,,d ,t1,rod-s5,bates_57b__d _t1_rod-s5, ,  ,  ,2.5,  , ,  ,,,,,,,,
06-May-24,"RG, AD",  ,  ,bates_57b,,d ,t1,rod-s5,bates_57b__d _t1_rod-s5, ,  ,  ,2.5,  , ,  ,,,,,,,,
06-May-24,"RG, AD",  ,  ,bates_57b,,d ,t1,rod-s5,bates_57b__d _t1_rod-s5, ,  ,  ,3,  , ,  ,,,,,,,,
06-May-24,"RG, AD",  ,  ,bates_57b,,d ,t1,rod-s5,bates_57b__d _t1_rod-s5, ,  ,  ,4,  , ,  ,,,,,,,,
06-May-24,"RG, AD",  ,  ,bates_57b,,d ,t1,rod-s5,bates_57b__d _t1_rod-s5, ,  ,  ,2.5,  , ,  ,,,,,,,,
06-May-24,"RG, AD",  ,  ,bates_57b,,d ,t1,rod-s5,bates_57b__d _t1_rod-s5, ,  ,  ,2.5,  , ,  ,,,,,,,,
06-May-24,"RG, AD",  ,  ,bates_57b,,d ,t1,rod-s5,bates_57b__d _t1_rod-s5, ,  ,  ,4,  , ,  ,,,,,,,,
06-May-24,"RG, AD",  ,  ,bates_57b,,d ,t1,rod-s5,bates_57b__d _t1_rod-s5, ,  ,  ,4,  , ,  ,,,,,,,,
06-May-24,"RG, AD",  ,  ,bates_57b,,d ,t1,rod-s5,bates_57b__d _t1_rod-s5, ,  ,  ,4,  , ,  ,,,,,,,,
06-May-24,"RG, AD",  ,  ,bates_57b,,d ,t1,rod-s5,bates_57b__d _t1_rod-s5, ,  ,  ,4,  , ,  ,,,,,,,,
06-May-24,"RG, AD",  ,  ,bates_57b,,d ,t1,rod-s5,bates_57b__d _t1_rod-s5, ,  ,  ,3,  , ,  ,,,,,,,,
06-May-24,"RG, AD",  ,  ,bates_57b,,d ,t1,rod-s5,bates_57b__d _t1_rod-s5, ,  ,  ,3,  , ,  ,,,,,,,,
06-May-24,"RG, AD",  ,  ,bates_57b,,d ,t2,rod-s1,bates_57b__d _t2_rod-s1, ,  ,  ,3,  ,grass,  ,,,,,,,,
06-May-24,"RG, AD",  ,  ,bates_57b,,d ,t2,rod-s1,bates_57b__d _t2_rod-s1, ,  ,  ,3,  ,grass,  ,,,,,,,,
06-May-24,"RG, AD",  ,  ,bates_57b,,d ,t2,rod-s1,bates_57b__d _t2_rod-s1, ,  ,  ,5,  ,grass,  ,,,,,,,,
06-May-24,"RG, AD",  ,  ,bates_57b,,d ,t2,rod-s2,bates_57b__d _t2_rod-s2, ,  ,  ,3,  ,grass,  ,,,,,,,,
06-May-24,"RG, AD",  ,  ,bates_57b,,d ,t2,rod-s2,bates_57b__d _t2_rod-s2, ,  ,  ,4.5,  ,grass,Distict runway,,,,,,,,
06-May-24,"RG, AD",  ,  ,bates_57b,,d ,t2,rod-s3,bates_57b__d _t2_rod-s3, ,  ,  ,3,  ,grass,  ,,,,,,,,
06-May-24,"RG, AD",  ,  ,bates_57b,,d ,t2,rod-s3,bates_57b__d _t2_rod-s3, ,  ,  ,3,  ,grass,Impatiens queen nest searching,,,,,,,,
06-May-24,"RG, AD",  ,  ,bates_57b,,d ,t2,rod-s3,bates_57b__d _t2_rod-s3, ,  ,  ,4,  ,grass,  ,,,,,,,,
06-May-24,"RG, AD",  ,  ,bates_57b,,d ,t2,rod-s3,bates_57b__d _t2_rod-s3, ,  ,  ,3,  ,grass,  ,,,,,,,,
06-May-24,"RG, AD",  ,  ,bates_57b,,d ,t2,rod-s3,bates_57b__d _t2_rod-s3, ,  ,  ,2.5,  ,grass,  ,,,,,,,,
06-May-24,"RG, AD",  ,  ,bates_57b,,d ,t2,rod-s4,bates_57b__d _t2_rod-s4, ,  ,  ,3,  ,grass,  ,,,,,,,,
06-May-24,"RG, AD",  ,  ,bates_57b,,d ,t2,rod-s4,bates_57b__d _t2_rod-s4, ,  ,  ,3.5,  ,grass,flattened grass in front,,,,,,,,
06-May-24,"RG, AD",  ,  ,bates_57b,,d ,t2,rod-s4,bates_57b__d _t2_rod-s4, ,  ,  ,4.5,  ,grass,  ,,,,,,,,
06-May-24,"RG, AD",  ,  ,bates_57b,,d ,t2,rod-s4,bates_57b__d _t2_rod-s4, ,  ,  ,3,  ,grass,  ,,,,,,,,
06-May-24,"RG, AD",  ,  ,bates_57b,,d ,t2,rod-s4,bates_57b__d _t2_rod-s4, ,  ,  ,3,  ,grass,  ,,,,,,,,
06-May-24,"RG, AD",  ,  ,bates_57b,,d ,t2,rod-s4,bates_57b__d _t2_rod-s4, ,  ,  ,4,  ,grass,  ,,,,,,,,
06-May-24,"RG, AD",  ,  ,bates_57b,,d ,t2,rod-s5,bates_57b__d _t2_rod-s5, ,  ,  ,2,  ,grass,  ,,,,,,,,
06-May-24,"RG, AD",  ,  ,bates_57b,,d ,t2,rod-s5,bates_57b__d _t2_rod-s5, ,  ,  ,2.5,  ,grass,  ,,,,,,,,
06-May-24,"RG, AD",  ,  ,bates_57b,,d ,t2,rod-s5,bates_57b__d _t2_rod-s5, ,  ,  ,3,  ,grass,  ,,,,,,,,
06-May-24,"RG, AD",  ,  ,bks_56,,d ,t2,rod-s1,bks_56__d _t2_rod-s1, ,  ,  ,4,  , ,  ,,,,,,,,
06-May-24,"RG, AD",  ,  ,bks_56,,d ,t2,rod-s1,bks_56__d _t2_rod-s1, ,  ,  ,2.5,  , ,  ,,,,,,,,
06-May-24,"RG, AD",  ,  ,bks_56,,d ,t2,rod-s1,bks_56__d _t2_rod-s1, ,  ,  ,3,  , ,  ,,,,,,,,
06-May-24,"RG, AD",  ,  ,bks_56,,d ,t2,rod-s1,bks_56__d _t2_rod-s1, ,  ,  ,3,  , ,  ,,,,,,,,
06-May-24,"RG, AD",  ,  ,bks_56,,d ,t2,rod-s1,bks_56__d _t2_rod-s1, ,  ,  ,2,  , ,  ,,,,,,,,
06-May-24,"RG, AD",  ,  ,bks_56,,d ,t2,rod-s1,bks_56__d _t2_rod-s1, ,  ,  ,2.5,  , ,  ,,,,,,,,
06-May-24,"RG, AD",  ,  ,bks_56,,d ,t2,rod-s1,bks_56__d _t2_rod-s1, ,  ,  ,2.5,  , ,  ,,,,,,,,
06-May-24,"RG, AD",  ,  ,bks_56,,d ,t2,rod-s2,bks_56__d _t2_rod-s2, ,  ,  ,4,  , ,vole found,,,,,,,,
06-May-24,"RG, AD",  ,  ,bks_56,,d ,t2,rod-s2,bks_56__d _t2_rod-s2, ,  ,  ,2,  , ,  ,,,,,,,,
06-May-24,"RG, AD",  ,  ,bks_56,,d ,t2,rod-s2,bks_56__d _t2_rod-s2, ,  ,  ,2.5,  , ,  ,,,,,,,,
06-May-24,"RG, AD",  ,  ,bks_56,,d ,t2,rod-s2,bks_56__d _t2_rod-s2, ,  ,  ,3,  , ,  ,,,,,,,,
06-May-24,"RG, AD",  ,  ,bks_56,,d ,t2,rod-s2,bks_56__d _t2_rod-s2, ,  ,  ,3,  , ,  ,,,,,,,,
06-May-24,"RG, AD",  ,  ,bks_56,,d ,t2,rod-s2,bks_56__d _t2_rod-s2, ,  ,  ,3,  , ,  ,,,,,,,,
06-May-24,"RG, AD",  ,  ,bks_56,,d ,t2,rod-s2,bks_56__d _t2_rod-s2, ,  ,  ,3,  , ,  ,,,,,,,,
06-May-24,"RG, AD",  ,  ,bks_56,,d ,t2,rod-s2,bks_56__d _t2_rod-s2, ,  ,  ,2.5,  , ,  ,,,,,,,,
06-May-24,"RG, AD",  ,  ,bks_56,,d ,t2,rod-s2,bks_56__d _t2_rod-s2, ,  ,  ,2,  , ,  ,,,,,,,,
06-May-24,"RG, AD",  ,  ,bks_56,,d ,t2,rod-s2,bks_56__d _t2_rod-s2, ,  ,  ,3,  , ,  ,,,,,,,,
06-May-24,"RG, AD",  ,  ,bks_56,,d ,t2,rod-s2,bks_56__d _t2_rod-s2, ,  ,  ,2.5,  , ,  ,,,,,,,,
06-May-24,"RG, AD",  ,  ,bks_56,,d ,t2,rod-s2,bks_56__d _t2_rod-s2, ,  ,  ,2.5,  , ,  ,,,,,,,,
06-May-24,"RG, AD",  ,  ,bks_56,,d ,t2,rod-s2,bks_56__d _t2_rod-s2, ,  ,  ,3,  , ,  ,,,,,,,,
06-May-24,"RG, AD",  ,  ,bks_56,,d ,t2,rod-s2,bks_56__d _t2_rod-s2, ,  ,  ,2.5,  , ,  ,,,,,,,,
06-May-24,"RG, AD",  ,  ,bks_56,,d ,t2,rod-s2,bks_56__d _t2_rod-s2, ,  ,  ,2.5,  , ,  ,,,,,,,,
06-May-24,"RG, AD",  ,  ,bks_56,,d ,t2,rod-s2,bks_56__d _t2_rod-s2, ,  ,  ,5,  , ,  ,,,,,,,,
06-May-24,"RG, AD",  ,  ,bks_56,,d ,t2,rod-s2,bks_56__d _t2_rod-s2, ,  ,  ,2.5,  , ,  ,,,,,,,,
06-May-24,"RG, AD",  ,  ,bks_56,,d ,t2,rod-s2,bks_56__d _t2_rod-s2, ,  ,  ,3,  , ,  ,,,,,,,,
06-May-24,"RG, AD",  ,  ,bks_56,,d ,t2,rod-s2,bks_56__d _t2_rod-s2, ,  ,  ,3,  , ,  ,,,,,,,,
06-May-24,"RG, AD",  ,  ,bks_56,,d ,t2,rod-s2,bks_56__d _t2_rod-s2, ,  ,  ,3,  , ,  ,,,,,,,,
06-May-24,"RG, AD",  ,  ,bks_56,,d ,t2,rod-s2,bks_56__d _t2_rod-s2, ,  ,  ,4,  , ,  ,,,,,,,,
06-May-24,"RG, AD",  ,  ,bks_56,,d ,t2,rod-s2,bks_56__d _t2_rod-s2, ,  ,  ,3,  , ,  ,,,,,,,,
06-May-24,"RG, AD",  ,  ,bks_56,,d ,t2,rod-s2,bks_56__d _t2_rod-s2, ,  ,  ,3.5,  , ,  ,,,,,,,,
07-Jun-24,"RG, AD",  ,  ,bks_56,,d ,t2,rod-s2,bks_56__d _t2_rod-s2, ,  ,  ,2.5,  , ,  ,,,,,,,,
07-Jun-24,"RG, AD",  ,  ,bks_56,,d ,t2,rod-s2,bks_56__d _t2_rod-s2, ,  ,  ,2.5,  , ,  ,,,,,,,,
07-Jun-24,"RG, AD",  ,  ,bks_56,,d ,t2,rod-s2,bks_56__d _t2_rod-s2, ,  ,  ,2.5,  , ,  ,,,,,,,,
07-Jun-24,"RG, AD",  ,  ,bks_56,,d ,t2,rod-s2,bks_56__d _t2_rod-s2, ,  ,  ,3,  , ,  ,,,,,,,,
07-Jun-24,"RG, AD",  ,  ,bks_56,,d ,t2,rod-s2,bks_56__d _t2_rod-s2, ,  ,  ,3,  , ,  ,,,,,,,,
07-Jun-24,"RG, AD",  ,  ,bks_56,,d ,t2,rod-s2,bks_56__d _t2_rod-s2, ,  ,  ,3.5,  , ,  ,,,,,,,,
07-Jun-24,"RG, AD",  ,  ,bks_56,,d ,t2,rod-s2,bks_56__d _t2_rod-s2, ,  ,  ,2.5,  , ,  ,,,,,,,,
07-Jun-24,"RG, AD",  ,  ,bks_56,,d ,t2,rod-s2,bks_56__d _t2_rod-s2, ,  ,  ,2.5,  , ,  ,,,,,,,,
07-Jun-24,"RG, AD",  ,  ,bks_56,,d ,t2,rod-s2,bks_56__d _t2_rod-s2, ,  ,  ,5,  , ,  ,,,,,,,,
07-Jun-24,"RG, AD",  ,  ,bks_56,,d ,t2,rod-s2,bks_56__d _t2_rod-s2, ,  ,  ,4,  , ,  ,,,,,,,,
07-Jun-24,"RG, AD",  ,  ,bks_56,,d ,t2,rod-s2,bks_56__d _t2_rod-s2, ,  ,  ,3,  , ,  ,,,,,,,,
07-Jun-24,"RG, AD",  ,  ,bks_56,,d ,t2,rod-s2,bks_56__d _t2_rod-s2, ,  ,  ,3,  , ,  ,,,,,,,,
07-Jun-24,"RG, AD",  ,  ,bks_56,,d ,t2,rod-s2,bks_56__d _t2_rod-s2, ,  ,  ,4,  , ,  ,,,,,,,,
07-Jun-24,"RG, AD",  ,  ,bks_56,,d ,t2,rod-s2,bks_56__d _t2_rod-s2, ,  ,  ,3,  , ,  ,,,,,,,,
07-Jun-24,"RG, AD",  ,  ,bks_56,,d ,t2,rod-s2,bks_56__d _t2_rod-s2, ,  ,  ,5,  , ,  ,,,,,,,,
07-Jun-24,"RG, AD",  ,  ,bks_56,,d ,t2,rod-s2,bks_56__d _t2_rod-s2, ,  ,  ,2,  , ,  ,,,,,,,,
07-Jun-24,"RG, AD",  ,  ,bks_56,,d ,t2,rod-s2,bks_56__d _t2_rod-s2, ,  ,  ,3,  , ,  ,,,,,,,,
07-Jun-24,"RG, AD",  ,  ,bks_56,,d ,t2,rod-s2,bks_56__d _t2_rod-s2, ,  ,  ,3,  , ,  ,,,,,,,,
07-Jun-24,"RG, CN",  ,  ,lbf_ladnertrunk,,d ,t1,rod-s1,lbf_ladnertrunk__d _t1_rod-s1, ,  ,  ,2,  , ,  ,,,,,,,,
07-Jun-24,"RG, CN",  ,  ,lbf_ladnertrunk,,d ,t1,rod-s1,lbf_ladnertrunk__d _t1_rod-s1, ,  ,  ,3,  , ,  ,,,,,,,,
07-Jun-24,"RG, CN",  ,  ,lbf_ladnertrunk,,d ,t1,rod-s1,lbf_ladnertrunk__d _t1_rod-s1, ,  ,  ,3,  , ,  ,,,,,,,,
07-Jun-24,"RG, CN",  ,  ,lbf_ladnertrunk,,d ,t1,rod-s1,lbf_ladnertrunk__d _t1_rod-s1, ,  ,  ,4,  , ,  ,,,,,,,,
07-Jun-24,"RG, CN",  ,  ,lbf_ladnertrunk,,d ,t1,rod-s1,lbf_ladnertrunk__d _t1_rod-s1, ,  ,  ,5,  , ,  ,,,,,,,,
07-Jun-24,"RG, CN",  ,  ,lbf_ladnertrunk,,d ,t1,rod-s1,lbf_ladnertrunk__d _t1_rod-s1, ,  ,  ,2,  , ,  ,,,,,,,,
07-Jun-24,"RG, CN",  ,  ,lbf_ladnertrunk,,d ,t1,rod-s1,lbf_ladnertrunk__d _t1_rod-s1, ,  ,  ,4,  , ,  ,,,,,,,,
07-Jun-24,"RG, CN",  ,  ,lbf_ladnertrunk,,d ,t1,rod-s1,lbf_ladnertrunk__d _t1_rod-s1, ,  ,  ,5,  , ,  ,,,,,,,,
07-Jun-24,"RG, CN",  ,  ,lbf_ladnertrunk,,d ,t1,rod-s1,lbf_ladnertrunk__d _t1_rod-s1, ,  ,  ,2,  , ,  ,,,,,,,,
07-Jun-24,"RG, CN",  ,  ,lbf_ladnertrunk,,d ,t1,rod-s1,lbf_ladnertrunk__d _t1_rod-s1, ,  ,  ,3,  , ,  ,,,,,,,,
07-Jun-24,"RG, CN",  ,  ,lbf_ladnertrunk,,d ,t1,rod-s1,lbf_ladnertrunk__d _t1_rod-s1, ,  ,  ,3,  , ,  ,,,,,,,,
07-Jun-24,"RG, CN",  ,  ,lbf_ladnertrunk,,d ,t1,rod-s1,lbf_ladnertrunk__d _t1_rod-s1, ,  ,  ,3,  , ,  ,,,,,,,,
07-Jun-24,"RG, CN",  ,  ,lbf_ladnertrunk,,d ,t1,rod-s1,lbf_ladnertrunk__d _t1_rod-s1, ,  ,  ,4,  , ,  ,,,,,,,,
07-Jun-24,"RG, CN",  ,  ,lbf_ladnertrunk,,d ,t1,rod-s1,lbf_ladnertrunk__d _t1_rod-s1, ,  ,  ,3,  , ,  ,,,,,,,,
07-Jun-24,"RG, CN",  ,  ,lbf_ladnertrunk,,d ,t1,rod-s1,lbf_ladnertrunk__d _t1_rod-s1, ,  ,  ,2,  , ,  ,,,,,,,,
07-Jun-24,"RG, CN",  ,  ,lbf_ladnertrunk,,d ,t1,rod-s1,lbf_ladnertrunk__d _t1_rod-s1, ,  ,  ,4,  , ,  ,,,,,,,,
07-Jun-24,"RG, CN",  ,  ,lbf_ladnertrunk,,d ,t1,rod-s1,lbf_ladnertrunk__d _t1_rod-s1, ,  ,  ,5,  , ,  ,,,,,,,,
07-Jun-24,"RG, CN",  ,  ,lbf_ladnertrunk,,d ,t1,rod-s1,lbf_ladnertrunk__d _t1_rod-s1, ,  ,  ,2,  , ,  ,,,,,,,,
07-Jun-24,"RG, CN",  ,  ,lbf_ladnertrunk,,d ,t1,rod-s1,lbf_ladnertrunk__d _t1_rod-s1, ,  ,  ,5,  , ,  ,,,,,,,,
07-Jun-24,"RG, CN",  ,  ,lbf_ladnertrunk,,d ,t1,rod-s1,lbf_ladnertrunk__d _t1_rod-s1, ,  ,  ,2.5,  , ,  ,,,,,,,,
07-Jun-24,"RG, CN",  ,  ,lbf_ladnertrunk,,d ,t1,rod-s1,lbf_ladnertrunk__d _t1_rod-s1, ,  ,  ,3,  , ,  ,,,,,,,,
07-Jun-24,"RG, CN",  ,  ,lbf_ladnertrunk,,d ,t1,rod-s1,lbf_ladnertrunk__d _t1_rod-s1, ,  ,  ,4,  , ,  ,,,,,,,,
07-Jun-24,"RG, CN",  ,  ,lbf_ladnertrunk,,d ,t1,rod-s1,lbf_ladnertrunk__d _t1_rod-s1, ,  ,  ,2,  , ,  ,,,,,,,,
07-Jun-24,"RG, CN",  ,  ,lbf_ladnertrunk,,d ,t1,rod-s1,lbf_ladnertrunk__d _t1_rod-s1, ,  ,  ,2,  , ,  ,,,,,,,,
07-Jun-24,"RG, CN",  ,  ,lbf_ladnertrunk,,d ,t1,rod-s1,lbf_ladnertrunk__d _t1_rod-s1, ,  ,  ,6,  , ,  ,,,,,,,,
07-Jun-24,"RG, CN",  ,  ,lbf_ladnertrunk,,d ,t1,rod-s1,lbf_ladnertrunk__d _t1_rod-s1, ,  ,  ,3,  , ,  ,,,,,,,,
07-Jun-24,"RG, CN",  ,  ,lbf_ladnertrunk,,d ,t1,rod-s1,lbf_ladnertrunk__d _t1_rod-s1, ,  ,  ,4,  , ,  ,,,,,,,,
07-Jun-24,"RG, CN",  ,  ,lbf_ladnertrunk,,d ,t1,rod-s1,lbf_ladnertrunk__d _t1_rod-s1, ,  ,  ,3,  , ,  ,,,,,,,,
07-Jun-24,"RG, CN",  ,  ,lbf_ladnertrunk,,d ,t1,rod-s2,lbf_ladnertrunk__d _t1_rod-s2, ,  ,  ,4,  , ,  ,,,,,,,,
07-Jun-24,"RG, CN",  ,  ,lbf_ladnertrunk,,d ,t1,rod-s2,lbf_ladnertrunk__d _t1_rod-s2, ,  ,  ,3,  , ,  ,,,,,,,,
07-Jun-24,"RG, CN",  ,  ,lbf_ladnertrunk,,d ,t1,rod-s2,lbf_ladnertrunk__d _t1_rod-s2, ,  ,  ,4,  , ,  ,,,,,,,,
07-Jun-24,"RG, CN",  ,  ,lbf_ladnertrunk,,d ,t1,rod-s2,lbf_ladnertrunk__d _t1_rod-s2, ,  ,  ,3,  , ,  ,,,,,,,,
07-Jun-24,"RG, CN",  ,  ,lbf_ladnertrunk,,d ,t1,rod-s2,lbf_ladnertrunk__d _t1_rod-s2, ,  ,  ,3,  , ,  ,,,,,,,,
07-Jun-24,"RG, CN",  ,  ,lbf_ladnertrunk,,d ,t1,rod-s2,lbf_ladnertrunk__d _t1_rod-s2, ,  ,  ,3,  , ,  ,,,,,,,,
07-Jun-24,"RG, CN",  ,  ,lbf_ladnertrunk,,d ,t1,rod-s2,lbf_ladnertrunk__d _t1_rod-s2, ,  ,  ,2,  , ,  ,,,,,,,,
07-Jun-24,"RG, CN",  ,  ,lbf_ladnertrunk,,d ,t1,rod-s2,lbf_ladnertrunk__d _t1_rod-s2, ,  ,  ,3,  , ,  ,,,,,,,,
07-Jun-24,"RG, CN",  ,  ,lbf_ladnertrunk,,d ,t1,rod-s2,lbf_ladnertrunk__d _t1_rod-s2, ,  ,  ,3,  , ,  ,,,,,,,,
07-Jun-24,"RG, CN",  ,  ,lbf_ladnertrunk,,d ,t1,rod-s2,lbf_ladnertrunk__d _t1_rod-s2, ,  ,  ,4,  , ,  ,,,,,,,,
07-Jun-24,"RG, CN",  ,  ,lbf_ladnertrunk,,d ,t1,rod-s2,lbf_ladnertrunk__d _t1_rod-s2, ,  ,  ,4,  , ,  ,,,,,,,,
07-Jun-24,"RG, CN",  ,  ,lbf_ladnertrunk,,d ,t1,rod-s2,lbf_ladnertrunk__d _t1_rod-s2, ,  ,  ,2,  , ,  ,,,,,,,,
07-Jun-24,"RG, CN",  ,  ,lbf_ladnertrunk,,d ,t1,rod-s2,lbf_ladnertrunk__d _t1_rod-s2, ,  ,  ,5,  , ,  ,,,,,,,,
07-Jun-24,"RG, CN",  ,  ,lbf_ladnertrunk,,d ,t1,rod-s2,lbf_ladnertrunk__d _t1_rod-s2, ,  ,  ,2,  , ,  ,,,,,,,,
07-Jun-24,"RG, CN",  ,  ,lbf_ladnertrunk,,d ,t1,rod-s2,lbf_ladnertrunk__d _t1_rod-s2, ,  ,  ,3,  , ,  ,,,,,,,,
07-Jun-24,"RG, CN",  ,  ,lbf_ladnertrunk,,d ,t1,rod-s2,lbf_ladnertrunk__d _t1_rod-s2, ,  ,  ,2,  , ,  ,,,,,,,,
07-Jun-24,"RG, CN",  ,  ,lbf_ladnertrunk,,d ,t1,rod-s2,lbf_ladnertrunk__d _t1_rod-s2, ,  ,  ,2,  , ,  ,,,,,,,,
07-Jun-24,"RG, CN",  ,  ,lbf_ladnertrunk,,d ,t1,rod-s2,lbf_ladnertrunk__d _t1_rod-s2, ,  ,  ,3,  , ,  ,,,,,,,,
07-Jun-24,"RG, CN",  ,  ,lbf_ladnertrunk,,d ,t1,rod-s2,lbf_ladnertrunk__d _t1_rod-s2, ,  ,  ,5,  , ,  ,,,,,,,,
07-Jun-24,"RG, CN",  ,  ,lbf_ladnertrunk,,d ,t1,rod-s2,lbf_ladnertrunk__d _t1_rod-s2, ,  ,  ,4,  , ,  ,,,,,,,,
07-Jun-24,"RG, CN",  ,  ,lbf_ladnertrunk,,d ,t1,rod-s2,lbf_ladnertrunk__d _t1_rod-s2, ,  ,  ,4,  , ,  ,,,,,,,,
07-Jun-24,"RG, CN",  ,  ,lbf_ladnertrunk,,d ,t1,rod-s2,lbf_ladnertrunk__d _t1_rod-s2, ,  ,  ,5,  , ,  ,,,,,,,,
07-Jun-24,"RG, CN",  ,  ,lbf_ladnertrunk,,d ,t1,rod-s2,lbf_ladnertrunk__d _t1_rod-s2, ,  ,  ,3.5,  , ,  ,,,,,,,,
07-Jun-24,"RG, CN",  ,  ,lbf_ladnertrunk,,d ,t1,rod-s2,lbf_ladnertrunk__d _t1_rod-s2, ,  ,  ,3,  , ,  ,,,,,,,,
07-Jun-24,"RG, CN",  ,  ,lbf_ladnertrunk,,d ,t1,rod-s2,lbf_ladnertrunk__d _t1_rod-s2, ,  ,  ,3,  , ,  ,,,,,,,,
07-Jun-24,"RG, CN",  ,  ,lbf_ladnertrunk,,d ,t1,rod-s2,lbf_ladnertrunk__d _t1_rod-s2, ,  ,  ,4,  , ,  ,,,,,,,,
07-Jun-24,"RG, CN",  ,  ,lbf_ladnertrunk,,d ,t1,rod-s2,lbf_ladnertrunk__d _t1_rod-s2, ,  ,  ,2,  , ,  ,,,,,,,,
07-Jun-24,"RG, CN",  ,  ,lbf_ladnertrunk,,d ,t1,rod-s2,lbf_ladnertrunk__d _t1_rod-s2, ,  ,  ,3,  , ,  ,,,,,,,,
07-Jun-24,"RG, CN",  ,  ,lbf_ladnertrunk,,d ,t1,rod-s2,lbf_ladnertrunk__d _t1_rod-s2, ,  ,  ,3,  , ,  ,,,,,,,,
07-Jun-24,"RG, CN",  ,  ,lbf_ladnertrunk,,d ,t1,rod-s2,lbf_ladnertrunk__d _t1_rod-s2, ,  ,  ,4,  , ,  ,,,,,,,,
07-Jun-24,"RG, CN",  ,  ,lbf_ladnertrunk,,d ,t1,rod-s2,lbf_ladnertrunk__d _t1_rod-s2, ,  ,  ,4,  , ,  ,,,,,,,,
07-Jun-24,"RG, CN",  ,  ,lbf_ladnertrunk,,d ,t1,rod-s2,lbf_ladnertrunk__d _t1_rod-s2, ,  ,  ,2.5,  , ,  ,,,,,,,,
07-Jun-24,"RG, CN",  ,  ,lbf_ladnertrunk,,d ,t1,rod-s2,lbf_ladnertrunk__d _t1_rod-s2, ,  ,  ,3,  , ,  ,,,,,,,,
07-Jun-24,"RG, CN",  ,  ,lbf_ladnertrunk,,d ,t1,rod-s2,lbf_ladnertrunk__d _t1_rod-s2, ,  ,  ,2,  , ,  ,,,,,,,,
07-Jun-24,"RG, CN",  ,  ,lbf_ladnertrunk,,d ,t1,rod-s3,lbf_ladnertrunk__d _t1_rod-s3, ,  ,  ,1.5,  , ,  ,,,,,,,,
07-Jun-24,"RG, CN",  ,  ,lbf_ladnertrunk,,d ,t1,rod-s3,lbf_ladnertrunk__d _t1_rod-s3, ,  ,  ,1.5,  , ,  ,,,,,,,,
07-Jun-24,"RG, CN",  ,  ,lbf_ladnertrunk,,d ,t1,rod-s3,lbf_ladnertrunk__d _t1_rod-s3, ,  ,  ,5,  , ,  ,,,,,,,,
07-Jun-24,"RG, CN",  ,  ,lbf_ladnertrunk,,d ,t1,rod-s3,lbf_ladnertrunk__d _t1_rod-s3, ,  ,  ,3,  , ,  ,,,,,,,,
07-Jun-24,"RG, CN",  ,  ,lbf_ladnertrunk,,d ,t1,rod-s3,lbf_ladnertrunk__d _t1_rod-s3, ,  ,  ,2,  , ,  ,,,,,,,,
07-Jun-24,"RG, CN",  ,  ,lbf_ladnertrunk,,d ,t1,rod-s3,lbf_ladnertrunk__d _t1_rod-s3, ,  ,  ,2,  , ,  ,,,,,,,,
07-Jun-24,"RG, CN",  ,  ,lbf_ladnertrunk,,d ,t1,rod-s3,lbf_ladnertrunk__d _t1_rod-s3, ,  ,  ,3,  , ,  ,,,,,,,,
07-Jun-24,"RG, CN",  ,  ,lbf_ladnertrunk,,d ,t1,rod-s3,lbf_ladnertrunk__d _t1_rod-s3, ,  ,  ,2,  , ,  ,,,,,,,,
07-Jun-24,"RG, CN",  ,  ,lbf_ladnertrunk,,d ,t1,rod-s3,lbf_ladnertrunk__d _t1_rod-s3, ,  ,  ,2,  , ,  ,,,,,,,,
07-Jun-24,"RG, CN",  ,  ,lbf_ladnertrunk,,d ,t1,rod-s3,lbf_ladnertrunk__d _t1_rod-s3, ,  ,  ,2,  , ,  ,,,,,,,,
07-Jun-24,"RG, CN",  ,  ,lbf_ladnertrunk,,d ,t1,rod-s3,lbf_ladnertrunk__d _t1_rod-s3, ,  ,  ,4,  , ,  ,,,,,,,,
07-Jun-24,"RG, CN",  ,  ,lbf_ladnertrunk,,d ,t1,rod-s3,lbf_ladnertrunk__d _t1_rod-s3, ,  ,  ,2,  , ,  ,,,,,,,,
07-Jun-24,"RG, CN",  ,  ,lbf_ladnertrunk,,d ,t1,rod-s3,lbf_ladnertrunk__d _t1_rod-s3, ,  ,  ,3,  , ,  ,,,,,,,,
07-Jun-24,"RG, CN",  ,  ,lbf_ladnertrunk,,d ,t1,rod-s3,lbf_ladnertrunk__d _t1_rod-s3, ,  ,  ,3,  , ,  ,,,,,,,,
07-Jun-24,"RG, CN",  ,  ,lbf_ladnertrunk,,d ,t1,rod-s3,lbf_ladnertrunk__d _t1_rod-s3, ,  ,  ,4,  , ,  ,,,,,,,,
07-Jun-24,"RG, CN",  ,  ,lbf_ladnertrunk,,d ,t1,rod-s3,lbf_ladnertrunk__d _t1_rod-s3, ,  ,  ,3,  , ,  ,,,,,,,,
07-Jun-24,"RG, CN",  ,  ,lbf_ladnertrunk,,d ,t1,rod-s3,lbf_ladnertrunk__d _t1_rod-s3, ,  ,  ,3.5,  , ,  ,,,,,,,,
07-Jun-24,"RG, CN",  ,  ,lbf_ladnertrunk,,d ,t1,rod-s4,lbf_ladnertrunk__d _t1_rod-s4, ,  ,  ,3,  , ,  ,,,,,,,,
07-Jun-24,"RG, CN",  ,  ,lbf_ladnertrunk,,d ,t1,rod-s4,lbf_ladnertrunk__d _t1_rod-s4, ,  ,  ,2,  , ,  ,,,,,,,,
07-Jun-24,"RG, CN",  ,  ,lbf_ladnertrunk,,d ,t1,rod-s4,lbf_ladnertrunk__d _t1_rod-s4, ,  ,  ,4,  , ,  ,,,,,,,,
07-Jun-24,"RG, CN",  ,  ,lbf_ladnertrunk,,d ,t1,rod-s4,lbf_ladnertrunk__d _t1_rod-s4, ,  ,  ,2,  , ,  ,,,,,,,,
07-Jun-24,"RG, CN",  ,  ,lbf_ladnertrunk,,d ,t1,rod-s4,lbf_ladnertrunk__d _t1_rod-s4, ,  ,  ,4,  , ,  ,,,,,,,,
07-Jun-24,"RG, CN",  ,  ,lbf_ladnertrunk,,d ,t1,rod-s4,lbf_ladnertrunk__d _t1_rod-s4, ,  ,  ,3,  , ,  ,,,,,,,,
07-Jun-24,"RG, CN",  ,  ,lbf_ladnertrunk,,d ,t1,rod-s4,lbf_ladnertrunk__d _t1_rod-s4, ,  ,  ,3,  , ,  ,,,,,,,,
07-Jun-24,"RG, CN",  ,  ,lbf_ladnertrunk,,d ,t1,rod-s4,lbf_ladnertrunk__d _t1_rod-s4, ,  ,  ,2,  , ,  ,,,,,,,,
07-Jun-24,"RG, CN",  ,  ,lbf_ladnertrunk,,d ,t1,rod-s4,lbf_ladnertrunk__d _t1_rod-s4, ,  ,  ,4.5,  , ,  ,,,,,,,,
07-Jun-24,"RG, CN",  ,  ,lbf_ladnertrunk,,d ,t1,rod-s4,lbf_ladnertrunk__d _t1_rod-s4, ,  ,  ,3,  , ,  ,,,,,,,,
07-Jun-24,"RG, CN",  ,  ,lbf_ladnertrunk,,d ,t1,rod-s4,lbf_ladnertrunk__d _t1_rod-s4, ,  ,  ,4,  , ,  ,,,,,,,,
07-Jun-24,"RG, CN",  ,  ,lbf_ladnertrunk,,d ,t1,rod-s4,lbf_ladnertrunk__d _t1_rod-s4, ,  ,  ,2,  , ,  ,,,,,,,,
07-Jun-24,"RG, CN",  ,  ,lbf_ladnertrunk,,d ,t1,rod-s4,lbf_ladnertrunk__d _t1_rod-s4, ,  ,  ,4,  , ,  ,,,,,,,,
07-Jun-24,"RG, CN",  ,  ,lbf_ladnertrunk,,d ,t1,rod-s4,lbf_ladnertrunk__d _t1_rod-s4, ,  ,  ,5,  , ,  ,,,,,,,,
07-Jun-24,"RG, CN",  ,  ,lbf_ladnertrunk,,d ,t1,rod-s4,lbf_ladnertrunk__d _t1_rod-s4, ,  ,  ,4,  , ,  ,,,,,,,,
07-Jun-24,"RG, CN",  ,  ,lbf_ladnertrunk,,d ,t1,rod-s4,lbf_ladnertrunk__d _t1_rod-s4, ,  ,  ,2,  , ,  ,,,,,,,,
07-Jun-24,"RG, CN",  ,  ,lbf_ladnertrunk,,d ,t1,rod-s4,lbf_ladnertrunk__d _t1_rod-s4, ,  ,  ,3,  , ,  ,,,,,,,,
07-Jun-24,"RG, CN",  ,  ,lbf_ladnertrunk,,d ,t1,rod-s4,lbf_ladnertrunk__d _t1_rod-s4, ,  ,  ,3,  , ,  ,,,,,,,,
07-Jun-24,"RG, CN",  ,  ,lbf_ladnertrunk,,d ,t1,rod-s4,lbf_ladnertrunk__d _t1_rod-s4, ,  ,  ,1,  , ,  ,,,,,,,,
07-Jun-24,"RG, CN",  ,  ,lbf_ladnertrunk,,d ,t1,rod-s4,lbf_ladnertrunk__d _t1_rod-s4, ,  ,  ,2.5,  , ,  ,,,,,,,,
07-Jun-24,"RG, CN",  ,  ,lbf_ladnertrunk,,d ,t1,rod-s4,lbf_ladnertrunk__d _t1_rod-s4, ,  ,  ,4,  , ,  ,,,,,,,,
07-Jun-24,"RG, CN",  ,  ,lbf_ladnertrunk,,d ,t1,rod-s4,lbf_ladnertrunk__d _t1_rod-s4, ,  ,  ,2,  , ,  ,,,,,,,,
07-Jun-24,"RG, CN",  ,  ,lbf_ladnertrunk,,d ,t1,rod-s4,lbf_ladnertrunk__d _t1_rod-s4, ,  ,  ,3,  , ,  ,,,,,,,,
07-Jun-24,"RG, CN",  ,  ,lbf_ladnertrunk,,d ,t1,rod-s4,lbf_ladnertrunk__d _t1_rod-s4, ,  ,  ,3,  ,  ,  ,,,,,,,,
07-Jun-24,"RG, CN",  ,  ,lbf_ladnertrunk,,d ,t1,rod-s5,lbf_ladnertrunk__d _t1_rod-s5, ,  ,  ,3,  ,  ,  ,,,,,,,,
07-Jun-24,"RG, CN",  ,  ,lbf_ladnertrunk,,d ,t1,rod-s5,lbf_ladnertrunk__d _t1_rod-s5, ,  ,  ,2,  ,  ,  ,,,,,,,,
07-Jun-24,"RG, CN",  ,  ,lbf_ladnertrunk,,d ,t1,rod-s5,lbf_ladnertrunk__d _t1_rod-s5, ,  ,  ,2,  ,  ,  ,,,,,,,,
07-Jun-24,"RG, CN",  ,  ,lbf_ladnertrunk,,d ,t1,rod-s5,lbf_ladnertrunk__d _t1_rod-s5, ,  ,  ,2,  ,  ,  ,,,,,,,,
07-Jun-24,"RG, CN",  ,  ,lbf_ladnertrunk,,d ,t1,rod-s5,lbf_ladnertrunk__d _t1_rod-s5, ,  ,  ,1,  ,  ,  ,,,,,,,,
07-Jun-24,"RG, CN",  ,  ,lbf_ladnertrunk,,d ,t1,rod-s5,lbf_ladnertrunk__d _t1_rod-s5, ,  ,  ,1.5,  ,  ,  ,,,,,,,,
07-Jun-24,"RG, CN",  ,  ,lbf_ladnertrunk,,d ,t1,rod-s5,lbf_ladnertrunk__d _t1_rod-s5, ,  ,  ,2,  ,  ,  ,,,,,,,,
07-Jun-24,"RG, CN",  ,  ,lbf_ladnertrunk,,d ,t1,rod-s5,lbf_ladnertrunk__d _t1_rod-s5, ,  ,  ,1,  ,  ,  ,,,,,,,,
07-Jun-24,"RG, CN",  ,  ,lbf_ladnertrunk,,d ,t1,rod-s5,lbf_ladnertrunk__d _t1_rod-s5, ,  ,  ,4,  ,  ,  ,,,,,,,,
07-Jun-24,"RG, CN",  ,  ,lbf_ladnertrunk,,d ,t1,rod-s5,lbf_ladnertrunk__d _t1_rod-s5, ,  ,  ,1.5,  ,  ,  ,,,,,,,,
07-Jun-24,"RG, CN",  ,  ,lbf_ladnertrunk,,d ,t1,rod-s5,lbf_ladnertrunk__d _t1_rod-s5, ,  ,  ,3,  ,  ,  ,,,,,,,,
07-Jun-24,"RG, CN",  ,  ,lbf_ladnertrunk,,d ,t1,rod-s5,lbf_ladnertrunk__d _t1_rod-s5, ,  ,  ,4,  ,  ,  ,,,,,,,,
07-Jun-24,"RG, CN",  ,  ,lbf_ladnertrunk,,d ,t1,rod-s5,lbf_ladnertrunk__d _t1_rod-s5, ,  ,  ,3,  ,  ,  ,,,,,,,,
07-Jun-24,"RG, CN",  ,  ,lbf_ladnertrunk,,d ,t1,rod-s5,lbf_ladnertrunk__d _t1_rod-s5, ,  ,  ,4,  ,  ,  ,,,,,,,,
07-Jun-24,"RG, CN",  ,  ,lbf_ladnertrunk,,d ,t1,rod-s5,lbf_ladnertrunk__d _t1_rod-s5, ,  ,  ,5,  ,  ,  ,,,,,,,,
07-Jun-24,"RG, CN",  ,  ,lbf_ladnertrunk,,d ,t1,rod-s5,lbf_ladnertrunk__d _t1_rod-s5, ,  ,  ,6,  ,  ,  ,,,,,,,,
07-Jun-24,"RG, CN",  ,  ,lbf_ladnertrunk,,d ,t1,rod-s5,lbf_ladnertrunk__d _t1_rod-s5, ,  ,  ,4,  ,  ,  ,,,,,,,,
07-Jun-24,"RG, CN",  ,  ,lbf_ladnertrunk,,d ,t1,rod-s5,lbf_ladnertrunk__d _t1_rod-s5, ,  ,  ,3,  ,  ,  ,,,,,,,,
07-Jun-24,"RG, CN",  ,  ,lbf_ladnertrunk,,d ,t1,rod-s5,lbf_ladnertrunk__d _t1_rod-s5, ,  ,  ,3,  ,  ,  ,,,,,,,,
07-Jun-24,"RG, CN",  ,  ,lbf_ladnertrunk,,d ,t1,rod-s5,lbf_ladnertrunk__d _t1_rod-s5, ,  ,  ,5,  ,  ,  ,,,,,,,,
07-Jun-24,"RG, CN",  ,  ,lbf_ladnertrunk,,d ,t1,rod-s5,lbf_ladnertrunk__d _t1_rod-s5, ,  ,  ,2,  ,  ,  ,,,,,,,,
07-Jun-24,"RG, CN",  ,  ,lbf_ladnertrunk,,d ,t1,rod-s5,lbf_ladnertrunk__d _t1_rod-s5, ,  ,  ,4,  ,  ,  ,,,,,,,,
07-Jun-24,"RG, CN",  ,  ,lbf_ladnertrunk,,d ,t1,rod-s5,lbf_ladnertrunk__d _t1_rod-s5, ,  ,  ,3,  ,  ,  ,,,,,,,,
07-Jun-24,"RG, CN",  ,  ,lbf_ladnertrunk,,d ,t1,rod-s5,lbf_ladnertrunk__d _t1_rod-s5, ,  ,  ,3,  ,  ,  ,,,,,,,,
07-Jun-24,"RG, CN",  ,  ,lbf_ladnertrunk,,d ,t1,rod-s5,lbf_ladnertrunk__d _t1_rod-s5, ,  ,  ,4,  ,  ,  ,,,,,,,,
07-Jun-24,"RG, CN",  ,  ,lbf_ladnertrunk,,d ,t1,rod-s5,lbf_ladnertrunk__d _t1_rod-s5, ,  ,  ,3,  ,  ,  ,,,,,,,,
07-Jun-24,"RG, CN",  ,  ,lbf_ladnertrunk,,d ,t1,rod-s5,lbf_ladnertrunk__d _t1_rod-s5, ,  ,  ,4,  ,  ,  ,,,,,,,,
07-Jun-24,"RG, CN",  ,  ,lbf_ladnertrunk,,d ,t2,rod-s2,lbf_ladnertrunk__d _t2_rod-s2, ,  ,  ,5,  ,  ,  ,,,,,,,,
07-Jun-24,"RG, CN",  ,  ,lbf_ladnertrunk,,d ,t2,rod-s2,lbf_ladnertrunk__d _t2_rod-s2, ,  ,  ,3,  ,  ,  ,,,,,,,,
07-Jun-24,"RG, CN",  ,  ,lbf_ladnertrunk,,d ,t2,rod-s2,lbf_ladnertrunk__d _t2_rod-s2, ,  ,  ,3.5,  ,  ,  ,,,,,,,,
07-Jun-24,"RG, CN",  ,  ,lbf_ladnertrunk,,d ,t2,rod-s2,lbf_ladnertrunk__d _t2_rod-s2, ,  ,  ,2.5,  ,  ,  ,,,,,,,,
07-Jun-24,"RG, CN",  ,  ,lbf_ladnertrunk,,d ,t2,rod-s3,lbf_ladnertrunk__d _t2_rod-s3, ,  ,  ,3,  ,  ,  ,,,,,,,,
07-Jun-24,"RG, CN",  ,  ,lbf_ladnertrunk,,d ,t2,rod-s3,lbf_ladnertrunk__d _t2_rod-s3, ,  ,  ,4,  ,  ,  ,,,,,,,,
07-Jun-24,"RG, CN",  ,  ,lbf_ladnertrunk,,d ,t2,rod-s3,lbf_ladnertrunk__d _t2_rod-s3, ,  ,  ,3,  ,  ,  ,,,,,,,,
07-Jun-24,"RG, CN",  ,  ,lbf_ladnertrunk,,d ,t2,rod-s4,lbf_ladnertrunk__d _t2_rod-s4, ,  ,  ,2.5,  ,  ,  ,,,,,,,,
07-Jun-24,"RG, CN",  ,  ,lbf_ladnertrunk,,d ,t2,rod-s4,lbf_ladnertrunk__d _t2_rod-s4, ,  ,  ,3,  ,  ,  ,,,,,,,,
07-Jun-24,"RG, CN",  ,  ,lbf_ladnertrunk,,d ,t2,rod-s5,lbf_ladnertrunk__d _t2_rod-s5, ,  ,  ,3.5,  ,  ,  ,,,,,,,,
07-Jun-24,"RG, CN",  ,  ,lbf_ladnertrunk,,d ,t2,rod-s5,lbf_ladnertrunk__d _t2_rod-s5, ,  ,  ,5,  ,  ,  ,,,,,,,,
07-Jun-24,"RG, CN",  ,  ,lbf_ladnertrunk,,d ,t2,rod-s5,lbf_ladnertrunk__d _t2_rod-s5, ,  ,  ,4,  ,  ,  ,,,,,,,,
07-Jun-24,"RG, CN",  ,  ,lbf_ladnertrunk,,d ,t2,rod-s5,lbf_ladnertrunk__d _t2_rod-s5, ,  ,  ,4.5,  ,  ,  ,,,,,,,,
07-Jun-24,"RG, CN",  ,  ,lbf_ladnertrunk,,d ,t2,rod-s5,lbf_ladnertrunk__d _t2_rod-s5, ,  ,  ,4,  ,  ,  ,,,,,,,,
07-Jun-24,"RG, CN",  ,  ,lbf_ladnertrunk,,d ,t2,rod-s5,lbf_ladnertrunk__d _t2_rod-s5, ,  ,  ,7,  ,  ,  ,,,,,,,,
07-Jun-24,"RG, CN",  ,  ,lbf_ladnertrunk,,d ,t2,rod-s5,lbf_ladnertrunk__d _t2_rod-s5, ,  ,  ,4,  ,  ,  ,,,,,,,,
07-Jun-24,"RG, CN",  ,  ,lbf_ladnertrunk,,d ,t2,rod-s5,lbf_ladnertrunk__d _t2_rod-s5, ,  ,  ,5,  ,  ,  ,,,,,,,,
07-Jun-24,"RG, CN",  ,  ,lbf_ladnertrunk,,d ,t2,rod-s5,lbf_ladnertrunk__d _t2_rod-s5, ,  ,  ,3,  ,  ,  ,,,,,,,,
07-Jun-24,"RG, CN",  ,  ,lbf_ladnertrunk,,d ,t2,rod-s5,lbf_ladnertrunk__d _t2_rod-s5, ,  ,  ,4,  ,  ,  ,,,,,,,,
07-Jun-24,"RG, CN",  ,  ,sandhu_ladnertrunk,,d ,t1,rod-s1,sandhu_ladnertrunk__d _t1_rod-s1, ,  ,  ,6,  ,  ,  ,,,,,,,,
07-Jun-24,"RG, CN",  ,  ,sandhu_ladnertrunk,,d ,t1,rod-s1,sandhu_ladnertrunk__d _t1_rod-s1, ,  ,  ,6,  ,  ,  ,,,,,,,,
07-Jun-24,"RG, CN",  ,  ,sandhu_ladnertrunk,,d ,t1,rod-s1,sandhu_ladnertrunk__d _t1_rod-s1, ,  ,  ,3,  ,  ,  ,,,,,,,,
07-Jun-24,"RG, CN",  ,  ,sandhu_ladnertrunk,,d ,t1,rod-s1,sandhu_ladnertrunk__d _t1_rod-s1, ,  ,  ,5,  ,  ,  ,,,,,,,,
07-Jun-24,"RG, CN",  ,  ,sandhu_ladnertrunk,,d ,t1,rod-s1,sandhu_ladnertrunk__d _t1_rod-s1, ,  ,  ,3,  ,  ,  ,,,,,,,,
07-Jun-24,"RG, CN",  ,  ,sandhu_ladnertrunk,,d ,t1,rod-s1,sandhu_ladnertrunk__d _t1_rod-s1, ,  ,  ,4,  ,  ,  ,,,,,,,,
07-Jun-24,"RG, CN",  ,  ,sandhu_ladnertrunk,,d ,t1,rod-s1,sandhu_ladnertrunk__d _t1_rod-s1, ,  ,  ,3,  ,  ,  ,,,,,,,,
07-Jun-24,"RG, CN",  ,  ,sandhu_ladnertrunk,,d ,t1,rod-s1,sandhu_ladnertrunk__d _t1_rod-s1, ,  ,  ,7,  ,  ,  ,,,,,,,,
07-Jun-24,"RG, CN",  ,  ,sandhu_ladnertrunk,,d ,t1,rod-s1,sandhu_ladnertrunk__d _t1_rod-s1, ,  ,  ,6.5,  ,  ,  ,,,,,,,,
07-Jun-24,"RG, CN",  ,  ,sandhu_ladnertrunk,,d ,t1,rod-s1,sandhu_ladnertrunk__d _t1_rod-s1, ,  ,  ,5,  ,  ,  ,,,,,,,,
07-Jun-24,"RG, CN",  ,  ,sandhu_ladnertrunk,,d ,t1,rod-s1,sandhu_ladnertrunk__d _t1_rod-s1, ,  ,  ,12,  ,  ,  ,,,,,,,,
07-Jun-24,"RG, CN",  ,  ,sandhu_ladnertrunk,,d ,t1,rod-s1,sandhu_ladnertrunk__d _t1_rod-s1, ,  ,  ,4,  ,  ,  ,,,,,,,,
07-Jun-24,"RG, CN",  ,  ,sandhu_ladnertrunk,,d ,t1,rod-s1,sandhu_ladnertrunk__d _t1_rod-s1, ,  ,  ,4.5,  ,  ,  ,,,,,,,,
07-Jun-24,"RG, CN",  ,  ,sandhu_ladnertrunk,,d ,t1,rod-s1,sandhu_ladnertrunk__d _t1_rod-s1, ,  ,  ,9,  ,  ,  ,,,,,,,,
07-Jun-24,"RG, CN",  ,  ,sandhu_ladnertrunk,,d ,t1,rod-s2,sandhu_ladnertrunk__d _t1_rod-s2, ,  ,  ,2.5,  ,  ,  ,,,,,,,,
07-Jun-24,"RG, CN",  ,  ,sandhu_ladnertrunk,,d ,t1,rod-s2,sandhu_ladnertrunk__d _t1_rod-s2, ,  ,  ,2,  ,  ,  ,,,,,,,,
07-Jun-24,"RG, CN",  ,  ,sandhu_ladnertrunk,,d ,t1,rod-s2,sandhu_ladnertrunk__d _t1_rod-s2, ,  ,  ,5,  ,  ,  ,,,,,,,,
07-Jun-24,"RG, CN",  ,  ,sandhu_ladnertrunk,,d ,t1,rod-s2,sandhu_ladnertrunk__d _t1_rod-s2, ,  ,  ,4,  ,  ,  ,,,,,,,,
07-Jun-24,"RG, CN",  ,  ,sandhu_ladnertrunk,,d ,t1,rod-s2,sandhu_ladnertrunk__d _t1_rod-s2, ,  ,  ,3,  ,  ,  ,,,,,,,,
07-Jun-24,"RG, CN",  ,  ,sandhu_ladnertrunk,,d ,t1,rod-s2,sandhu_ladnertrunk__d _t1_rod-s2, ,  ,  ,4,  ,  ,  ,,,,,,,,
07-Jun-24,"RG, CN",  ,  ,sandhu_ladnertrunk,,d ,t1,rod-s2,sandhu_ladnertrunk__d _t1_rod-s2, ,  ,  ,3,  ,  ,  ,,,,,,,,
07-Jun-24,"RG, CN",  ,  ,sandhu_ladnertrunk,,d ,t1,rod-s2,sandhu_ladnertrunk__d _t1_rod-s2, ,  ,  ,3,  ,  ,  ,,,,,,,,
07-Jun-24,"RG, CN",  ,  ,sandhu_ladnertrunk,,d ,t1,rod-s2,sandhu_ladnertrunk__d _t1_rod-s2, ,  ,  ,5,  ,  ,  ,,,,,,,,
07-Jun-24,"RG, CN",  ,  ,sandhu_ladnertrunk,,d ,t1,rod-s2,sandhu_ladnertrunk__d _t1_rod-s2, ,  ,  ,5,  ,  ,  ,,,,,,,,
07-Jun-24,"RG, CN",  ,  ,sandhu_ladnertrunk,,d ,t1,rod-s2,sandhu_ladnertrunk__d _t1_rod-s2, ,  ,  ,3,  ,  ,  ,,,,,,,,
07-Jun-24,"RG, CN",  ,  ,sandhu_ladnertrunk,,d ,t1,rod-s2,sandhu_ladnertrunk__d _t1_rod-s2, ,  ,  ,4,  ,  ,  ,,,,,,,,
07-Jun-24,"RG, CN",  ,  ,sandhu_ladnertrunk,,d ,t1,rod-s2,sandhu_ladnertrunk__d _t1_rod-s2, ,  ,  ,3,  ,  ,  ,,,,,,,,
07-Jun-24,"RG, CN",  ,  ,sandhu_ladnertrunk,,d ,t1,rod-s3,sandhu_ladnertrunk__d _t1_rod-s3, ,  ,  ,15,  ,  ,  ,,,,,,,,
07-Jun-24,"RG, CN",  ,  ,sandhu_ladnertrunk,,d ,t1,rod-s3,sandhu_ladnertrunk__d _t1_rod-s3, ,  ,  ,8,  ,  ,  ,,,,,,,,
07-Jun-24,"RG, CN",  ,  ,sandhu_ladnertrunk,,d ,t1,rod-s3,sandhu_ladnertrunk__d _t1_rod-s3, ,  ,  ,7,  ,  ,  ,,,,,,,,
07-Jun-24,"RG, CN",  ,  ,sandhu_ladnertrunk,,d ,t1,rod-s3,sandhu_ladnertrunk__d _t1_rod-s3, ,  ,  ,15,  ,  ,  ,,,,,,,,
07-Jun-24,"RG, CN",  ,  ,sandhu_ladnertrunk,,d ,t1,rod-s3,sandhu_ladnertrunk__d _t1_rod-s3, ,  ,  ,3,  ,  ,  ,,,,,,,,
07-Jun-24,"RG, CN",  ,  ,sandhu_ladnertrunk,,d ,t1,rod-s3,sandhu_ladnertrunk__d _t1_rod-s3, ,  ,  ,2,  ,  ,  ,,,,,,,,
07-Jun-24,"RG, CN",  ,  ,sandhu_ladnertrunk,,d ,t1,rod-s3,sandhu_ladnertrunk__d _t1_rod-s3, ,  ,  ,3,  ,  ,  ,,,,,,,,
07-Jun-24,"RG, CN",  ,  ,sandhu_ladnertrunk,,d ,t1,rod-s3,sandhu_ladnertrunk__d _t1_rod-s3, ,  ,  ,2,  ,  ,  ,,,,,,,,
07-Jun-24,"RG, CN",  ,  ,sandhu_ladnertrunk,,d ,t1,rod-s3,sandhu_ladnertrunk__d _t1_rod-s3, ,  ,  ,2,  ,  ,  ,,,,,,,,
07-Jun-24,"RG, CN",  ,  ,sandhu_ladnertrunk,,d ,t1,rod-s3,sandhu_ladnertrunk__d _t1_rod-s3, ,  ,  ,4,  ,  ,  ,,,,,,,,
07-Jun-24,"RG, CN",  ,  ,sandhu_ladnertrunk,,d ,t1,rod-s3,sandhu_ladnertrunk__d _t1_rod-s3, ,  ,  ,2,  ,  ,  ,,,,,,,,
07-Jun-24,"RG, CN",  ,  ,sandhu_ladnertrunk,,d ,t1,rod-s3,sandhu_ladnertrunk__d _t1_rod-s3, ,  ,  ,2.5,  ,  ,  ,,,,,,,,
07-Jun-24,"RG, CN",  ,  ,sandhu_ladnertrunk,,d ,t1,rod-s3,sandhu_ladnertrunk__d _t1_rod-s3, ,  ,  ,2,  ,  ,  ,,,,,,,,
07-Jun-24,"RG, CN",  ,  ,sandhu_ladnertrunk,,d ,t1,rod-s3,sandhu_ladnertrunk__d _t1_rod-s3, ,  ,  ,3,  ,  ,  ,,,,,,,,
07-Jun-24,"RG, CN",  ,  ,sandhu_ladnertrunk,,d ,t1,rod-s3,sandhu_ladnertrunk__d _t1_rod-s3, ,  ,  ,8,  ,  ,  ,,,,,,,,
07-Jun-24,"RG, CN",  ,  ,sandhu_ladnertrunk,,d ,t1,rod-s3,sandhu_ladnertrunk__d _t1_rod-s3, ,  ,  ,1.5,  ,  ,  ,,,,,,,,
07-Jun-24,"RG, CN",  ,  ,sandhu_ladnertrunk,,d ,t1,rod-s3,sandhu_ladnertrunk__d _t1_rod-s3, ,  ,  ,2,  ,  ,  ,,,,,,,,
07-Jun-24,"RG, CN",  ,  ,sandhu_ladnertrunk,,d ,t1,rod-s3,sandhu_ladnertrunk__d _t1_rod-s3, ,  ,  ,10,  ,  ,  ,,,,,,,,
07-Jun-24,"RG, CN",  ,  ,sandhu_ladnertrunk,,d ,t1,rod-s3,sandhu_ladnertrunk__d _t1_rod-s3, ,  ,  ,4,  ,  ,  ,,,,,,,,
07-Jun-24,"RG, CN",  ,  ,sandhu_ladnertrunk,,d ,t1,rod-s3,sandhu_ladnertrunk__d _t1_rod-s3, ,  ,  ,5,  ,  ,  ,,,,,,,,
07-Jun-24,"RG, CN",  ,  ,sandhu_ladnertrunk,,d ,t1,rod-s3,sandhu_ladnertrunk__d _t1_rod-s3, ,  ,  ,3,  ,  ,  ,,,,,,,,
07-Jun-24,"RG, CN",  ,  ,sandhu_ladnertrunk,,d ,t1,rod-s3,sandhu_ladnertrunk__d _t1_rod-s3, ,  ,  ,6,  ,  ,  ,,,,,,,,
07-Jun-24,"RG, CN",  ,  ,sandhu_ladnertrunk,,d ,t1,rod-s4,sandhu_ladnertrunk__d _t1_rod-s4, ,  ,  ,10,  ,  ,  ,,,,,,,,
07-Jun-24,"RG, CN",  ,  ,sandhu_ladnertrunk,,d ,t1,rod-s4,sandhu_ladnertrunk__d _t1_rod-s4, ,  ,  ,10,  ,  ,  ,,,,,,,,
07-Jun-24,"RG, CN",  ,  ,sandhu_ladnertrunk,,d ,t1,rod-s4,sandhu_ladnertrunk__d _t1_rod-s4, ,  ,  ,2.5,  ,  ,  ,,,,,,,,
07-Jun-24,"RG, CN",  ,  ,sandhu_ladnertrunk,,d ,t1,rod-s4,sandhu_ladnertrunk__d _t1_rod-s4, ,  ,  ,2,  ,  ,  ,,,,,,,,
07-Jun-24,"RG, CN",  ,  ,sandhu_ladnertrunk,,d ,t1,rod-s4,sandhu_ladnertrunk__d _t1_rod-s4, ,  ,  ,3,  ,  ,  ,,,,,,,,
07-Jun-24,"RG, CN",  ,  ,sandhu_ladnertrunk,,d ,t1,rod-s4,sandhu_ladnertrunk__d _t1_rod-s4, ,  ,  ,15,  ,  ,  ,,,,,,,,
07-Jun-24,"RG, CN",  ,  ,sandhu_ladnertrunk,,d ,t1,rod-s4,sandhu_ladnertrunk__d _t1_rod-s4, ,  ,  ,20,  ,  ,  ,,,,,,,,
07-Jun-24,"RG, CN",  ,  ,sandhu_ladnertrunk,,d ,t1,rod-s4,sandhu_ladnertrunk__d _t1_rod-s4, ,  ,  ,7,  ,  ,  ,,,,,,,,
07-Jun-24,"RG, CN",  ,  ,sandhu_ladnertrunk,,d ,t1,rod-s4,sandhu_ladnertrunk__d _t1_rod-s4, ,  ,  ,2,  ,  ,  ,,,,,,,,
07-Jun-24,"RG, CN",  ,  ,sandhu_ladnertrunk,,d ,t1,rod-s4,sandhu_ladnertrunk__d _t1_rod-s4, ,  ,  ,3,  ,  ,  ,,,,,,,,
07-Jun-24,"RG, CN",  ,  ,sandhu_ladnertrunk,,d ,t2,rod-s1,sandhu_ladnertrunk__d _t2_rod-s1, ,  ,  ,20,  ,  ,  ,,,,,,,,
07-Jun-24,"RG, CN",  ,  ,sandhu_ladnertrunk,,d ,t2,rod-s1,sandhu_ladnertrunk__d _t2_rod-s1, ,  ,  ,6,  ,  ,  ,,,,,,,,
07-Jun-24,"RG, CN",  ,  ,sandhu_ladnertrunk,,d ,t2,rod-s1,sandhu_ladnertrunk__d _t2_rod-s1, ,  ,  ,4,  ,  ,  ,,,,,,,,
07-Jun-24,"RG, CN",  ,  ,sandhu_ladnertrunk,,d ,t2,rod-s1,sandhu_ladnertrunk__d _t2_rod-s1, ,  ,  ,10,  ,  ,  ,,,,,,,,
07-Jun-24,"RG, CN",  ,  ,sandhu_ladnertrunk,,d ,t2,rod-s1,sandhu_ladnertrunk__d _t2_rod-s1, ,  ,  ,5,  ,  ,  ,,,,,,,,
07-Jun-24,"RG, CN",  ,  ,sandhu_ladnertrunk,,d ,t2,rod-s1,sandhu_ladnertrunk__d _t2_rod-s1, ,  ,  ,7,  ,  ,  ,,,,,,,,
07-Jun-24,"RG, CN",  ,  ,sandhu_ladnertrunk,,d ,t2,rod-s1,sandhu_ladnertrunk__d _t2_rod-s1, ,  ,  ,2.5,  ,  ,  ,,,,,,,,
07-Jun-24,"RG, CN",  ,  ,sandhu_ladnertrunk,,d ,t2,rod-s1,sandhu_ladnertrunk__d _t2_rod-s1, ,  ,  ,2.5,  ,  ,  ,,,,,,,,
07-Jun-24,"RG, CN",  ,  ,sandhu_ladnertrunk,,d ,t2,rod-s1,sandhu_ladnertrunk__d _t2_rod-s1, ,  ,  ,2.5,  ,  ,  ,,,,,,,,
07-Jun-24,"RG, CN",  ,  ,sandhu_ladnertrunk,,d ,t2,rod-s1,sandhu_ladnertrunk___t2_rod-s1, ,  ,  ,4,  ,  ,  ,,,,,,,,
07-Jun-24,"RG, CN",  ,  ,sandhu_ladnertrunk,,d ,t2,rod-s1,sandhu_ladnertrunk___t2_rod-s1, ,  ,  ,4,  ,  ,  ,,,,,,,,
07-Jun-24,"RG, CN",  ,  ,sandhu_ladnertrunk,,d ,t2,rod-s1,sandhu_ladnertrunk___t2_rod-s1, ,  ,  ,3,  ,  ,  ,,,,,,,,
07-Jun-24,"RG, CN",  ,  ,sandhu_ladnertrunk,,d ,t2,rod-s1,sandhu_ladnertrunk___t2_rod-s1, ,  ,  ,2.5,  ,  ,  ,,,,,,,,
07-Jun-24,"RG, CN",  ,  ,sandhu_ladnertrunk,,d ,t2,rod-s2,sandhu_ladnertrunk___t2_rod-s2, ,  ,  ,2.5,  ,  ,  ,,,,,,,,
07-Jun-24,"RG, CN",  ,  ,sandhu_ladnertrunk,,d ,t2,rod-s2,sandhu_ladnertrunk___t2_rod-s2, ,  ,  ,6,  ,  ,  ,,,,,,,,
07-Jun-24,"RG, CN",  ,  ,sandhu_ladnertrunk,,d ,t2,rod-s2,sandhu_ladnertrunk___t2_rod-s2, ,  ,  ,2,  ,  ,  ,,,,,,,,
07-Jun-24,"RG, CN",  ,  ,sandhu_ladnertrunk,,d ,t2,rod-s2,sandhu_ladnertrunk___t2_rod-s2, ,  ,  ,5,  ,  ,  ,,,,,,,,
07-Jun-24,"RG, CN",  ,  ,sandhu_ladnertrunk,,d ,t2,rod-s2,sandhu_ladnertrunk___t2_rod-s2, ,  ,  ,6,  ,  ,  ,,,,,,,,
07-Jun-24,"RG, CN",  ,  ,sandhu_ladnertrunk,,d ,t2,rod-s3,sandhu_ladnertrunk___t2_rod-s3, ,  ,  ,9,  ,  ,  ,,,,,,,,
07-Jun-24,"RG, CN",  ,  ,sandhu_ladnertrunk,,d ,t2,rod-s3,sandhu_ladnertrunk___t2_rod-s3, ,  ,  ,7,  ,  ,  ,,,,,,,,
07-Jun-24,"RG, CN",  ,  ,sandhu_ladnertrunk,,d ,t2,rod-s3,sandhu_ladnertrunk___t2_rod-s3, ,  ,  ,4,  ,  ,  ,,,,,,,,
07-Jun-24,"RG, CN",  ,  ,sandhu_ladnertrunk,,d ,t2,rod-s3,sandhu_ladnertrunk___t2_rod-s3, ,  ,  ,8,  ,  ,  ,,,,,,,,
07-Jun-24,"RG, CN",  ,  ,sandhu_ladnertrunk,,d ,t2,rod-s3,sandhu_ladnertrunk___t2_rod-s3, ,  ,  ,3,  ,  ,  ,,,,,,,,
07-Jun-24,"RG, CN",  ,  ,sandhu_ladnertrunk,,d ,t2,rod-s3,sandhu_ladnertrunk___t2_rod-s3, ,  ,  ,8,  ,  ,  ,,,,,,,,
07-Jun-24,"RG, CN",  ,  ,sandhu_ladnertrunk,,d ,t2,rod-s3,sandhu_ladnertrunk___t2_rod-s3, ,  ,  ,3.5,  ,  ,  ,,,,,,,,
07-Jun-24,"RG, CN",  ,  ,sandhu_ladnertrunk,,d ,t2,rod-s3,sandhu_ladnertrunk___t2_rod-s3, ,  ,  ,5,  ,  ,  ,,,,,,,,
07-Jun-24,"RG, CN",  ,  ,sandhu_ladnertrunk,,d ,t2,rod-s3,sandhu_ladnertrunk___t2_rod-s3, ,  ,  ,4.5,  ,  ,  ,,,,,,,,
07-Jun-24,"RG, CN",  ,  ,sandhu_ladnertrunk,,d ,t2,rod-s3,sandhu_ladnertrunk___t2_rod-s3, ,  ,  ,8,  ,  ,  ,,,,,,,,
07-Jun-24,"RG, CN",  ,  ,sandhu_ladnertrunk,,d ,t2,rod-s3,sandhu_ladnertrunk___t2_rod-s3, ,  ,  ,6,  ,  ,  ,,,,,,,,
07-Jun-24,"RG, CN",  ,  ,sandhu_ladnertrunk,,d ,t2,rod-s3,sandhu_ladnertrunk___t2_rod-s3, ,  ,  ,6,  ,  ,  ,,,,,,,,
07-Jun-24,"RG, CN",  ,  ,sandhu_ladnertrunk,,d ,t2,rod-s3,sandhu_ladnertrunk___t2_rod-s3, ,  ,  ,3,  ,  ,  ,,,,,,,,
07-Jun-24,"RG, CN",  ,  ,sandhu_ladnertrunk,,d ,t2,rod-s3,sandhu_ladnertrunk___t2_rod-s3, ,  ,  ,10,  ,  ,  ,,,,,,,,
07-Jun-24,"RG, CN",  ,  ,sandhu_ladnertrunk,,d ,t2,rod-s4,sandhu_ladnertrunk___t2_rod-s4, ,  ,  ,8,  ,  ,  ,,,,,,,,
07-Jun-24,"RG, CN",  ,  ,sandhu_ladnertrunk,,d ,t2,rod-s4,sandhu_ladnertrunk___t2_rod-s4, ,  ,  ,8,  ,  ,  ,,,,,,,,
07-Jun-24,"RG, CN",  ,  ,sandhu_ladnertrunk,,d ,t2,rod-s4,sandhu_ladnertrunk___t2_rod-s4, ,  ,  ,3,  ,  ,  ,,,,,,,,
07-Jun-24,"RG, CN",  ,  ,sandhu_ladnertrunk,,d ,t2,rod-s4,sandhu_ladnertrunk___t2_rod-s4, ,  ,  ,5,  ,  ,  ,,,,,,,,
07-Jun-24,"RG, CN",  ,  ,sandhu_ladnertrunk,,d ,t2,rod-s4,sandhu_ladnertrunk___t2_rod-s4, ,  ,  ,5,  ,  ,  ,,,,,,,,
07-Jun-24,"RG, CN",  ,  ,sandhu_ladnertrunk,,d ,t2,rod-s5,sandhu_ladnertrunk___t2_rod-s5, ,  ,  ,13,  ,  ,  ,,,,,,,,
09-Jul-24,"RG, AD",11-Jul-24,"RG, NC",chong_68,,p1,t1,rod-s1,chong_68__p1_t1_rod-s1,3,r,r,3,v,bare,none,y,dm ,Hopping? Saw DM in P1 T1.,2296,RG,y,B,
09-Jul-24,"RG, AD",11-Jul-24,"RG, NC",chong_68,,p1,t1,rod-s1,chong_68__p1_t1_rod-s1,4,r,r,3.5,v,bare,Connected to 1.3.,no powder,   ,No powder. ,none,RG,n,  ,
09-Jul-24,"RG, AD",11-Jul-24,"RG, NC",chong_68,,p1,t1,rod-s1,chong_68__p1_t1_rod-s1,4,r,r,3.5,v,bare,Connected to 1.2.,no powder,   ,No powder. ,none,RG,n,  ,
09-Jul-24,"RG, AD",11-Jul-24,"RG, NC",chong_68,,p1,t1,rod-s1,chong_68__p1_t1_rod-s1,5,r,r,3,v,bare,Runway. ,y,v,none,2297-2298,RG,y,A,
09-Jul-24,"RG, AD",11-Jul-24,"RG, NC",chong_68,,p1,t1,rod-s1,chong_68__p1_t1_rod-s1,5,r,r,2.5,dm ,bare,none,y,v,none,2297-2298,RG,y,A,
09-Jul-24,"RG, AD",11-Jul-24,"RG, NC",chong_68,,p1,t1,rod-s1,chong_68__p1_t1_rod-s1,5,r,r,4,v,bare,Runway. ,y,v,none,2297-2298,RG,y,A,
09-Jul-24,"RG, AD",11-Jul-24,"RG, NC",chong_68,,p1,t1,rod-s1,chong_68__p1_t1_rod-s1,5,r,r,2,dm ,bare,none,y,v,none,2297-2298,RG,y,A,
09-Jul-24,"RG, AD",11-Jul-24,"RG, NC",chong_68,,p1,t1,rod-s1,chong_68__p1_t1_rod-s1,5,r,r,2.5,dm ,bare,none,y,v,Continuous trail.,2299,RG,y,A,
09-Jul-24,"RG, AD",11-Jul-24,"RG, NC",chong_68,,p1,t1,rod-s1,chong_68__p1_t1_rod-s1,6,l,r,2,dm ,mulch,ABP-D,y,u,Even wash around entrance.,2300-2301,RG,y, ,
09-Jul-24,"RG, AD",11-Jul-24,"RG, NC",chong_68,,p1,t1,rod-s1,chong_68__p1_t1_rod-s1,6,l,r,2,dm ,mulch,ABP-D,y,u,Even wash around entrance.,2300-2301,RG,y, ,
09-Jul-24,"RG, AD",11-Jul-24,"RG, NC",chong_68,,p1,t1,rod-s1,chong_68__p1_t1_rod-s1,7,r,r,2,dm ,bare,none,y,u/dm?/s  ke,none,2302-2303,RG, , ,short trail
09-Jul-24,"RG, AD",11-Jul-24,"RG, NC",chong_68,,p1,t1,rod-s2,chong_68__p1_t1_rod-s2,24,r,r,3,v,bare,Runway? Connected to 2.2.,n,   ,none,2304-2305,RG,n,  ,
09-Jul-24,"RG, AD",11-Jul-24,"RG, NC",chong_68,,p1,t1,rod-s2,chong_68__p1_t1_rod-s2,24,r,r,2.5,v,bare,Connected to 2.1.,y,v?,none,2304-2305,RG, , ,
09-Jul-24,"RG, AD",11-Jul-24,"RG, NC",chong_68,,p1,t1,rod-s3,chong_68__p1_t1_rod-s3,41,r,r,2.5,dm ,bare,none,y,v,Faint tracks.,2306-2308,RG, , ,
09-Jul-24,"RG, AD",11-Jul-24,"RG, NC",chong_68,,p1,t1,rod-s3,chong_68__p1_t1_rod-s3,41,r,r,2.5,dm ,bare,none,y,slug? v?,none,2309-2311,RG,n,  ,slug
09-Jul-24,"RG, AD",11-Jul-24,"RG, NC",chong_68,,p1,t1,rod-s3,chong_68__p1_t1_rod-s3,41,r,r,2.5,dm ,bare,none,y,dm? v?,Hopping between 3.4.,2312-2314,RG,y, ,
09-Jul-24,"RG, AD",11-Jul-24,"RG, NC",chong_68,,p1,t1,rod-s3,chong_68__p1_t1_rod-s3,42,r,r,2.5,dm ,bare,none,y,dm? v?,Hopping between 3.3. ,2315-2317,RG,y,B,
09-Jul-24,"RG, AD",11-Jul-24,"RG, NC",chong_68,,p1,t1,rod-s3,chong_68__p1_t1_rod-s3,44,r,r,2.5,dm ,bare,none,y,dm?,none,2318-2319,RG, , ,
09-Jul-24,"RG, AD",11-Jul-24,"RG, NC",chong_68,,p1,t1,rod-s3,chong_68__p1_t1_rod-s3,44,r,r,2,dm ,bare,none,y,dm? ,none,2320,RG, , ,
09-Jul-24,"RG, AD",11-Jul-24,"RG, NC",chong_68,,p1,t1,rod-s3,chong_68__p1_t1_rod-s3,45,l,r,2.5,dm ,bare,none,y,dm? slug?,Long thin trail.,2321-2322,RG,n,  ,
09-Jul-24,"RG, AD",11-Jul-24,"RG, NC",chong_68,,p1,t1,rod-s3,chong_68__p1_t1_rod-s3,47,r,r,2,dm ,bare,none,y,v!,Great tracks! Continuous footsteps.,2323-2324,RG,y,A,
09-Jul-24,"RG, AD",11-Jul-24,"RG, NC",chong_68,,p1,t1,rod-s3,chong_68__p1_t1_rod-s3,48,l,r,2,dm ,bare,none,y,v?,none,2325,RG,y, ,
09-Jul-24,"RG, AD",11-Jul-24,"RG, NC",chong_68,,p1,t1,rod-s3,chong_68__p1_t1_rod-s3,48,l,r,3.5,v,bare,none,n,slug,none,2326,RG,n,  ,
09-Jul-24,"RG, AD",11-Jul-24,"RG, NC",chong_68,,p1,t1,rod-s3,chong_68__p1_t1_rod-s3,49,l,r,2,dm ,bare,none,n,   ,No visible trails.,2327,RG,n,  ,
09-Jul-24,"RG, AD",11-Jul-24,"RG, NC",chong_68,,p1,t1,rod-s3,chong_68__p1_t1_rod-s3,49,l,r,2,dm ,bare,none,n,   ,No visible trails.,2327,RG,n,  ,
09-Jul-24,"RG, AD",11-Jul-24,"RG, NC",chong_68,,p1,t1,rod-s3,chong_68__p1_t1_rod-s3,49,l,r,3,dm ,bare,none,n,   ,No visible trails.,2327,RG,n,  ,
09-Jul-24,"RG, AD",11-Jul-24,"RG, NC",chong_68,,p1,t1,rod-s5,chong_68__p1_t1_rod-s5,82,l,r,4,v,bare,Runway. ,y,v?,none,2328-2329,RG,n,  ,
09-Jul-24,"RG, AD",11-Jul-24,"RG, NC",chong_68,,p1,t1,rod-s5,chong_68__p1_t1_rod-s5,84,l,r,2.5,dm ,bare,none,n,   ,Thin trail.,2334,RG,n,  ,
09-Jul-24,"RG, AD",11-Jul-24,"RG, NC",chong_68,,p1,t1,rod-s5,chong_68__p1_t1_rod-s5,84,l,r,3,?,bare,none,n,   ,Thin trail.,2335,RG,n,  ,
09-Jul-24,"RG, AD",11-Jul-24,"RG, NC",chong_68,,p1,t1,rod-s5,chong_68__p1_t1_rod-s5,84,l,r,2,dm ,mulch,none,y,u/v?,Scattered powder.,2336-2337,RG,n,  ,
09-Jul-24,"RG, AD",11-Jul-24,"RG, NC",chong_68,,p1,t1,rod-s5,chong_68__p1_t1_rod-s5,83,l,r,3,?,mulch,none,y,v,none,2330-2333,RG,y,A,
09-Jul-24,"RG, AD",11-Jul-24,"RG, NC",chong_68,,p1,t1,rod-s5,chong_68__p1_t1_rod-s5,85,r,r,2,dm ,bare,Connected to 5.7.,y,v,none,2338-2343,RG,y,A,
09-Jul-24,"RG, AD",11-Jul-24,"RG, NC",chong_68,,p1,t1,rod-s5,chong_68__p1_t1_rod-s5,85,r,r,2,dm ,bare? (erased),Connected to 5.6.,no powder,   ,none,none,RG,n,  ,
09-Jul-24,"RG, AD",11-Jul-24,"RG, NC",chong_68,,p1,t2,rod-s1 ,chong_68__p1_t2_rod-s1 ,1,r,r,2.5,dm ,bare,1 Inch band of powder around each hole., , ,Little activity.,3516,CK ,n,  ,
09-Jul-24,"RG, AD",11-Jul-24,"RG, NC",chong_68,,p1,t2,rod-s1 ,chong_68__p1_t2_rod-s1 ,2,r,r,2.5,dm ,bare,none,y,dm? ,Tail and hopping.,3517,CK ,y, ,
09-Jul-24,"RG, AD",11-Jul-24,"RG, NC",chong_68,,p1,t2,rod-s1,chong_68__p1_t2_rod-s1,3,l,r,2.5,dm ,mulch,none,y,dm? ,Hopping.,3518,CK ,y, ,
09-Jul-24,"RG, AD",11-Jul-24,"RG, NC",chong_68,,p1,t2,rod-s1,chong_68__p1_t2_rod-s1,4,l,r,3,dm ,bare,none,y,dm? ,Hopping.,3519,CK ,y, ,
09-Jul-24,"RG, AD",11-Jul-24,"RG, NC",chong_68,,p1,t2,rod-s1,chong_68__p1_t2_rod-s1,6,r,r,4,v,bare,none,y,dm? ,Hopping but footprints look large,3520,CK ,y,B,
09-Jul-24,"RG, AD",11-Jul-24,"RG, NC",chong_68,,p1,t2,rod-s1,chong_68__p1_t2_rod-s1,6,r,r,3,v,bare,none,y,dm? ,Hopping but footprints look large,3520,CK ,y,B,
09-Jul-24,"RG, AD",11-Jul-24,"RG, NC",chong_68,,p1,t2,rod-s1,chong_68__p1_t2_rod-s1,7,r,r,3,v,bare,none,y,dm? ,Hopping but footprints look large,3521,CK ,y, ,
09-Jul-24,"RG, AD",11-Jul-24,"RG, NC",chong_68,,p1,t2,rod-s1,chong_68__p1_t2_rod-s1,7,r,r,4,v,bare,none,y,dm? ,Hopping but footprints look large,3521,CK ,y, ,
09-Jul-24,"RG, AD",11-Jul-24,"RG, NC",chong_68,,p1,t2,rod-s1,chong_68__p1_t2_rod-s1,7,r,r,2,dm ,bare,none,y,dm? ,Hopping but footprints look large,3521,CK ,y, ,
09-Jul-24,"RG, AD",11-Jul-24,"RG, NC",chong_68,,p1,t2,rod-s1,chong_68__p1_t2_rod-s1,8,r,r,4,v,bare,none,y,dm? ,Hopping but footprints look large,3522,CK ,y,B,
09-Jul-24,"RG, AD",11-Jul-24,"RG, NC",chong_68,,p1,t2,rod-s1,chong_68__p1_t2_rod-s1,8,l,r,2,dm ,bare,none,y, ,"Unclear, diffuse.",3523,CK , , ,
09-Jul-24,"RG, AD",11-Jul-24,"RG, NC",chong_68,,p1,t2,rod-s1,chong_68__p1_t2_rod-s1,7,l,r,2,dm ,bare,none,y, ,"Unclear, diffuse.",3524,CK , , ,
09-Jul-24,"RG, AD",11-Jul-24,"RG, NC",chong_68,,p1,t2,rod-s1,chong_68__p1_t2_rod-s1,9,l,r,2,dm ,bare,none,n,   ,Little activity.,3525,CK ,n,  ,
09-Jul-24,"RG, AD",11-Jul-24,"RG, NC",chong_68,,p1,t2,rod-s2,chong_68__p1_t2_rod-s2,27,l,r,4,v,bare,none,y,v?,"Continuous , unclear.",3526,CK , , ,
09-Jul-24,"RG, AD",11-Jul-24,"RG, NC",chong_68,,p1,t2,rod-s2,chong_68__p1_t2_rod-s2,27,l,r,3,dm ,bare,none,y, ,"Unclear, multiple trails.",3527,CK ,y, ,
09-Jul-24,"RG, AD",11-Jul-24,"RG, NC",chong_68,,p1,t2,rod-s2,chong_68__p1_t2_rod-s2,28,l,r,3.5,v,bare,none,y, ,"Unclear, lots of movement.",3528,CK , , ,
09-Jul-24,"RG, AD",11-Jul-24,"RG, NC",chong_68,,p1,t2,rod-s2,chong_68__p1_t2_rod-s2,28,r,r,2,dm ,bare,none,y, ,"Unclear, diffuse.",3529,CK ,n,  ,
09-Jul-24,"RG, AD",11-Jul-24,"RG, NC",chong_68,,p1,t2,rod-s2,chong_68__p1_t2_rod-s2,29,r,r,2.5,dm ,bare,none,y,dm? ,"Hopping, unlcear.",3530,CK ,y, ,
09-Jul-24,"RG, AD",11-Jul-24,"RG, NC",chong_68,,p1,t2,rod-s2,chong_68__p1_t2_rod-s2,30,r,r,2.5,dm ,bare,none,y, ,"Unclear, diffuse.",3531,CK ,y, ,
09-Jul-24,"RG, AD",11-Jul-24,"RG, NC",chong_68,,p1,t2,rod-s3,chong_68__p1_t2_rod-s3,40,l,r,4,v,bare,Runway.,y, ,"Unlear, diffuse.",3532,CK ,n,  ,
09-Jul-24,"RG, AD",11-Jul-24,"RG, NC",chong_68,,p1,t2,rod-s3,chong_68__p1_t2_rod-s3,41,r,r,2,dm ,bare,Connected to 3.3.,y,dm? ,"Unclear, hopping.",3533,CK , , ,
09-Jul-24,"RG, AD",11-Jul-24,"RG, NC",chong_68,,p1,t2,rod-s3,chong_68__p1_t2_rod-s3,41,r,r,3.5,dm ,bare,Connected to 3.2.,y,dm? ,"Unclear, hopping.",3533,CK , , ,
09-Jul-24,"RG, AD",11-Jul-24,"RG, NC",chong_68,,p1,t2,rod-s3,chong_68__p1_t2_rod-s3,41,l,r,3.5,v,bare,Runway.,y, ,"Unclear, diffuse.",3534,CK ,y,B,
09-Jul-24,"RG, AD",11-Jul-24,"RG, NC",chong_68,,p1,t2,rod-s3,chong_68__p1_t2_rod-s3,42,l,r,2.5,dm ,bare,none,y,dm? ,"Unclear, some hopping.",3535,CK , , ,
09-Jul-24,"RG, AD",11-Jul-24,"RG, NC",chong_68,,p1,t2,rod-s3,chong_68__p1_t2_rod-s3,43,l,r,3.5,v,bare,none,y,dm? ,Hopping.,3536,CK ,y,A,
09-Jul-24,"RG, AD",11-Jul-24,"RG, NC",chong_68,,p1,t2,rod-s3,chong_68__p1_t2_rod-s3,44,r,r,2,dm,bare,none,y, ,"Unclear, diffuse.",3539,CK ,y, ,
09-Jul-24,"RG, AD",11-Jul-24,"RG, NC",chong_68,,p1,t2,rod-s3,chong_68__p1_t2_rod-s3,43,r,r,4,v,mulch,none,y,dm?,"Hopping, distinct feet.",3537-3538,CK ,y,A,
09-Jul-24,"RG, AD",11-Jul-24,"RG, NC",chong_68,,p1,t2,rod-s3,chong_68__p1_t2_rod-s3,44,r,r,2.5,dm ,bare,none,y, ,"Unclear, diffuse.",3540,CK ,y, ,
09-Jul-24,"RG, AD",11-Jul-24,"RG, NC",chong_68,,p1,t2,rod-s3,chong_68__p1_t2_rod-s3,45,r,r,2,dm ,bare,none, , ,"Unclear, diffuse.",3541,CK ,n,  ,
09-Jul-24,"RG, AD",11-Jul-24,"RG, NC",chong_68,,p1,t2,rod-s3,chong_68__p1_t2_rod-s3,44,l,r,2.5,dm ,bare,none,y,dm? ,"Hopping, clear prints.",3543,CK ,y, ,
09-Jul-24,"RG, AD",11-Jul-24,"RG, NC",chong_68,,p1,t2,rod-s3,chong_68__p1_t2_rod-s3,45,l,r,2.5,dm ,bare,none, ,dm? ,Hopping.,3544,CK ,n,  ,
09-Jul-24,"RG, AD",11-Jul-24,"RG, NC",chong_68,,p1,t2,rod-s3,chong_68__p1_t2_rod-s3,46,r,r,2,dm ,bare,none,,?,"Unclear, diffuse.",3545,CK ,n,  ,
09-Jul-24,"RG, AD",11-Jul-24,"RG, NC",chong_68,,p1,t2,rod-s3,chong_68__p1_t2_rod-s3,47,r,r,3,v/dm,bare,Connected to 3.15.,y,dm? ,"Hopping, small tracks.",3548,CK , , ,
09-Jul-24,"RG, AD",11-Jul-24,"RG, NC",chong_68,,p1,t2,rod-s3,chong_68__p1_t2_rod-s3,47,r,r,3.5,v/dm,bare,Connected to 3.14.,y,dm? ,"Hopping, small tracks.",3546,CK , , ,
09-Jul-24,"RG, AD",11-Jul-24,"RG, NC",chong_68,,p1,t2,rod-s3,chong_68__p1_t2_rod-s3,49,r,r,2,v,bare,Runway?,n,   ,Thin arcing trail. Ant?,2344,RG,n,  ,
09-Jul-24,"RG, AD",11-Jul-24,"RG, NC",chong_68,,p1,t2,rod-s3,chong_68__p1_t2_rod-s3,50,r,r,2,dm ,bare,none,n,   ,Centipede?,2345-2346,RG,n,  ,
09-Jul-24,"RG, AD",11-Jul-24,"RG, NC",chong_68,,p1,t2,rod-s4,chong_68__p1_t2_rod-s4,60,l,r,2,dm ,bare,none,y,dm,Hopping.,2347-2349,RG,y,B,
09-Jul-24,"RG, AD",11-Jul-24,"RG, NC",chong_68,,p1,t2,rod-s4,chong_68__p1_t2_rod-s4,64,l,r,3,v,mulch,none,n,ant,Ant trail.,2350,RG,n,  ,
09-Jul-24,"RG, AD",11-Jul-24,"RG, NC",chong_68,,p1,t2,rod-s4,chong_68__p1_t2_rod-s4,65,l,r,3,v,bare,none,y,dm,Hopping!,2351-2355,RG, , ,bird?
09-Jul-24,"RG, AD",11-Jul-24,"RG, NC",chong_68,,p1,t2,rod-s4,chong_68__p1_t2_rod-s4,66,r,r,3.5,v,bare,none,y,v,Great tracks.,2356-2360,RG,y, ,
09-Jul-24,"RG, AD",11-Jul-24,"RG, NC",chong_68,,p1,t2,rod-s4,chong_68__p1_t2_rod-s4,66,r,r,2.5,dm ,bare,none,y,v,none,2361,RG,y, ,
09-Jul-24,"RG, AD",11-Jul-24,"RG, NC",chong_68,,p1,t2,rod-s4,chong_68__p1_t2_rod-s4,68,r,r,2.5,dm ,bare,none,y,v?,none,2362,RG, , ,
09-Jul-24,"RG, AD",11-Jul-24,"RG, NC",chong_68,,p1,t2,rod-s4,chong_68__p1_t2_rod-s4,69,l,r,3,v,bare,none,n,   ,none,2363,RG,n,  ,
09-Jul-24,"RG, AD",11-Jul-24,"RG, NC",chong_68,,p1,t2,rod-s5,chong_68__p1_t2_rod-s5,80,l,r,3,v?,bare,none,y,v!,Great tracks.,2364-2368,RG,y,A,
09-Jul-24,"RG, AD",11-Jul-24,"RG, NC",chong_68,,p1,t2,rod-s5,chong_68__p1_t2_rod-s5,82,r,r,2.5,dm ,mulch,ABP-D,n,   ,none,2369,RG,n,  ,
09-Jul-24,"RG, AD",11-Jul-24,"RG, NC",chong_68,,p1,t2,rod-s5,chong_68__p1_t2_rod-s5,82,r,r,2.5,dm ,bare,none,n,   ,Ant trail.,2370,RG,n,  ,
09-Jul-24,"RG, AD",11-Jul-24,"RG, NC",chong_68,,p1,t2,rod-s5,chong_68__p1_t2_rod-s5,82,r,r,3.5,v,mulch,ABP-D,n,   ,none,2369,RG,n,  ,
09-Jul-24,"RG, AD",11-Jul-24,"RG, NC",chong_68,,p1,t2,rod-s5,chong_68__p1_t2_rod-s5,82,l,r,3.5,v,bare,none,n,   ,Powder dusted.,2371,RG,n,  ,
09-Jul-24,"RG, AD",11-Jul-24,"RG, NC",chong_68,,p1,t2,rod-s5,chong_68__p1_t2_rod-s5,82,l,r,2.5,dm ,bare,none,y,v,Bounding or possible dm?,2372-2373,RG,y, ,
09-Jul-24,"RG, AD",11-Jul-24,"RG, NC",chong_68,,p1,t2,rod-s5,chong_68__p1_t2_rod-s5,84,r,r,2,dm ,mulch,none,y,u,No discernible tracks. ,2374,RG, , ,
09-Jul-24,"RG, AD",11-Jul-24,"RG, NC",chong_68,,p1,t2,rod-s5,chong_68__p1_t2_rod-s5,84,r,r,6,v,mulch,ABP-D,n,   ,none,2375,RG,n,  ,
09-Jul-24,"RG, AD",11-Jul-24,"RG, NC",chong_68,,p1,t2,rod-s5,chong_68__p1_t2_rod-s5,87,l,r,2,dm ,mulch,ABP-D,y,v,none,2376-2377,RG,y, ,short trail
09-Jul-24,"RG, AD",11-Jul-24,"RG, NC",chong_68,,p1,t2,rod-s5,chong_68__p1_t2_rod-s5,89,l,r,5,v,mulch,ABP-D,y,u,No discernible tracks. ,2378,RG, , ,
09-Jul-24,"RG, AD",11-Jul-24,"AD, CK",chong_68,,p2,t1,rod-s1 ,chong_68__p2_t1_rod-s1 ,2,l,r,4,v,mulch,none,y,dm? ,Possible tail and hopping. Unclear.,3485,CK ,n,  ,
09-Jul-24,"RG, AD",11-Jul-24,"AD, CK",chong_68,,p2,t1,rod-s1 ,chong_68__p2_t1_rod-s1 ,6,r,r,5,v,mulch,none,y,dm,Hopping. No tail.,3486-3487,CK ,y, ,
09-Jul-24,"RG, AD",11-Jul-24,"AD, CK",chong_68,,p2,t1,rod-s1,chong_68__p2_t1_rod-s1,7,r,r,2,dm ,bare,none,y,dm,Hopping. No tail.,3488,CK ,y, ,
09-Jul-24,"RG, AD",11-Jul-24,"AD, CK",chong_68,,p2,t1,rod-s1,chong_68__p2_t1_rod-s1,7,r,r,5,v,bare,none,y,?,Diffuse unclear.,3489,CK ,n,  ,
09-Jul-24,"RG, AD",11-Jul-24,"AD, CK",chong_68,,p2,t1,rod-s1,chong_68__p2_t1_rod-s1,8,r,r,2,dm ,bare,none,y,dm? ,Hopping. Photos of prints.,3490-3492,CK ,y, ,
09-Jul-24,"RG, AD",11-Jul-24,"AD, CK",chong_68,,p2,t1,rod-s1,chong_68__p2_t1_rod-s1,8,r,r,2,dm ,bare,none,y,dm? ,Hopping. Photos of prints.,3490-3492,CK ,y, ,
09-Jul-24,"RG, AD",11-Jul-24,"AD, CK",chong_68,,p2,t1,rod-s2,chong_68__p2_t1_rod-s2,21,r,r,3,v,mulch,none,y,dm? ,Hopping continuous. ,"3493, 3494",CK ,y, ,
09-Jul-24,"RG, AD",11-Jul-24,"AD, CK",chong_68,,p2,t1,rod-s2,chong_68__p2_t1_rod-s2,21,r,r,3,v/dm,mulch,Distinct V?.,y,dm? ,Hopping continuous. ,"3493, 3495",CK ,y,A,
09-Jul-24,"RG, AD",11-Jul-24,"AD, CK",chong_68,,p2,t1,rod-s3,chong_68__p2_t1_rod-s3,40,r,r,3,dm ,mulch,none,y,?,Continuous. Unclear.,3496,CK ,n,  ,
09-Jul-24,"RG, AD",11-Jul-24,"AD, CK",chong_68,,p2,t1,rod-s3,chong_68__p2_t1_rod-s3,40,r,r,2.5,dm,mulch,none,y,?,Continuous. Unclear.,3496,CK ,n,  ,
09-Jul-24,"RG, AD",11-Jul-24,"AD, CK",chong_68,,p2,t1,rod-s3,chong_68__p2_t1_rod-s3,41,r,r,2.5,dm ,mulch,none,y,dm? ,Hopping. Foot prints.,3498,CK ,y,A,
09-Jul-24,"RG, AD",11-Jul-24,"AD, CK",chong_68,,p2,t1,rod-s4,chong_68__p2_t1_rod-s4,61,r,r,3,v?,mulch,none,y,dm? ,Hopping. Foot prints.,3499,CK ,y,A,
09-Jul-24,"RG, AD",11-Jul-24,"AD, CK",chong_68,,p2,t1,rod-s4,chong_68__p2_t1_rod-s4,61,r,r,3,v?,mulch,none,y,dm? ,Hopping. Foot prints.,3499,CK ,y,A,
09-Jul-24,"RG, AD",11-Jul-24,"AD, CK",chong_68,,p2,t1,rod-s4,chong_68__p2_t1_rod-s4,63,r,r,2,dm ,bare,none,y,?,Unclear. Possible tail.,3500,CK ,n,  ,
09-Jul-24,"RG, AD",11-Jul-24,"AD, CK",chong_68,,p2,t1,rod-s4,chong_68__p2_t1_rod-s4,64,r,r,4,v,grass,none,y,?,Unclear. Obscured by grasses.,3501,CK ,n,  ,
09-Jul-24,"RG, AD",11-Jul-24,"AD, CK",chong_68,,p2,t1,rod-s4,chong_68__p2_t1_rod-s4,66,r,r,2,dm ,dug out section ,ABP-D,y,?,Unclear.,3504,CK ,n,  ,
09-Jul-24,"RG, AD",11-Jul-24,"AD, CK",chong_68,,p2,t1,rod-s4,chong_68__p2_t1_rod-s4,66,r,r,3.5,v,dug out section ,ABP-D,y,?,Unclear.,3504,CK ,n,  ,
09-Jul-24,"RG, AD",11-Jul-24,"AD, CK",chong_68,,p2,t1,rod-s4,chong_68__p2_t1_rod-s4,67,r,r,3,dm ,bare,none,y,dm? ,Hopping. Foot prints.,3502,CK ,y,A,
09-Jul-24,"RG, AD",11-Jul-24,"AD, CK",chong_68,,p2,t1,rod-s4,chong_68__p2_t1_rod-s4,69,r,r,4,v,mulch,none,y,?,Possible hopping.,3505,CK , , ,
09-Jul-24,"RG, AD",11-Jul-24,"AD, CK",chong_68,,p2,t1,rod-s4,chong_68__p2_t1_rod-s4,69,r,r,3.5,v,mulch,none,y,?,Possible hopping.,3505,CK , , ,
09-Jul-24,"RG, AD",11-Jul-24,"AD, CK",chong_68,,p2,t1,rod-s4,chong_68__p2_t1_rod-s4,69.5,r,r,3,v,mulch,Runway.,y,dm? ,Runway. Hopping distinct.,3506,CK ,y, ,
09-Jul-24,"RG, AD",11-Jul-24,"AD, CK",chong_68,,p2,t1,rod-s4,chong_68__p2_t1_rod-s4,70,r,r,3.5,v,bare,none,y,v?,Continuous. See video.,3507-3508,CK ,y, ,
09-Jul-24,"RG, AD",11-Jul-24,"AD, CK",chong_68,,p2,t1,rod-s5,chong_68__p2_t1_rod-s5,80,r,r,6,v,mulch,none,y,v?,Continuous path.,3509,CK , , ,short trail
09-Jul-24,"RG, AD",11-Jul-24,"AD, CK",chong_68,,p2,t1,rod-s5,chong_68__p2_t1_rod-s5,82,r,r,5,v,mulch,none,y,v?,Continuous. Large prints.,"3510, 3511",CK ,y,A,
09-Jul-24,"RG, AD",11-Jul-24,"AD, CK",chong_68,,p2,t1,rod-s5,chong_68__p2_t1_rod-s5,82,r,r,3.5,v,bare,Runway.,y,v?,Continuous. Large prints.,"3510, 3512",CK ,y,A,
09-Jul-24,"RG, AD",11-Jul-24,"AD, CK",chong_68,,p2,t1,rod-s5,chong_68__p2_t1_rod-s5,82.5,r,r,4,v,mulch,none,y,v?,Continuous. Large prints.,"3510, 3513",CK ,y, ,
09-Jul-24,"RG, AD",11-Jul-24,"AD, CK",chong_68,,p2,t1,rod-s5,chong_68__p2_t1_rod-s5,82.5,r,r,2.5,dm ,mulch,none,y,v?,Continuous. Large prints.,"3510, 3513",CK ,y, ,
09-Jul-24,"RG, AD",11-Jul-24,"AD, CK",chong_68,,p2,t1,rod-s5,chong_68__p2_t1_rod-s5,84,r,r,3,dm ,mulch,none,y,?,Diffuse unclear.,3514,CK ,n,  ,
09-Jul-24,"RG, AD",11-Jul-24,"AD, CK",chong_68,,p2,t1,rod-s5,chong_68__p2_t1_rod-s5,84.5,r,r,2.5,dm ,mulch,none,y,?,Diffuse unclear.,3515,CK ,n,  ,
09-Jul-24,"RG, AD",11-Jul-24,"AD, CK",chong_68,,p2,t2,rod-s1 ,chong_68__p2_t2_rod-s1 ,3,l,r,3,dm ,mulch,none,y,v?,Continuous.,3477,CK ,y,A,
09-Jul-24,"RG, AD",11-Jul-24,"AD, CK",chong_68,,p2,t2,rod-s1 ,chong_68__p2_t2_rod-s1 ,5,l,r,2,dm ,mulch,ABP-D,y,v/dm,Continuous and hopping. See photos.,3478-3480,CK ,y, ,
09-Jul-24,"RG, AD",11-Jul-24,"AD, CK",chong_68,,p2,t2,rod-s3,chong_68__p2_t2_rod-s3,42,r,r,2,dm ,mulch,none,y,dm,Tail marking. See photo.,3482,CK ,n,  ,
09-Jul-24,"RG, AD",11-Jul-24,"AD, CK",chong_68,,p2,t2,rod-s3,chong_68__p2_t2_rod-s3,42,r,r,2.5,dm ,mulch,none,y,dm,Tail marking. See photo.,3482,CK ,n,  ,
09-Jul-24,"RG, AD",11-Jul-24,"AD, CK",chong_68,,p2,t2,rod-s3,chong_68__p2_t2_rod-s3,42,l,r,2,dm ,mulch,none,y,dm? ,Hopping trail.,3481,CK , , ,
09-Jul-24,"RG, AD",11-Jul-24,"RG, AD, CK, NC ",bks_68,,p2,t1,rod-s5,bks_68__p2_t1_rod-s5,89,l,r,2.5,dm,mulch,none,y,dm,hopping,2389-2397,RG,y,A,irrigation tube
10-Jul-24,"RG, AD",12-Jul-24,RG,chong_96,,p1,t1,rod-s3,chong_96__p1_t1_rod-s3,41,l,r,3.5,v,mulch,none,y,v?,Continuous trail. Prints on irrigation tube.,2489-2505,RG,y,A,irrigation tube
23-Jul-24,"RG, AD",25-Jul-24,"RG, AD",bates_57b,,p1,t1,rod-s1,bates_57b__p1_t1_rod-s1,6,l,r,2.5,dm,mulch,none,y,dm,Hopping. Possible continuous trail. ,2667-2674,RG ,y, ,
23-Jul-24,"RG, AD",25-Jul-24,"RG, AD",bates_57b,,p1,t1,rod-s2,bates_57b__p1_t1_rod-s2,21,r,r,2,dm,mulch,Connected to 2.2,y,dm,Hopping. Prints far apart.,2675-2677,RG ,y,B,
23-Jul-24,"RG, AD",25-Jul-24,"RG, AD",bates_57b,,p1,t1,rod-s2,bates_57b__p1_t1_rod-s2,21,r,r,2,dm,mulch,Connected to 2.1,y,dm,Hopping. Prints far apart.,2675-2677,RG ,y,B,
23-Jul-24,"RG, AD",25-Jul-24,"RG, AD",bates_57b,,p1,t1,rod-s2,bates_57b__p1_t1_rod-s2,22,l,r,2,dm,bare,none,y,v?,Continuous dispersed. Tracks not distinct.,2678-2681,RG ,y, ,
23-Jul-24,"RG, AD",25-Jul-24,"RG, AD",bates_57b,,p1,t1,rod-s2,bates_57b__p1_t1_rod-s2,22.5,l,r,2,dm,bare,none,n,  ,Powder likely from us. Not distinct,2683,RG ,n,  ,
23-Jul-24,"RG, AD",25-Jul-24,"RG, AD",bates_57b,,p1,t1,rod-s2,bates_57b__p1_t1_rod-s2,23,r,r,3,v,dry_rooted,none, , ,Possible tracks. Unclear. Two possible hops.,2684-2685,RG , , ,
23-Jul-24,"RG, AD",25-Jul-24,"RG, AD",bates_57b,,p1,t1,rod-s2,bates_57b__p1_t1_rod-s2,23,r,r,2, ,dry_rooted,none,n,  ,No tracks.,2686,RG ,n,  ,
23-Jul-24,"RG, AD",25-Jul-24,"RG, AD",bates_57b,,p1,t1,rod-s2,bates_57b__p1_t1_rod-s2,25,r,r,2,dm,dry_rooted,Connected with 2.8., ,dm?,Possible tracks. Unclear. ,2687,RG , , ,
23-Jul-24,"RG, AD",25-Jul-24,"RG, AD",bates_57b,,p1,t1,rod-s2,bates_57b__p1_t1_rod-s2,25,r,r,2,dm,dry_rooted,Connected to 2.7.,n,  ,No tracks.,2688,RG ,n,  ,
23-Jul-24,"RG, AD",25-Jul-24,"RG, AD",bates_57b,,p1,t1,rod-s2,bates_57b__p1_t1_rod-s2,27,l,r,2,dm,mulch,none,y,v?,Dispersed continuous. Unclear.,2689-2691,RG , , ,short continuous trail
23-Jul-24,"RG, AD",25-Jul-24,"RG, AD",bates_57b,,p1,t1,rod-s2,bates_57b__p1_t1_rod-s2,29,l,r,1.5,dm,mulch,none,n,  ,No tracks.,2692,RG ,n,  ,
23-Jul-24,"RG, AD",25-Jul-24,"RG, AD",bates_57b,,p1,t1,rod-s3,bates_57b__p1_t1_rod-s3,41,l,r,2.5,dm,bare,Excess powder near hole., ,dm?,Too unclear.,2693-2695,RG , , ,
23-Jul-24,"RG, AD",25-Jul-24,"RG, AD",bates_57b,,p1,t1,rod-s3,bates_57b__p1_t1_rod-s3,40,r,r,3,v?,mulch,none,y,dm,Hopping distinct. Into next hole.,2696-2699,RG ,y,B,
23-Jul-24,"RG, AD",25-Jul-24,"RG, AD",bates_57b,,p1,t1,rod-s3,bates_57b__p1_t1_rod-s3,41,r,r,3.5,v,mulch,none,y,dm?,Connects to previous hole (3.2). Vole-like smear. Saw a rodent (likely deer mouse at hole).,2700-2702.,RG ,y,B,
23-Jul-24,"RG, AD",25-Jul-24,"RG, AD",bates_57b,,p1,t1,rod-s3,bates_57b__p1_t1_rod-s3,44,r,r,2.5,dm?,dry_rooted,none, ,dm?,Little activity. Possible hopping.,2703,RG , , ,
23-Jul-24,"RG, AD",25-Jul-24,"RG, AD",bates_57b,,p1,t1,rod-s3,bates_57b__p1_t1_rod-s3,46,r,r,3.5,v?,dry_rooted,none,n,  ,No tracks.,2704,RG ,n,  ,
23-Jul-24,"RG, AD",25-Jul-24,"RG, AD",bates_57b,,p1,t1,rod-s4,bates_57b__p1_t1_rod-s4,61,l,r,3.5,v ,mulch,ABP-D,y, ,Possible hops. Unclear.,2705-2707,RG , , ,
23-Jul-24,"RG, AD",25-Jul-24,"RG, AD",bates_57b,,p1,t1,rod-s4,bates_57b__p1_t1_rod-s4,61.5,l,r,2,dm ,mulch,none,n,  ,Too unclear.,2708,RG ,n,  ,
23-Jul-24,"RG, AD",25-Jul-24,"RG, AD",bates_57b,,p1,t1,rod-s4,bates_57b__p1_t1_rod-s4,62,l,r,2,dm,mulch,none,y,dm?,Somewhat continuous trail. Possible hopping.,2709-2710,RG ,y, ,
23-Jul-24,"RG, AD",25-Jul-24,"RG, AD",bates_57b,,p1,t1,rod-s4,bates_57b__p1_t1_rod-s4,61,r,r,3,v,dry_rooted,none,n,  ,No tracks.,2712,RG ,n,  ,
23-Jul-24,"RG, AD",25-Jul-24,"RG, AD",bates_57b,,p1,t1,rod-s4,bates_57b__p1_t1_rod-s4,62,l,r,2,dm,mulch,ABP-D,n,  ,No tracks.,2711,RG ,n,  ,
23-Jul-24,"RG, AD",25-Jul-24,"RG, AD",bates_57b,,p1,t1,rod-s4,bates_57b__p1_t1_rod-s4,65,r,r,2,dm,mulch,Top hole. Connected to 4.7.,y,v,Hopping (?) unclear.,2713-2716,RG ,y, ,
23-Jul-24,"RG, AD",25-Jul-24,"RG, AD",bates_57b,,p1,t1,rod-s4,bates_57b__p1_t1_rod-s4,65,r,r,2,dm,mulch,Bottom hole. Connected to 4.6.,y,v?,Continuous tracks. No hopping pattern.,2717-2720,RG ,y, ,
23-Jul-24,"RG, AD",25-Jul-24,"RG, AD",bates_57b,,p1,t1,rod-s4,bates_57b__p1_t1_rod-s4,67,l,r,3.5,v,mulch,Vole spotted running from hole.,y,v,Continuous runway. Distinct.,2721-2722,RG ,y,A,
23-Jul-24,"RG, AD",25-Jul-24,"RG, AD",bates_57b,,p1,t2,rod-s5,bates_57b__p1_t2_rod-s5,80,l,r,3.5,v,mulch,none,y,dm?,Possible hopping. Tracks not distinct.,2724-2725,RG , , ,
23-Jul-24,"RG, AD",25-Jul-24,"RG, AD",bates_57b,,p1,t2,rod-s5,bates_57b__p1_t2_rod-s5,83,r,r,3.5,v,bare,none,y,v,Continuous tracks.,2726-2729,RG ,y,A,
23-Jul-24,"RG, AD",25-Jul-24,"RG, AD",bates_57b,,p1,t2,rod-s5,bates_57b__p1_t2_rod-s5,83.5,r,r,3.5,v,mulch,none,n,  ,No tracks.,2730,RG ,n,  ,
23-Jul-24,"RG, AD",25-Jul-24,"RG, AD",bates_57b,,p1,t2,rod-s5,bates_57b__p1_t2_rod-s5,86,l,r,3.5,v,mulch,none,y,v?,One continuous trail and one hopping.,2731-2734,RG ,y, ,
23-Jul-24,"RG, AD",25-Jul-24,"RG, AD",bates_57b,,p1,t2,rod-s5,bates_57b__p1_t2_rod-s5,89,r,r,1.5,dm,dry_rooted,none,y,dm,Small tracks. Mouse walking?,2735-2736,RG ,y, ,"continuous small tracks, possibly mouse walking"
23-Jul-24,"RG, AD",25-Jul-24,"RG, AD",bates_57b,,p1,t2,rod-s1,bates_57b__p1_t2_rod-s1,7,r,r,3,v,mulch,none,y,v,Continuous tracks. Runway?,2737-2739,RG ,y,A,
23-Jul-24,"RG, AD",25-Jul-24,"RG, AD",bates_57b,,p1,t2,rod-s2,bates_57b__p1_t2_rod-s2,22,r,r,2.5,dm,mulch,Connected to 2.2 and 2.3.,y, ,,"2740, 2741",RG , , ,frog?
23-Jul-24,"RG, AD",25-Jul-24,"RG, AD",bates_57b,,p1,t2,rod-s2,bates_57b__p1_t2_rod-s2,22,r,r,1.5,dm,mulch,Connected to 2.1 and 2.3.,y, ,,"2740, 2741",RG , , ,frog?
23-Jul-24,"RG, AD",25-Jul-24,"RG, AD",bates_57b,,p1,t2,rod-s2,bates_57b__p1_t2_rod-s2,22,r,r,2.5,dm,mulch,Connected to 2.1 and 2.2.,y, ,Huge hops. Really far apart (17cm).,"2740, 2742-2745",RG ,n,  ,frog
23-Jul-24,"RG, AD",25-Jul-24,"RG, AD",bates_57b,,p1,t2,rod-s2,bates_57b__p1_t2_rod-s2,23,r,r,3.5,v,bare,none, , ,Ring around hole.,2747-2748,RG , , ,
23-Jul-24,"RG, AD",25-Jul-24,"RG, AD",bates_57b,,p1,t2,rod-s2,bates_57b__p1_t2_rod-s2,24,r,r,2.5,dm,mulch,none,y,dm?,Continuous tracks but v-shaped prints.,2749-2751,RG ,y, ,
23-Jul-24,"RG, AD",25-Jul-24,"RG, AD",bates_57b,,p1,t2,rod-s2,bates_57b__p1_t2_rod-s2,28,l,r,3,v,mulch,none, , ,Continuous unclear.,2752-2753,RG , , ,
23-Jul-24,"RG, AD",25-Jul-24,"RG, AD",bates_57b,,p1,t2,rod-s3,bates_57b__p1_t2_rod-s3,45,r,r,2.5,dm,mulch,none, , ,Very faint trail.,2754-2756,RG , , ,
23-Jul-24,"RG, AD",25-Jul-24,"RG, AD",bates_57b,,p1,t2,rod-s5,bates_57b__p1_t2_rod-s5,81,r,r,3,dm?,dry_rooted,Connected to 5.2. Top,y,v,Continuous trail.,2757-2758,RG ,y,A,
23-Jul-24,"RG, AD",25-Jul-24,"RG, AD",bates_57b,,p1,t2,rod-s5,bates_57b__p1_t2_rod-s5,81,r,r,4.5,?,dry_rooted,Connected to 5.1. Bottom,y,v,Faint trail.,2759-2760,RG ,y,A,vole since connected to hole above and faint tracks in notes
23-Jul-24,"RG, AD",25-Jul-24,"RG, AD",bates_57b,,p1,t2,rod-s5,bates_57b__p1_t2_rod-s5,87,l,r,2.5,dm?,mulch,Potential runway,y,v,Continuous tracks in 3 ways.,2761-2765,RG ,y,A,
23-Jul-24,"RG, AD",25-Jul-24,"RG, AD",bates_57b,,p1,t2,rod-s5,bates_57b__p1_t2_rod-s5,88,l,r,2,dm ,mulch,none,y,dm,"Hopping, spread apart.",2766-2770,RG ,y,B,
23-Jul-24,"RG, AD",25-Jul-24,"NC, MM",bates_57b,,p2,t1,rod-s1,bates_57b__p2_t1_rod-s1,0,r,r,3,v,bare,Distinct.,n,  ,none,9219,NC ,n,  ,
23-Jul-24,"RG, AD",25-Jul-24,"NC, MM",bates_57b,,p2,t1,rod-s1,bates_57b__p2_t1_rod-s1,1,r,r,5,v,mulch,Under branches (UB).,y,v,none,9220,NC ,y,A,
23-Jul-24,"RG, AD",25-Jul-24,"NC, MM",bates_57b,,p2,t1,rod-s1,bates_57b__p2_t1_rod-s1,2,r,r,3,v,dry_rooted,none,n,  ,none,9221,NC ,n,  ,
23-Jul-24,"RG, AD",25-Jul-24,"NC, MM",bates_57b,,p2,t1,rod-s1,bates_57b__p2_t1_rod-s1,2,l,r,2,dm,bare,"UB, sprinkled excess powder.",y,dm,none,9222-9224,NC ,y, ,
23-Jul-24,"RG, AD",25-Jul-24,"NC, MM",bates_57b,,p2,t1,rod-s1,bates_57b__p2_t1_rod-s1,3,l,r,3,v,mulch,none,n,  ,none,9225,NC ,n,  ,
23-Jul-24,"RG, AD",25-Jul-24,"NC, MM",bates_57b,,p2,t1,rod-s1,bates_57b__p2_t1_rod-s1,3,r,r,3,v,bare,none,y,dm ,none,9226,NC , , ,no tracks visible in photo
23-Jul-24,"RG, AD",25-Jul-24,"NC, MM",bates_57b,,p2,t1,rod-s1,bates_57b__p2_t1_rod-s1,4,l,r,3.5,v,mulch,Connected to 1.8.,n,  ,none,9227,NC ,n,  ,
23-Jul-24,"RG, AD",25-Jul-24,"NC, MM",bates_57b,,p2,t1,rod-s1,bates_57b__p2_t1_rod-s1,4,l,r,3.5,v,mulch,Connected to 1.7.,n,  ,none,9228,NC ,n,  ,
23-Jul-24,"RG, AD",25-Jul-24,"NC, MM",bates_57b,,p2,t1,rod-s1,bates_57b__p2_t1_rod-s1,4.5,l,r,2.5,?,bare,Connected to 1.10.,y,v,none,9229,NC ,y,A,
23-Jul-24,"RG, AD",25-Jul-24,"NC, MM",bates_57b,,p2,t1,rod-s1,bates_57b__p2_t1_rod-s1,4.7,l,r,2.5,v,mulch,Runway. Connected to 1.9.,y,v,none,9230-9233,NC ,y,A,
23-Jul-24,"RG, AD",25-Jul-24,"NC, MM",bates_57b,,p2,t1,rod-s1,bates_57b__p2_t1_rod-s1,5,r,r,3,v,dry_rooted,none,y,v,none,9234,NC ,y,A,
23-Jul-24,"RG, AD",25-Jul-24,"NC, MM",bates_57b,,p2,t1,rod-s1,bates_57b__p2_t1_rod-s1,6,l,r,3,v,mulch,Connected to 1.13.,y,v,none,9235,NC ,y,A,
23-Jul-24,"RG, AD",25-Jul-24,"NC, MM",bates_57b,,p2,t1,rod-s1,bates_57b__p2_t1_rod-s1,6.5,l,r,3.5,v,mulch,Connected to 1.12.,y,v,none,9236,NC ,y,A,
23-Jul-24,"RG, AD",25-Jul-24,"NC, MM",bates_57b,,p2,t1,rod-s1,bates_57b__p2_t1_rod-s1,6.5,l,r,2.5,?,bare,none,n,  ,none,9237,NC ,n,  ,
23-Jul-24,"RG, AD",25-Jul-24,"NC, MM",bates_57b,,p2,t1,rod-s2,bates_57b__p2_t1_rod-s2,21,l,r,3,v,dry_forb,Connected to 2.2.,y,v,none,9239,NC ,y,A,
23-Jul-24,"RG, AD",25-Jul-24,"NC, MM",bates_57b,,p2,t1,rod-s2,bates_57b__p2_t1_rod-s2,21.5,l,r,3,?,mulch,Connected to 2.1.,y,v,none,9238,NC ,y,A,
23-Jul-24,"RG, AD",25-Jul-24,"NC, MM",bates_57b,,p2,t1,rod-s2,bates_57b__p2_t1_rod-s2,23,r,r,3,v,mulch,none,n,  ,none,9241,NC ,n,  ,
23-Jul-24,"RG, AD",25-Jul-24,"NC, MM",bates_57b,,p2,t1,rod-s2,bates_57b__p2_t1_rod-s2,23,r,r,3,v,dead_leaf,none,n,  ,none,9240,NC ,n,  ,
23-Jul-24,"RG, AD",25-Jul-24,"NC, MM",bates_57b,,p2,t1,rod-s2,bates_57b__p2_t1_rod-s2,23.5,r,r,3.5,v,dry_rooted,none,y,dm ,none,"9241, 9242",NC ,y,B,
23-Jul-24,"RG, AD",25-Jul-24,"NC, MM",bates_57b,,p2,t1,rod-s2,bates_57b__p2_t1_rod-s2,26,r,r,2.5,v,dead_leaf,none,y,dm ,none,9244,NC ,y,B,
23-Jul-24,"RG, AD",25-Jul-24,"NC, MM",bates_57b,,p2,t1,rod-s2,bates_57b__p2_t1_rod-s2,26.5,r,r,4,v,mulch,ABP-D,y,v,none,9245,NC , , ,no clear tracks in photo
23-Jul-24,"RG, AD",25-Jul-24,"NC, MM",bates_57b,,p2,t1,rod-s2,bates_57b__p2_t1_rod-s2,27,r,r,2,dm ,dry_rooted,none,n,  ,none,9246,NC ,n,  ,
23-Jul-24,"RG, AD",25-Jul-24,"NC, MM",bates_57b,,p2,t1,rod-s2,bates_57b__p2_t1_rod-s2,27.5,r,r,4,v,mulch,none,y,v?,none,9247,NC ,y,A,continuous trail with possible hops?
23-Jul-24,"RG, AD",25-Jul-24,"NC, MM",bates_57b,,p2,t1,rod-s2,bates_57b__p2_t1_rod-s2,28,l,r,2,dm,mulch,none,n,  ,none,9248,NC ,n,  ,
23-Jul-24,"RG, AD",25-Jul-24,"NC, MM",bates_57b,,p2,t1,rod-s2,bates_57b__p2_t1_rod-s2,30,l,r,2.5,dm ,mulch,ABP-D,n,  ,none,9250,NC ,n,  ,
23-Jul-24,"RG, AD",25-Jul-24,"NC, MM",bates_57b,,p2,t1,rod-s3,bates_57b__p2_t1_rod-s3,42,r,r,3,v,bare,none,n,  ,none,9252,NC ,n,  ,
23-Jul-24,"RG, AD",25-Jul-24,"NC, MM",bates_57b,,p2,t1,rod-s3,bates_57b__p2_t1_rod-s3,42.2,r,r,2,dm ,dry_rooted,none,n,  ,none,9252,NC ,n,  ,
23-Jul-24,"RG, AD",25-Jul-24,"NC, MM",bates_57b,,p2,t1,rod-s3,bates_57b__p2_t1_rod-s3,41,r,r,2,dm ,dry_rooted,none,n,  ,none,9252,NC ,n,  ,
23-Jul-24,"RG, AD",25-Jul-24,"NC, MM",bates_57b,,p2,t1,rod-s3,bates_57b__p2_t1_rod-s3,46,r,r,3,v,dry_rooted,none,n,  ,none,9253,NC ,n,  ,
23-Jul-24,"RG, AD",25-Jul-24,"NC, MM",bates_57b,,p2,t1,rod-s3,bates_57b__p2_t1_rod-s3,48,l,r,2,dm ,mulch,ABP-D,y,dm ,none,9254,NC ,y, ,unclear hopping
23-Jul-24,"RG, AD",25-Jul-24,"NC, MM",bates_57b,,p2,t1,rod-s3,bates_57b__p2_t1_rod-s3,49,l,r,2.5,?,mulch,none,n,  ,none,9255,NC ,n,  ,
23-Jul-24,"RG, AD",25-Jul-24,"NC, MM",bates_57b,,p2,t1,rod-s3,bates_57b__p2_t1_rod-s3,49.7,l,r,3,v,mulch,none,y,dm ,none,9256,NC ,y, ,hopping track is faint
23-Jul-24,"RG, AD",25-Jul-24,"NC, MM",bates_57b,,p2,t1,rod-s3,bates_57b__p2_t1_rod-s3,49.8,l,r,4,v,mulch,ABP-D,y,dm ,none,9257,NC , , ,unclear hopping
23-Jul-24,"RG, AD",25-Jul-24,"NC, MM",bates_57b,,p2,t1,rod-s4,bates_57b__p2_t1_rod-s4,67,l,r,3.5,v,mulch,Runway possibly.,n,  ,none,9258,NC ,n,  ,
23-Jul-24,"RG, AD",25-Jul-24,"NC, MM",bates_57b,,p2,t1,rod-s4,bates_57b__p2_t1_rod-s4,68,r,r,3.5,v,bare,Runway. ,n,  ,none,9259,NC ,n,  ,
23-Jul-24,"RG, AD",25-Jul-24,"NC, MM",bates_57b,,p2,t1,rod-s4,bates_57b__p2_t1_rod-s4,68,l,r,3,v,mulch,none,n,  ,none,9260,NC ,n,  ,
23-Jul-24,"RG, AD",25-Jul-24,"NC, MM",bates_57b,,p2,t1,rod-s4,bates_57b__p2_t1_rod-s4,68.5,l,r,3.5,v,mulch,none,n,  ,none,9261,NC ,n,  ,
23-Jul-24,"RG, AD",25-Jul-24,"NC, MM",bates_57b,,p2,t1,rod-s5,bates_57b__p2_t1_rod-s5,80,l,r,3.5,v,mulch,Runway. ,y,dm ,none,9262,NC ,y, ,tracks too faint in photo
23-Jul-24,"RG, AD",25-Jul-24,"NC, MM",bates_57b,,p2,t1,rod-s5,bates_57b__p2_t1_rod-s5,82,r,r,2,dm ,mulch,ABP-D,n,  ,none,9263,NC ,n,  ,
23-Jul-24,"RG, AD",25-Jul-24,"NC, MM",bates_57b,,p2,t1,rod-s5,bates_57b__p2_t1_rod-s5,82.1,r,r,1.5,dm ,grass,none,n,  ,none,9263,NC ,n,  ,
23-Jul-24,"RG, AD",25-Jul-24,"NC, MM",bates_57b,,p2,t1,rod-s5,bates_57b__p2_t1_rod-s5,82.4,r,r,2.5,dm ,bare,none,n,  ,none,9263,NC ,n,  ,
23-Jul-24,"RG, AD",25-Jul-24,"NC, MM",bates_57b,,p2,t1,rod-s5,bates_57b__p2_t1_rod-s5,85,l,r,3,v,mulch,none,n,  ,none,9266,NC ,n,  ,
23-Jul-24,"RG, AD",25-Jul-24,"NC, MM",bates_57b,,p2,t1,rod-s5,bates_57b__p2_t1_rod-s5,86,l,r,3.5,v,mulch,Full of leaves.,y,dm ,none,9270,NC ,y,B,hopping track behind bush
23-Jul-24,"RG, AD",25-Jul-24,"NC, MM",bates_57b,,p2,t1,rod-s5,bates_57b__p2_t1_rod-s5,88,l,r,2.5,dm ,mulch,none,y,dm ,none,9268,NC , , ,
23-Jul-24,"RG, AD",25-Jul-24,"NC, MM",bates_57b,,p2,t1,rod-s5,bates_57b__p2_t1_rod-s5,88.1,l,r,2.5,dm ,mulch,none,y,dm ,none,9268,NC , , ,
23-Jul-24,"RG, AD",25-Jul-24,"NC, MM",bates_57b,,p2,t1,rod-s5,bates_57b__p2_t1_rod-s5,89,l,r,1.5,dm ,mulch,none,y,dm ,none,9269,NC ,y, ,
23-Jul-24,"RG, AD",25-Jul-24,"NC, MM",bates_57b,,p2,t2,rod-s1,bates_57b__p2_t2_rod-s1,4,r,r,2.5,v,mulch,Runway. ,y,v,none,9272,NC ,y,A,
23-Jul-24,"RG, AD",25-Jul-24,"NC, MM",bates_57b,,p2,t2,rod-s1,bates_57b__p2_t2_rod-s1,4,r,r,2,dm ,bare,none,n,  ,none,9273,NC ,n,  ,
23-Jul-24,"RG, AD",25-Jul-24,"NC, MM",bates_57b,,p2,t2,rod-s1,bates_57b__p2_t2_rod-s1,4,r,r,2,dm ,mulch,none,y,dm ,none,9274,NC ,y,B,
23-Jul-24,"RG, AD",25-Jul-24,"NC, MM",bates_57b,,p2,t2,rod-s1,bates_57b__p2_t2_rod-s1,4,r,r,3,?,mulch,none,n,  ,none,9277,NC ,n,  ,
23-Jul-24,"RG, AD",25-Jul-24,"NC, MM",bates_57b,,p2,t2,rod-s1,bates_57b__p2_t2_rod-s1,7,r,r,3,v,mulch,ABP-D,n,slug?,none,9278,NC ,n,  ,
23-Jul-24,"RG, AD",25-Jul-24,"NC, MM",bates_57b,,p2,t2,rod-s1,bates_57b__p2_t2_rod-s1,7,r,r,3,v,dry_rooted,none,n,slug?,none,9279,NC , , ,*patches of powder are very small
23-Jul-24,"RG, AD",25-Jul-24,"NC, MM",bates_57b,,p2,t2,rod-s1,bates_57b__p2_t2_rod-s1,7,r,r,2.5,dm ,mulch,none,y,v,none,9280,NC , , ,*patches of powder are very small
23-Jul-24,"RG, AD",25-Jul-24,"NC, MM",bates_57b,,p2,t2,rod-s1,bates_57b__p2_t2_rod-s1,7,l,r,3,v,mulch,none,y,dm ,none,9281,NC ,y,B,
23-Jul-24,"RG, AD",25-Jul-24,"NC, MM",bates_57b,,p2,t2,rod-s1,bates_57b__p2_t2_rod-s1,7.5,l,r,2.5,dm ,mulch,none,y,v,none,9282,NC ,y,A,
23-Jul-24,"RG, AD",25-Jul-24,"NC, MM",bates_57b,,p2,t2,rod-s1,bates_57b__p2_t2_rod-s1,8,l,r,3, ,mulch,ABP-D,n,  ,none,9283,NC ,n,  ,
23-Jul-24,"RG, AD",25-Jul-24,"NC, MM",bates_57b,,p2,t2,rod-s1,bates_57b__p2_t2_rod-s1,8,r,r,3.5,v,mulch,none,y,dm ,none,9284,NC , , ,*patches of powder are very small
23-Jul-24,"RG, AD",25-Jul-24,"NC, MM",bates_57b,,p2,t2,rod-s1,bates_57b__p2_t2_rod-s1,9,l,r,3,v,bare,Possible runway.,n,   ,none,9285,NC ,n,  ,
23-Jul-24,"RG, AD",25-Jul-24,"NC, MM",bates_57b,,p2,t2,rod-s1,bates_57b__p2_t2_rod-s1,9,r,r,2.5,dm ,mulch,none,n,   ,none,9286,NC ,n,  ,
23-Jul-24,"RG, AD",25-Jul-24,"NC, MM",bates_57b,,p2,t2,rod-s2,bates_57b__p2_t2_rod-s2,20,l,r,2.5,dm ,dead_leaf,none,n,   ,none,9287,NC , , ,*patches of powder are very small
23-Jul-24,"RG, AD",25-Jul-24,"NC, MM",bates_57b,,p2,t2,rod-s2,bates_57b__p2_t2_rod-s2,20.5,r,r,3,v,mulch,Runway. ,y,v,none,"9290, 9289",NC ,y,A,
23-Jul-24,"RG, AD",25-Jul-24,"NC, MM",bates_57b,,p2,t2,rod-s2,bates_57b__p2_t2_rod-s2,21,r,r,3,v,mulch,Connected to 2.4.,n,   ,none,"9291, 9289",NC ,n,  ,
23-Jul-24,"RG, AD",25-Jul-24,"NC, MM",bates_57b,,p2,t2,rod-s2,bates_57b__p2_t2_rod-s2,21,r,r,3,v,mulch,Connected to 2.3.,n,   ,none,"9291, 9289",NC ,n,  ,
23-Jul-24,"RG, AD",25-Jul-24,"NC, MM",bates_57b,,p2,t2,rod-s2,bates_57b__p2_t2_rod-s2,22,r,r,2.5, ,mulch,none,n,   ,none,9292,NC ,n,  ,
23-Jul-24,"RG, AD",25-Jul-24,"NC, MM",bates_57b,,p2,t2,rod-s2,bates_57b__p2_t2_rod-s2,22,l,r,3.5,v,bare,none,y,v,none,9293,NC , , ,short continuous trail
23-Jul-24,"RG, AD",25-Jul-24,"NC, MM",bates_57b,,p2,t2,rod-s2,bates_57b__p2_t2_rod-s2,23,r,r,3,v,mulch,none,n,   ,none,9294,NC ,n,  ,
23-Jul-24,"RG, AD",25-Jul-24,"NC, MM",bates_57b,,p2,t2,rod-s2,bates_57b__p2_t2_rod-s2,23.5,l,r,3, ,mulch,none,y,v,none,9295,NC ,y,A,
23-Jul-24,"RG, AD",25-Jul-24,"NC, MM",bates_57b,,p2,t2,rod-s2,bates_57b__p2_t2_rod-s2,23.5,l,r,3, ,bare,none,y,v,none,9296,NC , , ,
23-Jul-24,"RG, AD",25-Jul-24,"NC, MM",bates_57b,,p2,t2,rod-s2,bates_57b__p2_t2_rod-s2,24,r,r,2.5,dm ,bare,none,n,   ,none,9297,NC ,n,  ,
23-Jul-24,"RG, AD",25-Jul-24,"NC, MM",bates_57b,,p2,t2,rod-s2,bates_57b__p2_t2_rod-s2,25,l,r,2,v,bare,Runway. ,y,v,none,9298,NC ,y,A,
23-Jul-24,"RG, AD",25-Jul-24,"NC, MM",bates_57b,,p2,t2,rod-s2,bates_57b__p2_t2_rod-s2,25.5,l,r,4.5,v,bare,Runway. ,y,slug?,none,9299,NC , , ,
23-Jul-24,"RG, AD",25-Jul-24,"NC, MM",bates_57b,,p2,t2,rod-s2,bates_57b__p2_t2_rod-s2,25,r,r,3,v,mulch,Connected to 2.14,n,   ,none,2300,NC ,n,  ,
23-Jul-24,"RG, AD",25-Jul-24,"NC, MM",bates_57b,,p2,t2,rod-s2,bates_57b__p2_t2_rod-s2,25,r,r,3,v,mulch,Connected to 2.13.,n,   ,none,2301,NC ,n,  ,
23-Jul-24,"RG, AD",25-Jul-24,"NC, MM",bates_57b,,p2,t2,rod-s2,bates_57b__p2_t2_rod-s2,25,r,r,2.5, ,mulch,ABP-D,y,v,Connected to 2.16.,9302,NC , , ,dispersed spray
23-Jul-24,"RG, AD",25-Jul-24,"NC, MM",bates_57b,,p2,t2,rod-s2,bates_57b__p2_t2_rod-s2,25.5,r,r,3, ,dry_grass,Runway. ,y,v,Connected to 2.15.,9302,NC , , ,dispersed spray
23-Jul-24,"RG, AD",25-Jul-24,"NC, MM",bates_57b,,p2,t2,rod-s2,bates_57b__p2_t2_rod-s2,25.5,r,r,3, ,mulch,none,n,   ,none,9303,NC ,n,  ,
23-Jul-24,"RG, AD",25-Jul-24,"NC, MM",bates_57b,,p2,t2,rod-s2,bates_57b__p2_t2_rod-s2,26,r,r,2.5,dm ,mulch,none,y,v,none,9312,NC ,y,A,
23-Jul-24,"RG, AD",25-Jul-24,"NC, MM",bates_57b,,p2,t2,rod-s2,bates_57b__p2_t2_rod-s2,26,r,r,2,dm ,mulch,none,n,   ,none,9311,NC ,n,  ,
23-Jul-24,"RG, AD",25-Jul-24,"NC, MM",bates_57b,,p2,t2,rod-s2,bates_57b__p2_t2_rod-s2,26,r,r,3,dm ,mulch,none,n,   ,none,9310,NC ,n,  ,
23-Jul-24,"RG, AD",25-Jul-24,"NC, MM",bates_57b,,p2,t2,rod-s2,bates_57b__p2_t2_rod-s2,26,l,r,4,v,mulch,none,y,v,none,9304,NC , , ,maybe continuous trail
23-Jul-24,"RG, AD",25-Jul-24,"NC, MM",bates_57b,,p2,t2,rod-s2,bates_57b__p2_t2_rod-s2,26.5,r,r,3,v,bare,none,n,   ,none,9309,NC ,n,  ,
23-Jul-24,"RG, AD",25-Jul-24,"NC, MM",bates_57b,,p2,t2,rod-s2,bates_57b__p2_t2_rod-s2,26.5,r,r,2.5, ,mulch,ABP-D,y,v,none,9308,NC , , ,maybe continuous trail
23-Jul-24,"RG, AD",25-Jul-24,"NC, MM",bates_57b,,p2,t2,rod-s2,bates_57b__p2_t2_rod-s2,27,r,r,3,v,bare,Runway. ,y,v,none,9307,NC ,y,A,
23-Jul-24,"RG, AD",25-Jul-24,"NC, MM",bates_57b,,p2,t2,rod-s2,bates_57b__p2_t2_rod-s2,27,r,r,4,v,mulch,ABP-D. Connected to 2.26. Spilled powder between 2.25 and 2.26.,y,v,none,9307,NC ,y,A,
23-Jul-24,"RG, AD",25-Jul-24,"NC, MM",bates_57b,,p2,t2,rod-s2,bates_57b__p2_t2_rod-s2,27,r,r,4,v,mulch,Connected to 2.25. Spilled powder between 2.25 and 2.26.,y,v,none,9307,NC ,y,A,
23-Jul-24,"RG, AD",25-Jul-24,"NC, MM",bates_57b,,p2,t2,rod-s2,bates_57b__p2_t2_rod-s2,27.5,r,r,3.5,v,mulch,none,y,v,none,9307,NC ,y,A,
23-Jul-24,"RG, AD",25-Jul-24,"NC, MM",bates_57b,,p2,t2,rod-s2,bates_57b__p2_t2_rod-s2,28,r,r,3, ,dry_grass,none,n,   ,none,9306,NC ,n,  ,
23-Jul-24,"RG, AD",25-Jul-24,"NC, MM",bates_57b,,p2,t2,rod-s2,bates_57b__p2_t2_rod-s2,28,r,r,3, ,dry_grass,none,n,   ,none,9306,NC ,n,  ,
23-Jul-24,"RG, AD",25-Jul-24,"NC, MM",bates_57b,,p2,t2,rod-s3,bates_57b__p2_t2_rod-s3,40,,r,3,v,mulch,none,y,v,none,9313,NC , , ,maybe continuous
23-Jul-24,"RG, AD",25-Jul-24,"NC, MM",bates_57b,,p2,t2,rod-s3,bates_57b__p2_t2_rod-s3,40.3,,r,2,dm ,dry_grass,none,n,   ,none,9314,NC ,n,  ,
23-Jul-24,"RG, AD",25-Jul-24,"NC, MM",bates_57b,,p2,t2,rod-s3,bates_57b__p2_t2_rod-s3,40.5,,r,2.5,dm ,mulch,none,y,dm ,none,9315,NC , , ,
23-Jul-24,"RG, AD",25-Jul-24,"NC, MM",bates_57b,,p2,t2,rod-s3,bates_57b__p2_t2_rod-s3,41,,r,2.5,dm ,dry_grass,none,n,   ,none,9316,NC ,n,  ,
23-Jul-24,"RG, AD",25-Jul-24,"NC, MM",bates_57b,,p2,t2,rod-s3,bates_57b__p2_t2_rod-s3,42,,r,3,v,mulch,Excess powder.,n,   ,none,9317,NC ,n,  ,
23-Jul-24,"RG, AD",25-Jul-24,"NC, MM",bates_57b,,p2,t2,rod-s3,bates_57b__p2_t2_rod-s3,43,,r,2.5,dm ,mulch,none,n,   ,none,9318,NC ,n,  ,
23-Jul-24,"RG, AD",25-Jul-24,"NC, MM",bates_57b,,p2,t2,rod-s3,bates_57b__p2_t2_rod-s3,45,,r,3.5,v,mulch,none,n,   ,none,9319,NC ,n,  ,
23-Jul-24,"RG, AD",25-Jul-24,"NC, MM",bates_57b,,p2,t2,rod-s3,bates_57b__p2_t2_rod-s3,45,,r,4,v,dry_grass,none,y,v,none,9329,NC ,y,A,
23-Jul-24,"RG, AD",25-Jul-24,"NC, MM",bates_57b,,p2,t2,rod-s3,bates_57b__p2_t2_rod-s3,45,,r,4,v,dry_grass,none,y,v,none,9330,NC ,y,A,
23-Jul-24,"RG, AD",25-Jul-24,"NC, MM",bates_57b,,p2,t2,rod-s3,bates_57b__p2_t2_rod-s3,46,,r,4,v,bare,none,n,slug?,none,9326,NC ,n,  ,
23-Jul-24,"RG, AD",25-Jul-24,"NC, MM",bates_57b,,p2,t2,rod-s3,bates_57b__p2_t2_rod-s3,46.1,,r,2.5, ,dry_rooted,Connected to 3.12.,n,   ,none,9325,NC ,n,  ,
23-Jul-24,"RG, AD",25-Jul-24,"NC, MM",bates_57b,,p2,t2,rod-s3,bates_57b__p2_t2_rod-s3,46.1,,r,4,v,dry_rooted,Connected to 3.11.,y,dm ,none,9324,NC , , ,
23-Jul-24,"RG, AD",25-Jul-24,"NC, MM",bates_57b,,p2,t2,rod-s3,bates_57b__p2_t2_rod-s3,46.3,,r,3,v,bare,Top. ,n,   ,none,9323,NC ,n,  ,
23-Jul-24,"RG, AD",25-Jul-24,"NC, MM",bates_57b,,p2,t2,rod-s3,bates_57b__p2_t2_rod-s3,46.5,,r,3,v,dry_rooted,Bottom. Runway.,n,   ,none,9322,NC ,n,  ,
23-Jul-24,"RG, AD",25-Jul-24,"NC, MM",bates_57b,,p2,t2,rod-s3,bates_57b__p2_t2_rod-s3,49,,r,3,v,mulch,Runway. ,y,v,none,9321,NC , , ,
23-Jul-24,"RG, AD",25-Jul-24,"NC, MM",bates_57b,,p2,t2,rod-s3,bates_57b__p2_t2_rod-s3,49.5,,r,3.5,v,dry_rooted,none,y,v,none,9320,NC ,y,A,
23-Jul-24,"RG, AD",25-Jul-24,"NC, MM",bates_57b,,p2,t2,rod-s4,bates_57b__p2_t2_rod-s4,61,r,r,3, ,mulch,none,n,   ,none,9331,NC ,n,  ,
23-Jul-24,"RG, AD",25-Jul-24,"NC, MM",bates_57b,,p2,t2,rod-s4,bates_57b__p2_t2_rod-s4,64,l,r,3,v,mulch,Top. Runway. ,y,v,none,9332,NC ,y,A,
23-Jul-24,"RG, AD",25-Jul-24,"NC, MM",bates_57b,,p2,t2,rod-s4,bates_57b__p2_t2_rod-s4,64,l,r,3, ,mulch,Bottom.  ,y,v,none,9333,NC ,y,A,
23-Jul-24,"RG, AD",25-Jul-24,"NC, MM",bates_57b,,p2,t2,rod-s4,bates_57b__p2_t2_rod-s4,66,r,r,2.5,dm ,mulch,none,y,v,none,9334,NC ,y,A,
23-Jul-24,"RG, AD",25-Jul-24,"NC, MM",bates_57b,,p2,t2,rod-s5,bates_57b__p2_t2_rod-s5,83,,r,3.5,v,mulch,none,n,ant?,none,9335,NC ,n,  ,
23-Jul-24,"RG, AD",25-Jul-24,"NC, MM",bates_57b,,p2,t2,rod-s5,bates_57b__p2_t2_rod-s5,83.5,,r,1.5,dm ,mulch,ABP-D. Connected to 5.3. ,n,ant?,none,9336,NC ,n,  ,
23-Jul-24,"RG, AD",25-Jul-24,"NC, MM",bates_57b,,p2,t2,rod-s5,bates_57b__p2_t2_rod-s5,83.5,,r,2.5,dm ,mulch,Connected to 5.2.,y,dm ,none,9337,NC ,y,B,
23-Jul-24,"RG, AD",25-Jul-24,"NC, MM",bates_57b,,p2,t2,rod-s5,bates_57b__p2_t2_rod-s5,83.5,,r,2.5, ,mulch,none,n,   ,none,9339,NC ,n,  ,
23-Jul-24,"RG, AD",25-Jul-24,"NC, MM",bates_57b,,p2,t2,rod-s5,bates_57b__p2_t2_rod-s5,85,,r,3, ,mulch,Two holes.,n,   ,none,9338,NC ,n,  ,
23-Jul-24,"RG, AD",25-Jul-24,"NC, MM",bates_57b,,p2,t2,rod-s5,bates_57b__p2_t2_rod-s5,86,,r,2.5,v?,mulch,none,n,   ,none,9340,NC ,n,  ,
23-Jul-24,"RG, AD",25-Jul-24,"NC, MM",bates_57b,,p2,t2,rod-s5,bates_57b__p2_t2_rod-s5,86,,r,3,v,mulch,Connected to 5.8.,n,ant?,none,9341,NC ,n,  ,
23-Jul-24,"RG, AD",25-Jul-24,"NC, MM",bates_57b,,p2,t2,rod-s5,bates_57b__p2_t2_rod-s5,86,,r,3,v,mulch,Connected to 5.7.,n,ant?,none,9342,NC ,n,  ,
23-Jul-24,"RG, AD",25-Jul-24,"NC, MM",bates_57b,,p2,t2,rod-s5,bates_57b__p2_t2_rod-s5,86.5,,r,2,dm ,mulch,ABP-D,n,   ,none,none,NC ,n,  ,
23-Jul-24,"RG, AD",25-Jul-24,"NC, MM",bates_57b,,p2,t2,rod-s5,bates_57b__p2_t2_rod-s5,87,,r,2.5,dm ,mulch,none,n,   ,none,none,NC ,n,  ,
23-Jul-24,"RG, AD",25-Jul-24,"NC, MM",bates_57b,,p2,t2,rod-s5,bates_57b__p2_t2_rod-s5,88,,r,2.5,dm ,mulch,none,n,   ,none,9343,NC ,n,  ,
23-Jul-24,"RG, AD",25-Jul-24,"NC, MM",bates_57b,,p2,t2,rod-s5,bates_57b__p2_t2_rod-s5,88,,r,2,dm ,mulch,ABP-D,n,   ,none,9344,NC ,n,  ,
24-Jul-24,"RG, AD",26-Jul-24,"RG, DM",lbf_ladnertrunk,,p1,t1,rod-s3,lbf_ladnertrunk__p1_t1_rod-s3,49,r,r,2,dm,bare,none,y,dm,Hopping V formation. Very clear. Followed tracks and found 2 more holes in transect. ,"8144, 8147 + RG 2777, 2781 ",,y,B,
24-Jul-24,"RG, AD",26-Jul-24,"RG, DM",lbf_ladnertrunk,,p1,t2,rod-s1 ,lbf_ladnertrunk__p1_t2_rod-s1 ,9,l,r,3,  ,bare,none,y,dm,V formation hopping.,8141-8142,,y,B,
24-Jul-24,"RG, AD",26-Jul-24,"RG, DM",lbf_ladnertrunk,,p1,t2,rod-s1 ,lbf_ladnertrunk__p1_t2_rod-s1 ,9,l,r,3.5,  ,bare,none,y,dm,Tracks leading to 1.1.,8143,, , ,
24-Jul-24,"RG, AD",26-Jul-24,"AD, NC",lbf_ladnertrunk,,p2,t1,rod-s1,lbf_ladnertrunk__p2_t1_rod-s1,0,r,r,4.5,v,mulch,ABP-D,n,   ,none,9355,NC ,n,  ,
24-Jul-24,"RG, AD",26-Jul-24,"AD, NC",lbf_ladnertrunk,,p2,t1,rod-s1,lbf_ladnertrunk__p2_t1_rod-s1,0,r,r,4,v,mulch,ABP-D,n,   ,none,9355,NC ,n,  ,
24-Jul-24,"RG, AD",26-Jul-24,"AD, NC",lbf_ladnertrunk,,p2,t1,rod-s1,lbf_ladnertrunk__p2_t1_rod-s1,0.5,r,r,2,dm,mulch,none,n,   ,no obvious tracks,9355,NC ,n,  ,
24-Jul-24,"RG, AD",26-Jul-24,"AD, NC",lbf_ladnertrunk,,p2,t1,rod-s1,lbf_ladnertrunk__p2_t1_rod-s1,0.5,r,r,3.5,v,mulch,none,n,   ,no obvious tracks,9355,NC ,n,  ,
24-Jul-24,"RG, AD",26-Jul-24,"AD, NC",lbf_ladnertrunk,,p2,t1,rod-s1,lbf_ladnertrunk__p2_t1_rod-s1,0,l,r,3.5,v,bare,Runway.,y,v,Continuous.,9357,NC ,y,A,
24-Jul-24,"RG, AD",26-Jul-24,"AD, NC",lbf_ladnertrunk,,p2,t1,rod-s1,lbf_ladnertrunk__p2_t1_rod-s1,0,l,r,2,dm,bare,ABP-D,n,   ,No tracks.,9357,NC ,n,  ,
24-Jul-24,"RG, AD",26-Jul-24,"AD, NC",lbf_ladnertrunk,,p2,t1,rod-s1,lbf_ladnertrunk__p2_t1_rod-s1,0.5,l,r,2.5,v,mulch,Runway.,y,v,Faint continuous tracks,9358,NC ,y,A,
24-Jul-24,"RG, AD",26-Jul-24,"AD, NC",lbf_ladnertrunk,,p2,t1,rod-s1,lbf_ladnertrunk__p2_t1_rod-s1,0.7,r,r,5,v,bare,ABP-D,y,v,faint trail under grass,9360,NC , , ,
24-Jul-24,"RG, AD",26-Jul-24,"AD, NC",lbf_ladnertrunk,,p2,t1,rod-s1,lbf_ladnertrunk__p2_t1_rod-s1,0.7,r,r,3,v,bare,none,y,v,faint continuous trail into bush,9361,NC , , ,
24-Jul-24,"RG, AD",26-Jul-24,"AD, NC",lbf_ladnertrunk,,p2,t1,rod-s1,lbf_ladnertrunk__p2_t1_rod-s1,0.7,l,r,2.5,  ,bare,none,n,   ,No tracks.,9363,NC ,n,  ,
24-Jul-24,"RG, AD",26-Jul-24,"AD, NC",lbf_ladnertrunk,,p2,t1,rod-s1,lbf_ladnertrunk__p2_t1_rod-s1,0.7,l,r,2.5,  ,bare,none,y,v,faint trail leading into next runway,9362,NC , , ,
24-Jul-24,"RG, AD",26-Jul-24,"AD, NC",lbf_ladnertrunk,,p2,t1,rod-s1,lbf_ladnertrunk__p2_t1_rod-s1,2,l,r,2.5,v,dry_rooted,Runway.,y,v,very active runway,9364,NC ,y,A,
24-Jul-24,"RG, AD",26-Jul-24,"AD, NC",lbf_ladnertrunk,,p2,t1,rod-s1,lbf_ladnertrunk__p2_t1_rod-s1,2,l,r,2.5,  ,dry_rooted,none,y,   ,"small trail, faint",9365,NC , , ,
24-Jul-24,"RG, AD",26-Jul-24,"AD, NC",lbf_ladnertrunk,,p2,t1,rod-s1,lbf_ladnertrunk__p2_t1_rod-s1,2.5,l,r,3,v,bare,ABP-D,y,v,none,9366,NC , , ,
24-Jul-24,"RG, AD",26-Jul-24,"AD, NC",lbf_ladnertrunk,,p2,t1,rod-s1,lbf_ladnertrunk__p2_t1_rod-s1,3,l,r,3,v,bare,none,y,v,continuous,9366,NC ,y,A,
24-Jul-24,"RG, AD",26-Jul-24,"AD, NC",lbf_ladnertrunk,,p2,t1,rod-s1,lbf_ladnertrunk__p2_t1_rod-s1,3,l,r,3,  ,bare,ABP-D,y,v,continuous ,"9368, 9370, 9367",NC , , ,
24-Jul-24,"RG, AD",26-Jul-24,"AD, NC",lbf_ladnertrunk,,p2,t1,rod-s1,lbf_ladnertrunk__p2_t1_rod-s1,3,l,r,4,v,mulch,none,y,v,connected runway,"9368, 9370, 9367",NC , , ,
24-Jul-24,"RG, AD",26-Jul-24,"AD, NC",lbf_ladnertrunk,,p2,t1,rod-s1,lbf_ladnertrunk__p2_t1_rod-s1,4,l,r,2,dm,mulch,ABP-D,n,   ,no trail,9372,NC ,n,  ,
24-Jul-24,"RG, AD",26-Jul-24,"AD, NC",lbf_ladnertrunk,,p2,t1,rod-s1,lbf_ladnertrunk__p2_t1_rod-s1,4.5,l,r,2,dm,bare,none,y,?,"thin,   rrow trail. Too big for bug",9380,NC ,n,  ,
24-Jul-24,"RG, AD",26-Jul-24,"AD, NC",lbf_ladnertrunk,,p2,t1,rod-s1,lbf_ladnertrunk__p2_t1_rod-s1,6,l,r,4,v,mulch,none,y,v,continuous trail with runway,"9375, 9379",NC ,y,A,
24-Jul-24,"RG, AD",26-Jul-24,"AD, NC",lbf_ladnertrunk,,p2,t1,rod-s1,lbf_ladnertrunk__p2_t1_rod-s1,6,l,r,3,  ,mulch,none,y,v,continuous trail with runway,"9375, 9379",NC ,y,A,
24-Jul-24,"RG, AD",26-Jul-24,"AD, NC",lbf_ladnertrunk,,p2,t1,rod-s1,lbf_ladnertrunk__p2_t1_rod-s1,8,l,r,2,dm,mulch,none,n,   ,"no trail, unclear, looks like spatter",9378,NC ,n,  ,
24-Jul-24,"RG, AD",26-Jul-24,"AD, NC",lbf_ladnertrunk,,p2,t1,rod-s1,lbf_ladnertrunk__p2_t1_rod-s1,8,l,r,2.5,dm,mulch,none,n,   ,"no trail, unclear, looks like spatter",9378,NC ,n,  ,
24-Jul-24,"RG, AD",26-Jul-24,"AD, NC",lbf_ladnertrunk,,p2,t1,rod-s1,lbf_ladnertrunk__p2_t1_rod-s1,9,l,r,3,  ,mulch,ABP-D,n,   ,none,9378,NC ,n,  ,
24-Jul-24,"RG, AD",26-Jul-24,"AD, NC",lbf_ladnertrunk,,p2,t1,rod-s1,lbf_ladnertrunk__p2_t1_rod-s1,9,l,r,3.5,v,mulch,Runway.,n,   ,none,9378,NC ,n,  ,
24-Jul-24,"RG, AD",26-Jul-24,"AD, NC",lbf_ladnertrunk,,p2,t1,rod-s1,lbf_ladnertrunk__p2_t1_rod-s1,10,l,r,3.5,v,mulch,none,y,?,"Unclear, diffuse.",9376,NC ,n,  ,
24-Jul-24,"RG, AD",26-Jul-24,"AD, NC",lbf_ladnertrunk,,p2,t1,rod-s1,lbf_ladnertrunk__p2_t1_rod-s1,10,l,r,4,v,mulch,ABP,y,?,connected to 1.26,9377,NC ,n,  ,
24-Jul-24,"RG, AD",26-Jul-24,"AD, NC",lbf_ladnertrunk,,p2,t1,rod-s1,lbf_ladnertrunk__p2_t1_rod-s1,9,r,r,3.5,v,mulch,none,y,dm? ,"small tracks, far apart",9381,NC , , ,
24-Jul-24,"RG, AD",26-Jul-24,"AD, NC",lbf_ladnertrunk,,p2,t1,rod-s1,lbf_ladnertrunk__p2_t1_rod-s1,8,r,r,2,dm,bare,none,y,dm,"some activity, connected to high (1.30)",9384,NC , , ,
24-Jul-24,"RG, AD",26-Jul-24,"AD, NC",lbf_ladnertrunk,,p2,t1,rod-s1,lbf_ladnertrunk__p2_t1_rod-s1,8,r,r,3.5,  ,mulch,none,y,dm,hopping tracks. Very active,9383,NC ,y, ,
24-Jul-24,"RG, AD",26-Jul-24,"AD, NC",lbf_ladnertrunk,,p2,t1,rod-s1,lbf_ladnertrunk__p2_t1_rod-s1,7,r,r,2,dm,bare,none,y,?,"unclear, dispersed",9385,NC ,n,  ,
24-Jul-24,"RG, AD",26-Jul-24,"AD, NC",lbf_ladnertrunk,,p2,t1,rod-s1,lbf_ladnertrunk__p2_t1_rod-s1,4,r,r,4,v,mulch,Runway.,y,v,"runway is active, continuous",9386,NC ,y,A,
24-Jul-24,"RG, AD",26-Jul-24,"AD, NC",lbf_ladnertrunk,,p2,t1,rod-s1,lbf_ladnertrunk__p2_t1_rod-s1,4,r,r,3,v,mulch,ABP,y,v,active runway,9387,NC , , ,
24-Jul-24,"RG, AD",26-Jul-24,"AD, NC",lbf_ladnertrunk,,p2,t1,rod-s1,lbf_ladnertrunk__p2_t1_rod-s1,3.5,r,r,4,v,mulch,none,y,dm,clear prints,9388-9389,NC ,y, ,
24-Jul-24,"RG, AD",26-Jul-24,"AD, NC",lbf_ladnertrunk,,p2,t1,rod-s1,lbf_ladnertrunk__p2_t1_rod-s1,3,r,r,2.5,  ,bare,ABP,y,dm,connected to 1.34 and 1.36,9390,NC , , ,
24-Jul-24,"RG, AD",26-Jul-24,"AD, NC",lbf_ladnertrunk,,p2,t1,rod-s1,lbf_ladnertrunk__p2_t1_rod-s1,3,r,r,2,  ,bare,none,y,dm,connected to 1.34 and 1.35,9390,NC , , ,
24-Jul-24,"RG, AD",26-Jul-24,"AD, NC",lbf_ladnertrunk,,p2,t1,rod-s1,lbf_ladnertrunk__p2_t1_rod-s1,3,r,r,3,v,mulch,ABP,y,v,active runway,9391-9393,NC , , ,
24-Jul-24,"RG, AD",26-Jul-24,"AD, NC",lbf_ladnertrunk,,p2,t1,rod-s1,lbf_ladnertrunk__p2_t1_rod-s1,2.5,r,r,2,  ,mulch,none,y,?,"Unclear, diffuse.",9391-9393,NC , , ,
24-Jul-24,"RG, AD",26-Jul-24,"AD, NC",lbf_ladnertrunk,,p2,t1,rod-s1,lbf_ladnertrunk__p2_t1_rod-s1,2,r,r,3,v,mulch,none,y,?,"Unclear, diffuse.",9391-9393,NC , , ,
24-Jul-24,"RG, AD",26-Jul-24,"AD, NC",lbf_ladnertrunk,,p2,t1,rod-s2,lbf_ladnertrunk__p2_t1_rod-s2,20,l,r,2.5,  ,mulch,none,y,?,Faint tracks.,9394,DM Mac  ughton, , ,
24-Jul-24,"RG, AD",26-Jul-24,"AD, NC",lbf_ladnertrunk,,p2,t1,rod-s2,lbf_ladnertrunk__p2_t1_rod-s2,21,l,r,3.5,  ,mulch,ABP-D,y,v,active runway,9395,DM Mac  ughton,y,A,short trail
24-Jul-24,"RG, AD",26-Jul-24,"AD, NC",lbf_ladnertrunk,,p2,t1,rod-s2,lbf_ladnertrunk__p2_t1_rod-s2,22,l,r,2,dm,mulch,none,y,?,faint trail,9397,DM Mac  ughton, , ,
24-Jul-24,"RG, AD",26-Jul-24,"AD, NC",lbf_ladnertrunk,,p2,t1,rod-s2,lbf_ladnertrunk__p2_t1_rod-s2,25,l,r,3.5,v,mulch,"ABP-D, left",y,v,active runway,9398,DM Mac  ughton,y,A,
24-Jul-24,"RG, AD",26-Jul-24,"AD, NC",lbf_ladnertrunk,,p2,t1,rod-s2,lbf_ladnertrunk__p2_t1_rod-s2,25,l,r,3.5,v,mulch,"ABP, right",y,v,connected to 2.4,9399-9400,DM Mac  ughton,y,A,
24-Jul-24,"RG, AD",26-Jul-24,"AD, NC",lbf_ladnertrunk,,p2,t1,rod-s2,lbf_ladnertrunk__p2_t1_rod-s2,26,l,r,2,dm,mulch,none,y,v?,prints connected to 2.5 ,9402,DM Mac  ughton,y,A,
24-Jul-24,"RG, AD",26-Jul-24,"AD, NC",lbf_ladnertrunk,,p2,t1,rod-s2,lbf_ladnertrunk__p2_t1_rod-s2,23,r,r,3,  ,mulch,ABP-D,y,?,connected to 2.8 and 2.9,9403,DM Mac  ughton,y,A,smear
24-Jul-24,"RG, AD",26-Jul-24,"AD, NC",lbf_ladnertrunk,,p2,t1,rod-s2,lbf_ladnertrunk__p2_t1_rod-s2,23,r,r,2.5,  ,mulch,ABP-D,y,?,same as above,9403,DM Mac  ughton,y,A,smear
24-Jul-24,"RG, AD",26-Jul-24,"AD, NC",lbf_ladnertrunk,,p2,t1,rod-s2,lbf_ladnertrunk__p2_t1_rod-s2,23,r,r,3,  ,mulch,ABP-D,y,?,same as above,9403,DM Mac  ughton,y,A,smear
24-Jul-24,"RG, AD",26-Jul-24,"AD, NC",lbf_ladnertrunk,,p2,t1,rod-s2,lbf_ladnertrunk__p2_t1_rod-s2,23,r,,3.5,v,bare,Possible runway.,y,dm?,"small,   rrow tracks",9404,DM Mac  ughton,y, ,
24-Jul-24,"RG, AD",26-Jul-24,"AD, NC",lbf_ladnertrunk,,p2,t1,rod-s2,lbf_ladnertrunk__p2_t1_rod-s2,23,r,,3,  ,bare,none,y,dm?,none,9404,DM Mac  ughton,y, ,
24-Jul-24,"RG, AD",26-Jul-24,"AD, NC",lbf_ladnertrunk,,p2,t1,rod-s2,lbf_ladnertrunk__p2_t1_rod-s2,22.5,r,r,2.5,  ,dry_rooted,ABP-D,n,   ,none,9405,DM Mac  ughton,n,  ,
24-Jul-24,"RG, AD",26-Jul-24,"AD, NC",lbf_ladnertrunk,,p2,t1,rod-s2,lbf_ladnertrunk__p2_t1_rod-s2,22,r,r,3,v,mulch,ABP-D,y,v,Continuous runway.,9406,DM Mac  ughton,y,A,short trail
24-Jul-24,"RG, AD",26-Jul-24,"AD, NC",lbf_ladnertrunk,,p2,t1,rod-s3,lbf_ladnertrunk__p2_t1_rod-s3,41,l,r,2,dm,mulch,none,y,dm?,"faint tracks spotted, tracks are small",9407,DM Mac  ughton,y, ,
24-Jul-24,"RG, AD",26-Jul-24,"AD, NC",lbf_ladnertrunk,,p2,t1,rod-s3,lbf_ladnertrunk__p2_t1_rod-s3,42,l,r,2,dm,mulch,none,y,dm?,"tracks unclear, possibly hopping",9408,DM Mac  ughton,y, ,
24-Jul-24,"RG, AD",26-Jul-24,"AD, NC",lbf_ladnertrunk,,p2,t1,rod-s3,lbf_ladnertrunk__p2_t1_rod-s3,43,l,r,2,dm,mulch,none,y,dm?,"tracks unclear, possibly hopping",9409,DM Mac  ughton,y, ,
24-Jul-24,"RG, AD",26-Jul-24,"AD, NC",lbf_ladnertrunk,,p2,t1,rod-s3,lbf_ladnertrunk__p2_t1_rod-s3,44,l,r,2,dm,bare,none,y,dm?,connected to previous tracks,9410,DM Mac  ughton,y, ,
24-Jul-24,"RG, AD",26-Jul-24,"AD, NC",lbf_ladnertrunk,,p2,t1,rod-s3,lbf_ladnertrunk__p2_t1_rod-s3,45,l,r,2.5,dm,bare,none,y,dm/v?,"unclear, hopping tracks and smear","9411, 9414",DM Mac  ughton,y,A,irrigation tube
24-Jul-24,"RG, AD",26-Jul-24,"AD, NC",lbf_ladnertrunk,,p2,t1,rod-s5,lbf_ladnertrunk__p2_t1_rod-s5,90,r,r,4,v,bare,ABP-D,y,dm,hopping,9418,DM Mac  ughton,y,B,
24-Jul-24,"RG, AD",26-Jul-24,"AD, NC",lbf_ladnertrunk,,p2,t1,rod-s5,lbf_ladnertrunk__p2_t1_rod-s5,83,r,r,4,v,bare,none,y,dm?,Possible hopping.,9419,DM Mac  ughton,y, ,
24-Jul-24,"RG, AD",26-Jul-24,"RG, DM ",lbf_ladnertrunk,,p2,t2,rod-s1 ,lbf_ladnertrunk__p2_t2_rod-s1 ,0,l,r,2.5,  ,mulch,"ABP-D, blueberries",y,v,continuous track on tube,8075-8077,DM Mac  ughton,y,A,irrigation tube
24-Jul-24,"RG, AD",26-Jul-24,"RG, DM ",lbf_ladnertrunk,,p2,t2,rod-s1 ,lbf_ladnertrunk__p2_t2_rod-s1 ,3,l,r,4,  ,bare,ABP-D, ,v?,faint continuous track. Spider track,8080-8082,DM Mac  ughton, , ,
24-Jul-24,"RG, AD",26-Jul-24,"RG, DM ",lbf_ladnertrunk,,p2,t2,rod-s1,lbf_ladnertrunk__p2_t2_rod-s1,3,l,r,2.5,  ,bare,ABP-D,n,   ,none,8083,DM Mac  ughton,n,  ,
24-Jul-24,"RG, AD",26-Jul-24,"RG, DM ",lbf_ladnertrunk,,p2,t2,rod-s1,lbf_ladnertrunk__p2_t2_rod-s1,9,r,r,3,v,mulch,"ABP-D, runway",y,v,continous track. Clear,8084-8085,DM Mac  ughton,y,A,
24-Jul-24,"RG, AD",26-Jul-24,"RG, DM ",lbf_ladnertrunk,,p2,t2,rod-s2,lbf_ladnertrunk__p2_t2_rod-s2,23,l,r,2.5,  ,bare,ABP-D,y,v,continuous 1in trail connecting 2.1-2.4,8086-8087,DM Mac  ughton,y,A,
24-Jul-24,"RG, AD",26-Jul-24,"RG, DM ",lbf_ladnertrunk,,p2,t2,rod-s2,lbf_ladnertrunk__p2_t2_rod-s2,23,l,r,2.5,  ,bare,ABP-D,y,v,continuous 1in trail connecting 2.1-2.5,8086-8087,DM Mac  ughton,y,A,
24-Jul-24,"RG, AD",26-Jul-24,"RG, DM ",lbf_ladnertrunk,,p2,t2,rod-s2,lbf_ladnertrunk__p2_t2_rod-s2,23.5,l,r,3.5,v,dry_rooted,ABP-D,y,v,continuous 1in trail connecting 2.1-2.6,8087-8088,DM Mac  ughton,y,A,
24-Jul-24,"RG, AD",26-Jul-24,"RG, DM ",lbf_ladnertrunk,,p2,t2,rod-s2,lbf_ladnertrunk__p2_t2_rod-s2,23.5,l,r,3,v,dry_rooted,"ABP-D, runway",y,v,continuous 1in trail connecting 2.1-2.7,8087-8088,DM Mac  ughton,y,A,
24-Jul-24,"RG, AD",26-Jul-24,"RG, DM ",lbf_ladnertrunk,,p2,t2,rod-s2,lbf_ladnertrunk__p2_t2_rod-s2,26,l,r,1.5,dm,bare,none,n,   ,no distinct tracks,8089,DM Mac  ughton,n,  ,
24-Jul-24,"RG, AD",26-Jul-24,"RG, DM ",lbf_ladnertrunk,,p2,t2,rod-s2,lbf_ladnertrunk__p2_t2_rod-s2,27,l,r,3.5,v,mulch,none,y,v,track leading to base of plant,8090,DM Mac  ughton,y,A,
24-Jul-24,"RG, AD",26-Jul-24,"RG, DM ",lbf_ladnertrunk,,p2,t2,rod-s2,lbf_ladnertrunk__p2_t2_rod-s2,28,l,r,4,v,mulch,none,n,   ,insect tracks (ants?),8091-8092,DM Mac  ughton,n,  ,
24-Jul-24,"RG, AD",26-Jul-24,"RG, DM ",lbf_ladnertrunk,,p2,t2,rod-s2,lbf_ladnertrunk__p2_t2_rod-s2,28.2,l,r,2,dm,mulch,ABP-D,n,   ,No tracks.,8093,DM Mac  ughton,n,  ,
24-Jul-24,"RG, AD",26-Jul-24,"RG, DM ",lbf_ladnertrunk,,p2,t2,rod-s2,lbf_ladnertrunk__p2_t2_rod-s2,28.4,l,r,4,v,bare,ABP-D,n,   ,No tracks.,8094,DM Mac  ughton,n,  ,
24-Jul-24,"RG, AD",26-Jul-24,"RG, DM ",lbf_ladnertrunk,,p2,t2,rod-s2,lbf_ladnertrunk__p2_t2_rod-s2,29,l,r,3,  ,grass,none,n,   ,No tracks.,8095,DM Mac  ughton,n,  ,
24-Jul-24,"RG, AD",26-Jul-24,"RG, DM ",lbf_ladnertrunk,,p2,t2,rod-s2,lbf_ladnertrunk__p2_t2_rod-s2,29,l,r,3.5,v,bare,ABP-D,y,v,continuous tracks,8096,DM Mac  ughton,y,A,
24-Jul-24,"RG, AD",26-Jul-24,"RG, DM ",lbf_ladnertrunk,,p2,t2,rod-s2,lbf_ladnertrunk__p2_t2_rod-s2,30,r,r,3,v?,bare,none,y,v,tracks leading to 2.13,8097-8098,DM Mac  ughton,y,A,
24-Jul-24,"RG, AD",26-Jul-24,"RG, DM ",lbf_ladnertrunk,,p2,t2,rod-s2,lbf_ladnertrunk__p2_t2_rod-s2,29.5,r,r,2.5,  ,bare,none,y,v,tracks leading to 2.12,8098-8099,DM Mac  ughton,y,A,
24-Jul-24,"RG, AD",26-Jul-24,"RG, DM ",lbf_ladnertrunk,,p2,t2,rod-s2,lbf_ladnertrunk__p2_t2_rod-s2,29,r,r,3,  ,bare,none,y,v,continuous tracks,8100,DM Mac  ughton,y,A,
24-Jul-24,"RG, AD",26-Jul-24,"RG, DM ",lbf_ladnertrunk,,p2,t2,rod-s2,lbf_ladnertrunk__p2_t2_rod-s2,25,r,r,2.5,  ,bare,none,n,   ,No tracks.,8101,DM Mac  ughton,n,  ,
24-Jul-24,"RG, AD",26-Jul-24,"RG, DM ",lbf_ladnertrunk,,p2,t2,rod-s2,lbf_ladnertrunk__p2_t2_rod-s2,25,r,r,2.5,  ,bare,none,n,   ,No tracks.,8101,DM Mac  ughton,n,  ,
24-Jul-24,"RG, AD",26-Jul-24,"RG, DM ",lbf_ladnertrunk,,p2,t2,rod-s2,lbf_ladnertrunk__p2_t2_rod-s2,24,r,r,1.5,dm,bare,ABP-D,n,   ,none,8102,DM Mac  ughton,n,  ,
24-Jul-24,"RG, AD",26-Jul-24,"RG, DM ",lbf_ladnertrunk,,p2,t2,rod-s2,lbf_ladnertrunk__p2_t2_rod-s2,24,r,r,3,  ,mulch,ABP-D,y,v?,somewhat continuous tracks,8103-8104,DM Mac  ughton,y, ,
24-Jul-24,"RG, AD",26-Jul-24,"RG, DM ",lbf_ladnertrunk,,p2,t2,rod-s2,lbf_ladnertrunk__p2_t2_rod-s2,23,r,r,2.5,  ,bare,none,n,   ,No tracks.,8105,DM Mac  ughton,n,  ,
24-Jul-24,"RG, AD",26-Jul-24,"RG, DM ",lbf_ladnertrunk,,p2,t2,rod-s3,lbf_ladnertrunk__p2_t2_rod-s3,40,l,r,3,v,bare,ABP-D,y,v,continuous,8106-8107,DM Mac  ughton,y,A,
24-Jul-24,"RG, AD",26-Jul-24,"RG, DM ",lbf_ladnertrunk,,p2,t2,rod-s3,lbf_ladnertrunk__p2_t2_rod-s3,40.5,l,r,2.5,  ,dry_grass,none,n,   ,No tracks.,8108,DM Mac  ughton,n,  ,
24-Jul-24,"RG, AD",26-Jul-24,"RG, DM ",lbf_ladnertrunk,,p2,t2,rod-s3,lbf_ladnertrunk__p2_t2_rod-s3,41.5,l,r,5,v,mulch,none,y,v?,"faint tracks, not definitive",8109-8110,DM Mac  ughton,y, ,
24-Jul-24,"RG, AD",26-Jul-24,"RG, DM ",lbf_ladnertrunk,,p2,t2,rod-s3,lbf_ladnertrunk__p2_t2_rod-s3,42,l,r,5,v,mulch,none,n,   ,No tracks.,8111,DM Mac  ughton,n,  ,
24-Jul-24,"RG, AD",26-Jul-24,"RG, DM ",lbf_ladnertrunk,,p2,t2,rod-s3,lbf_ladnertrunk__p2_t2_rod-s3,47,l,r,2.5,  ,mulch,ABP-D,n,   ,none,8112,DM Mac  ughton,n,  ,
24-Jul-24,"RG, AD",26-Jul-24,"RG, DM ",lbf_ladnertrunk,,p2,t2,rod-s3,lbf_ladnertrunk__p2_t2_rod-s3,48,l,r,4.5,v,mulch,ABP-D,y?,v?,tracks connecting to 3.7,8113,DM Mac  ughton, , ,
24-Jul-24,"RG, AD",26-Jul-24,"RG, DM ",lbf_ladnertrunk,,p2,t2,rod-s3,lbf_ladnertrunk__p2_t2_rod-s3,48,l,r,3.5,  ,mulch,none,y?,v?,tracks connecting to 3.6,8113,DM Mac  ughton, , ,
24-Jul-24,"RG, AD",26-Jul-24,"RG, DM ",lbf_ladnertrunk,,p2,t2,rod-s3,lbf_ladnertrunk__p2_t2_rod-s3,48,l,r,2.5,  ,mulch,ABP-D,y?,v?,tracks connecting to 3.9,8113-8114,DM Mac  ughton,y, ,
24-Jul-24,"RG, AD",26-Jul-24,"RG, DM ",lbf_ladnertrunk,,p2,t2,rod-s3,lbf_ladnertrunk__p2_t2_rod-s3,49,l,r,3,  ,mulch,ABP-D,y?,v?,tracks connecting to 3.8,8114-8115,DM Mac  ughton,y, ,
24-Jul-24,"RG, AD",26-Jul-24,"RG, DM ",lbf_ladnertrunk,,p2,t2,rod-s3,lbf_ladnertrunk__p2_t2_rod-s3,50,r,r,3.5,  ,mulch,ABP-D,n,  ,No tracks.,8116,DM Mac  ughton,n,  ,
24-Jul-24,"RG, AD",26-Jul-24,"RG, DM ",lbf_ladnertrunk,,p2,t2,rod-s3,lbf_ladnertrunk__p2_t2_rod-s3,48,r,r,3.5,  ,mulch,ABP-D,n,  ,No tracks.,8117,DM Mac  ughton,n,  ,
24-Jul-24,"RG, AD",26-Jul-24,"RG, DM ",lbf_ladnertrunk,,p2,t2,rod-s3,lbf_ladnertrunk__p2_t2_rod-s3,48,r,r,2.5,  ,mulch,ABP-D,n,  ,No tracks.,8118,DM Mac  ughton,n,  ,
24-Jul-24,"RG, AD",26-Jul-24,"RG, DM ",lbf_ladnertrunk,,p2,t2,rod-s3,lbf_ladnertrunk__p2_t2_rod-s3,47.5,r,r,2.5,  ,dry_grass,none,y?,v?,"very faint tracks, fairly continuous",8119-8120,DM Mac  ughton, , ,
24-Jul-24,"RG, AD",26-Jul-24,"RG, DM ",lbf_ladnertrunk,,p2,t2,rod-s3,lbf_ladnertrunk__p2_t2_rod-s3,45,r,r,3.5,  ,mulch,ABP-D,n,  ,No tracks.,8121,DM Mac  ughton,n,  ,
24-Jul-24,"RG, AD",26-Jul-24,"RG, DM ",lbf_ladnertrunk,,p2,t2,rod-s3,lbf_ladnertrunk__p2_t2_rod-s3,41,r,r,2,dm,bare,ABP-D,y?,v?,faint track,8122-8123,DM Mac  ughton,y,A,
24-Jul-24,"RG, AD",26-Jul-24,"RG, DM ",lbf_ladnertrunk,,p2,t2,rod-s4,lbf_ladnertrunk__p2_t2_rod-s4,62,l,r,2.5,  ,bare,ABP-D,n,  ,No tracks.,8124,DM Mac  ughton,n,  ,
24-Jul-24,"RG, AD",26-Jul-24,"RG, DM ",lbf_ladnertrunk,,p2,t2,rod-s4,lbf_ladnertrunk__p2_t2_rod-s4,63,r,r,3.5,  ,dry_grass,ABP-D,n,  ,No tracks.,8125,DM Mac  ughton,n,  ,
24-Jul-24,"RG, AD",26-Jul-24,"RG, DM ",lbf_ladnertrunk,,p2,t2,rod-s5,lbf_ladnertrunk__p2_t2_rod-s5,80,l,r,2,  ,mulch,none,n,  ,No tracks.,8126,DM Mac  ughton,n,  ,
24-Jul-24,"RG, AD",26-Jul-24,"RG, DM ",lbf_ladnertrunk,,p2,t2,rod-s5,lbf_ladnertrunk__p2_t2_rod-s5,80.2,l,r,1.5,dm,mulch,none,n,  ,No tracks.,8127,DM Mac  ughton,n,  ,
24-Jul-24,"RG, AD",26-Jul-24,"RG, DM ",lbf_ladnertrunk,,p2,t2,rod-s5,lbf_ladnertrunk__p2_t2_rod-s5,80.2,l,r,3,  ,mulch,ABP-D,n,  ,No tracks.,8127,DM Mac  ughton,n,  ,
24-Jul-24,"RG, AD",26-Jul-24,"RG, DM ",lbf_ladnertrunk,,p2,t2,rod-s5,lbf_ladnertrunk__p2_t2_rod-s5,82,l,r,2.5,  ,dry_grass,ABP-D,n,  ,No tracks.,8128,DM Mac  ughton,n,  ,
24-Jul-24,"RG, AD",26-Jul-24,"RG, DM ",lbf_ladnertrunk,,p2,t2,rod-s5,lbf_ladnertrunk__p2_t2_rod-s5,82,l,r,3,  ,dry_grass,none,n,  ,No tracks.,8128,DM Mac  ughton,n,  ,
24-Jul-24,"RG, AD",26-Jul-24,"RG, DM ",lbf_ladnertrunk,,p2,t2,rod-s5,lbf_ladnertrunk__p2_t2_rod-s5,90,l,r,2.5,  ,mulch,ABP-D,y,v?,none,8129-8130,DM Mac  ughton,y, ,
24-Jul-24,"RG, AD",26-Jul-24,"RG, DM ",lbf_ladnertrunk,,p2,t2,rod-s5,lbf_ladnertrunk__p2_t2_rod-s5,90,l,r,3.5,  ,mulch,ABP-D,y,v?,none,8132-8133,DM Mac  ughton,y, ,
24-Jul-24,"RG, AD",26-Jul-24,"RG, DM ",lbf_ladnertrunk,,p2,t2,rod-s5,lbf_ladnertrunk__p2_t2_rod-s5,90,l,r,2,v,mulch,"ABP-D, runway",y,v,none,8132-8133,DM Mac  ughton,y,A,
24-Jul-24,"RG, AD",26-Jul-24,"RG, DM ",lbf_ladnertrunk,,p2,t2,rod-s5,lbf_ladnertrunk__p2_t2_rod-s5,90,r,r,2.5,  ,mulch,ABP-D,n,  ,slug trail connecting to 5.10,8135-8136,DM Mac  ughton,n,  ,
24-Jul-24,"RG, AD",26-Jul-24,"RG, DM ",lbf_ladnertrunk,,p2,t2,rod-s5,lbf_ladnertrunk__p2_t2_rod-s5,90,r,r,3,  ,mulch,ABP-D,n,  ,slug trail connecting to 5.9,8135-8136,DM Mac  ughton,n,  ,
24-Jul-24,"RG, AD",26-Jul-24,"RG, DM ",lbf_ladnertrunk,,p2,t2,rod-s5,lbf_ladnertrunk__p2_t2_rod-s5,80,r,r,2,  ,dry_grass,none,n,  ,No tracks.,8138,DM Mac  ughton,n,  ,
24-Jul-24,"RG, AD",26-Jul-24,"RG, DM ",lbf_ladnertrunk,,p2,t2,rod-s5,lbf_ladnertrunk__p2_t2_rod-s5,85,r,r,4,v,bare,none,n,  ,No tracks.,8137,DM Mac  ughton,n,  ,
06-Aug-24,"RG, AD",08-Aug-24,RG ,surjit_168,,p1,t1,rod-s5,surjit_168__p1_t1_rod-s5,90,r,r,3.5,v,mulch,ABP-D,n,   ,Ants? Lots of thin continuous trails.,2995-2999,RG,n,  ,
06-Aug-24,"RG, AD",08-Aug-24,RG ,surjit_168,,p1,t2,rod-s1 ,surjit_168__p1_t2_rod-s1 ,0,l,r,3,v,bare,ABP-D,n?,   ,Ants? Beetle? One hop? Thin continuous trail.,3002-3008,RG,n,  ,
06-Aug-24,"RG, AD",08-Aug-24,RG ,surjit_168,,p1,t2,rod-s1 ,surjit_168__p1_t2_rod-s1 ,1,l,r,3,v,bare,ABP-D,n,   ,Ants?,3009,RG,n,  ,
06-Aug-24,"RG, AD",08-Aug-24,RG ,surjit_168,,p1,t2,rod-s1,surjit_168__p1_t2_rod-s1,2,l,r,2.5,  ,bare,ABP-D,n,   ,"Ant, beetle?",3010-3011,RG,n,  ,
06-Aug-24,"RG, AD",08-Aug-24,RG ,surjit_168,,p1,t2,rod-s1,surjit_168__p1_t2_rod-s1,5,r,r,4.5,v,bare,"ABP-D, a little spilled powder",n,   ,ant,3015-3017,RG,n,  ,
06-Aug-24,"RG, AD",08-Aug-24,RG ,surjit_168,,p1,t2,rod-s1,surjit_168__p1_t2_rod-s1,4,r,r,3,v,moss,distinct,n,   ,ant,3012-3014,RG,n,  ,
06-Aug-24,"RG, AD",08-Aug-24,RG ,surjit_168,,p1,t2,rod-s2,surjit_168__p1_t2_rod-s2,26,r,r,2.5,  ,bare,ABP-D,n?,   ,ants. thicker trail to left but likely just spray,3023-3026,RG,n,  ,
06-Aug-24,"RG, AD",08-Aug-24,RG ,surjit_168,,p1,t2,rod-s2,surjit_168__p1_t2_rod-s2,24,r,r,2,dm,bare,ABP-D,n?,   ,"ants. one thicker loop, maybe rodent? maybe just lots of ants",3018-3022,RG,n,  ,
06-Aug-24,"RG, AD",08-Aug-24,RG ,surjit_168,,p1,t2,rod-s3,surjit_168__p1_t2_rod-s3,40,l,r,2.5,  ,bare,ABP-D,y,v? dm,continuous alter  ting tracks leading to 3.2. some footprints. also neon beetle in bush.,3027-3032,RG,y, ,
06-Aug-24,"RG, AD",08-Aug-24,RG ,surjit_168,,p1,t2,rod-s3,surjit_168__p1_t2_rod-s3,40.5,l,r,2.5,  ,bare,none,y,v? dm,same as above,3028-3033,RG,y, ,
06-Aug-24,"RG, AD",08-Aug-24,RG ,surjit_168,,p1,t2,rod-s3,surjit_168__p1_t2_rod-s3,41,l,r,2.5,  ,bare,ABP-D,y,v? dm,tracks up to irrigation tube. footprints. also ants. tracks lead to 3.4,3034-3042,RG,y,A,irrigation tube
06-Aug-24,"RG, AD",08-Aug-24,RG ,surjit_168,,p1,t2,rod-s3,surjit_168__p1_t2_rod-s3,42,l,r,2.5,  ,bare,ABP-D,y,v? dm,tracks connect to 3.5,3043-3047,RG,y, ,
06-Aug-24,"RG, AD",08-Aug-24,RG ,surjit_168,,p1,t2,rod-s3,surjit_168__p1_t2_rod-s3,42.1,l,r,3,v,bare,ABP-D,y,v? dm,footprints on irrigation tube,3043-3047,RG,y, ,
06-Aug-24,"RG, AD",08-Aug-24,RG ,surjit_168,,p1,t2,rod-s3,surjit_168__p1_t2_rod-s3,43,l,r,3,v,bare,none,y,v? dm,tracks lead to 3.5,3048-3050,RG,y, ,
06-Aug-24,"RG, AD",08-Aug-24,RG ,surjit_168,,p1,t2,rod-s3,surjit_168__p1_t2_rod-s3,43.5,l,r,2,  ,bare,none,y,v? dm,continuous alter  ting tracks leading to 3.2. some footprints. also neon beetle in bush.,3051-3056,RG,y, ,
06-Aug-24,"RG, AD",08-Aug-24,RG ,surjit_168,,p1,t2,rod-s3,surjit_168__p1_t2_rod-s3,44,l,r,2.5,  ,bare,none,n,   ,powder spray?,3055-3056,RG,n,  ,
06-Aug-24,"RG, AD",08-Aug-24,"RG, NC, AD",surjit_168,,p1,t2,rod-s3,surjit_168__p1_t2_rod-s3,50,l,r,2.5,  ,bare,ABP-D,n,   ,powder spray?,9586,NC,n,  ,
06-Aug-24,"RG, AD",08-Aug-24,"RG, NC, AD",surjit_168,,p1,t2,rod-s4,surjit_168__p1_t2_rod-s4,60,l,r,2.5,  ,bare,ABP-D,n,  ,"diffuse dusting, insect track",9587,NC,n,  ,
06-Aug-24,"RG, AD",08-Aug-24,"RG, NC, AD",surjit_168,,p1,t2,rod-s4,surjit_168__p1_t2_rod-s4,61,l,r,2.5,  ,bare,none,n,ant?,"diffuse, one thicker trail",3057-3058,RG,n,  ,
06-Aug-24,"RG, AD",08-Aug-24,"RG, NC, AD",surjit_168,,p1,t2,rod-s4,surjit_168__p1_t2_rod-s4,70,r,r,2.5,  ,bare,none,maybe, ,"diffuse spray, tracks from 4.4/4.5",9588-9591,NC,y,A,irrigation tube
06-Aug-24,"RG, AD",08-Aug-24,"RG, NC, AD",surjit_168,,p1,t2,rod-s4,surjit_168__p1_t2_rod-s4,67,r,r,2,dm,bare,none,y,v?,footprints,3059,RG,y,A,irrigation tube
06-Aug-24,"RG, AD",08-Aug-24,"RG, NC, AD",surjit_168,,p1,t2,rod-s4,surjit_168__p1_t2_rod-s4,66.8,r,r,2.5,  ,bare,none,y,v?,footprints,3064,RG,y,A,irrigation tube
06-Aug-24,"RG, AD",08-Aug-24,"RG, NC, AD",surjit_168,,p1,t2,rod-s5,surjit_168__p1_t2_rod-s5,81,l,r,3,  ,bare,ABP-D,y, ,faint trail to left,9592,NC,n,  ,
06-Aug-24,"RG, AD",08-Aug-24,"RG, NC, AD",surjit_168,,p1,t2,rod-s5,surjit_168__p1_t2_rod-s5,82,l,r,2,  ,bare,ABP-D,y,v?,"continuous, connected to 5.3, hops","3065-3066, 3071",RG,y,A,
06-Aug-24,"RG, AD",08-Aug-24,"RG, NC, AD",surjit_168,,p1,t2,rod-s5,surjit_168__p1_t2_rod-s5,82.2,l,r,3,  ,bare,none,y, ,"tracks on the tube, not distinct",9593,NC, , ,
06-Aug-24,"RG, AD",08-Aug-24,"RG, NC, AD",surjit_168,,p1,t2,rod-s5,surjit_168__p1_t2_rod-s5,82.4,l,r,2.5,  ,bare,none,y,dm? v?,hopping or alter  ting,9595,NC,y, ,
06-Aug-24,"RG, AD",08-Aug-24,"RG, NC, AD",surjit_168,,p1,t2,rod-s5,surjit_168__p1_t2_rod-s5,82.5,l,r,2,dm,bare,ABP-D,y, ,"unclear, lots of spray",9596-9597,NC, , ,
06-Aug-24,"RG, AD",08-Aug-24,"RG, NC, AD",surjit_168,,p1,t2,rod-s5,surjit_168__p1_t2_rod-s5,82.6,l,r,2,dm,bare,none,y, ,"unclear, lots of spray",9596-9597,NC, , ,
06-Aug-24,"RG, AD",08-Aug-24,"RG, NC, AD",surjit_168,,p1,t2,rod-s5,surjit_168__p1_t2_rod-s5,87,l,r,3,  ,root,"ABP-D, between 2 roots, clear hole beside but out of bounds",y, ,"tracks on tube, not distinct",9598-9599,NC, , ,
06-Aug-24,"RG, AD",08-Aug-24,"RG, NC, AD",surjit_168,,p1,t2,rod-s5,surjit_168__p1_t2_rod-s5,87,r,r,2,dm,bare,none,y,v?,tracks look alter  ting and continue on tube.,3072-3076,RG,y,A,irrigation tube
06-Aug-24,"RG, AD",08-Aug-24,"NC, AD",surjit_168,,p2,t1,rod-s1 ,surjit_168__p2_t1_rod-s1 ,2,l,r,3,v,bare,none,y,dm,hopping tracks,9558,NC, , ,
06-Aug-24,"RG, AD",08-Aug-24,"NC, AD",surjit_168,,p2,t1,rod-s1 ,surjit_168__p2_t1_rod-s1 ,3,l,r,1.5,dm,bare,ABP-D,y, ,"unclear, diffuse, possible hops",9560,NC, , ,
06-Aug-24,"RG, AD",08-Aug-24,"NC, AD",surjit_168,,p2,t1,rod-s2,surjit_168__p2_t1_rod-s2,20,l,r,3,v,bare,ABP-D,y,dm?,tracks,9563-9564,NC,y,A,irrigation tube
06-Aug-24,"RG, AD",08-Aug-24,"NC, AD",surjit_168,,p2,t1,rod-s2,surjit_168__p2_t1_rod-s2,21,l,r,3,v,m,ABP-D,y,dm?,connects to 2.1 via tracks,9565,NC,y, ,
06-Aug-24,"RG, AD",08-Aug-24,"NC, AD",surjit_168,,p2,t1,rod-s2,surjit_168__p2_t1_rod-s2,26,l,r,2.5,v,bare,distinct,y, ,possible ant tracks or tail,9566,NC,n,  ,
06-Aug-24,"RG, AD",08-Aug-24,"NC, AD",surjit_168,,p2,t1,rod-s3,surjit_168__p2_t1_rod-s3,42,l,r,3.5,v,bare,ABP-D,y,dm?,tracks on tube leading to 3.5,9567-9570,NC,y,A,irrigation tube
06-Aug-24,"RG, AD",08-Aug-24,"NC, AD",surjit_168,,p2,t1,rod-s3,surjit_168__p2_t1_rod-s3,42,l,r,3,v,bare,ABP-D,y,dm?,same as above,9567-9570,NC,y,A,irrigation tube
06-Aug-24,"RG, AD",08-Aug-24,"NC, AD",surjit_168,,p2,t1,rod-s3,surjit_168__p2_t1_rod-s3,42,l,r,3,v,bare,ABP-D,y,dm?,same as above,9567-9570,NC,y,A,irrigation tube
06-Aug-24,"RG, AD",08-Aug-24,"NC, AD",surjit_168,,p2,t1,rod-s3,surjit_168__p2_t1_rod-s3,42,l,r,3.5,v,bare,ABP-D,y,dm?,same as above,9567-9570,NC,y,A,irrigation tube
06-Aug-24,"RG, AD",08-Aug-24,"NC, AD",surjit_168,,p2,t1,rod-s3,surjit_168__p2_t1_rod-s3,43,l,r,3,v,bare,none,y,dm?,tracks from last holes,9571,NC,y,A,irrigation tube
06-Aug-24,"RG, AD",08-Aug-24,"NC, AD",surjit_168,,p2,t1,rod-s3,surjit_168__p2_t1_rod-s3,41,r,r,1.5,dm,bare,none,y, ,tracks on pipe,9572,NC,y, ,
06-Aug-24,"RG, AD",08-Aug-24,"NC, AD",surjit_168,,p2,t1,rod-s4,surjit_168__p2_t1_rod-s4,70,r,r,2,dm,bare,none,y, ,tail or slug,9573,NC,n,  ,
06-Aug-24,"RG, AD",08-Aug-24,"NC, AD",surjit_168,,p2,t1,rod-s5,surjit_168__p2_t1_rod-s5,81,l,r,2.5,v,bare,none,y,dm?,tracks lead to 5.2,9574-9575,NC,y,A,irrigation tube
06-Aug-24,"RG, AD",08-Aug-24,"NC, AD",surjit_168,,p2,t1,rod-s5,surjit_168__p2_t1_rod-s5,82,l,r,2,dm,moss,none,y,dm?,tracks from 5.1,9576-9578,NC,y,A,irrigation tube
06-Aug-24,"RG, AD",08-Aug-24,"NC, AD",surjit_168,,p2,t1,rod-s5,surjit_168__p2_t1_rod-s5,83,l,r,2,dm,bare,ABP-D,y,dm?,tracks on tube,9579-9581,NC,y,A,irrigation tube
06-Aug-24,"RG, AD",08-Aug-24,"NC, AD",surjit_168,,p2,t1,rod-s5,surjit_168__p2_t1_rod-s5,83.5,l,r,2,dm,bare,none,y,dm?,tracks on tube,9579-9581,NC,y,A,irrigation tube
06-Aug-24,"RG, AD",08-Aug-24,"NC, AD",surjit_168,,p2,t1,rod-s5,surjit_168__p2_t1_rod-s5,90,l,r,2,dm,moss,none,y,dm,tracks from 5.3/5.4 lead to hole. Hops from hole too. Hops along tube.,9583-9585,NC,y,B,irrigation tube but hops
06-Aug-24,"RG, AD",08-Aug-24,"NC, AD",surjit_168,,p2,t2,rod-s1 ,surjit_168__p2_t2_rod-s1 ,1,l,r,1,dm,bare,none,y?, ,could be active or just excess spray,9540-9541,NC,n,  ,
06-Aug-24,"RG, AD",08-Aug-24,"NC, AD",surjit_168,,p2,t2,rod-s1 ,surjit_168__p2_t2_rod-s1 ,5,l,r,3.5,v,bare,none,y,dm?,clear tracks,9542,NC,y, ,
06-Aug-24,"RG, AD",08-Aug-24,"NC, AD",surjit_168,,p2,t2,rod-s1,surjit_168__p2_t2_rod-s1,5.2,l,r,2,  ,bare,none,y,dm?,clear tracks,9543,NC,y, ,
06-Aug-24,"RG, AD",08-Aug-24,"NC, AD",surjit_168,,p2,t2,rod-s1,surjit_168__p2_t2_rod-s1,6,l,r,2.5,  ,bare,ABP-D,y,dm?,clear tracks,9544-9547,NC,y,A,irrigation tube
06-Aug-24,"RG, AD",08-Aug-24,"NC, AD",surjit_168,,p2,t2,rod-s1,surjit_168__p2_t2_rod-s1,9,l,r,2.5,  ,bare,none,y, ,"unclear, possible tail or ant",9548,NC,n,  ,
06-Aug-24,"RG, AD",08-Aug-24,"NC, AD",surjit_168,,p2,t2,rod-s1,surjit_168__p2_t2_rod-s1,9,r,r,3,  ,bare,ABP-D,y, ,"unclear, diffuse",9549,NC,n,  ,
06-Aug-24,"RG, AD",08-Aug-24,"NC, AD",surjit_168,,p2,t2,rod-s2,surjit_168__p2_t2_rod-s2,29,r,r,2.5,  ,bare,ABP-D,y, ,"unclear, diffuse",9551,NC,n,  ,
06-Aug-24,"RG, AD",08-Aug-24,"NC, AD",surjit_168,,p2,t2,rod-s2,surjit_168__p2_t2_rod-s2,27,r,r,2,dm,bare,ABP-D,y, ,spread in all directions,9552,NC,n,  ,
06-Aug-24,"RG, AD",08-Aug-24,"NC, AD",surjit_168,,p2,t2,rod-s4,surjit_168__p2_t2_rod-s4,61,l,r,3,v,bare,none,y,v?,"continuous trail downwards, but possible hops",9554-9555,NC, , ,
06-Aug-24,"RG, AD",08-Aug-24,"NC, AD",surjit_168,,p2,t2,rod-s4,surjit_168__p2_t2_rod-s4,61,l,r,3,v,bare,none,y,v?,same as above,9554-9555,NC, , ,
06-Aug-24,"RG, AD",08-Aug-24,"NC, AD",surjit_168,,p2,t2,rod-s4,surjit_168__p2_t2_rod-s4,67,l,r,3,  ,bare,none,y, ,"unclear, diffuse, possible the wind?",9556,NC,n,  ,
06-Aug-24,"RG, AD",08-Aug-24,"NC, AD",avtar_168,,p1,t1,rod-s1 ,avtar_168__p1_t1_rod-s1 ,3,r,r,4.5,v,mulch,none,y, ,unclear,9600,NC, , ,
06-Aug-24,"RG, AD",08-Aug-24,"NC, AD",avtar_168,,p1,t1,rod-s1 ,avtar_168__p1_t1_rod-s1 ,3.2,r,r,3,  ,mulch,none,y, ,unclear trail to back,9600,NC, , ,
06-Aug-24,"RG, AD",08-Aug-24,"NC, AD",avtar_168,,p1,t1,rod-s1,avtar_168__p1_t1_rod-s1,8,r,r,3,  ,mulch,"attached to next two holes, maybe dug out by coyote",y, ,"unclear trail to back, possible alter  ting",9601-9602,NC, , ,
06-Aug-24,"RG, AD",08-Aug-24,"NC, AD",avtar_168,,p1,t1,rod-s1,avtar_168__p1_t1_rod-s1,8,r,r,3,  ,mulch,same as above,y, ,same as above,9601-9602,NC, , ,
06-Aug-24,"RG, AD",08-Aug-24,"NC, AD",avtar_168,,p1,t1,rod-s1,avtar_168__p1_t1_rod-s1,8,r,r,4.5,  ,mulch,same as above,y, ,same as above,9601-9602,NC, , ,
06-Aug-24,"RG, AD",08-Aug-24,"NC, AD",avtar_168,,p1,t1,rod-s2,avtar_168__p1_t1_rod-s2,27,r,r,2,dm,bare,distinct,n,  ,no clear trail. possible spray,9603,NC,n,  ,
06-Aug-24,"RG, AD",08-Aug-24,"NC, AD",avtar_168,,p1,t1,rod-s2,avtar_168__p1_t1_rod-s2,26,r,r,3.5,  ,mulch,"spider web in hole, irrigation tube chewed nearby (photo in RG phone). 2 holes attached in same hole",n,  ,no tracks. spiderwebs.,9605,NC,n,  ,
06-Aug-24,"RG, AD",08-Aug-24,"NC, AD",avtar_168,,p1,t1,rod-s2,avtar_168__p1_t1_rod-s2,26,r,r,3,  ,mulch,same as above,n,  ,same as above,9605,NC,n,  ,
06-Aug-24,"RG, AD",08-Aug-24,"NC, AD",avtar_168,,p1,t1,rod-s2,avtar_168__p1_t1_rod-s2,27.5,r,r,2.5,dm,bare,none,maybe,v?,"unclear, possible continuous track",9604,NC, , ,
06-Aug-24,"RG, AD",08-Aug-24,"NC, AD",avtar_168,,p1,t1,rod-s2,avtar_168__p1_t1_rod-s2,25.5,r,r,3.5,  ,mulch,none,n,  ,no tracks. filled hole?,9606,NC, , ,filled hole
06-Aug-24,"RG, AD",08-Aug-24,"NC, AD",avtar_168,,p1,t1,rod-s2,avtar_168__p1_t1_rod-s2,23,r,r,3,dm,bare,distinct,y,v?,faint continuous trail,9607-9609,NC, , ,
06-Aug-24,"RG, AD",08-Aug-24,"NC, AD",avtar_168,,p1,t1,rod-s3,avtar_168__p1_t1_rod-s3,41,r,r,2,dm,bare,none,n,  ,no tracks. spiderwebs.,9610,NC,n,  ,
06-Aug-24,"RG, AD",08-Aug-24,"NC, AD",avtar_168,,p1,t1,rod-s4,avtar_168__p1_t1_rod-s4,60,r,r,2.5,dm,mulch,none,n,  ,no tracks. filled hole,9611,NC,n,  ,
06-Aug-24,"RG, AD",08-Aug-24,"NC, AD",avtar_168,,p1,t2,rod-s1 ,avtar_168__p1_t2_rod-s1 ,6,r,r,2.5,v,mulch,ABP-D. Possible chewed pipe in alleyway,n,  ,no tracks,9612,NC,n,  ,
06-Aug-24,"RG, AD",08-Aug-24,"NC, AD",avtar_168,,p1,t2,rod-s4,avtar_168__p1_t2_rod-s4,70,r,r,3,v,bare,possible dug out by coyote,n,  ,no tracks,9615,NC,n,  ,
06-Aug-24,"RG, AD",08-Aug-24,"NC, AD",avtar_168,,p1,t2,rod-s5,avtar_168__p1_t2_rod-s5,90,r,r,3,v,mulch,"sawdust in hole (2955-2956, RG phone)",n,  ,slug tracks,9614,NC,n,  ,
06-Aug-24,"RG, AD",08-Aug-24,"NC, AD",avtar_168,,p1,t2,rod-s5,avtar_168__p1_t2_rod-s5,85,r,r,2.5,dm,bare,none,n,  ,no tracks,9613,NC,n,  ,
06-Aug-24,"RG, AD",08-Aug-24,RG,avtar_168,,p2,t1,rod-s1 ,avtar_168__p2_t1_rod-s1 ,7,l,r,4,v,bare,"coyote dug out, ground spider in hole",n?,  ,potential continuous. spider here. no distinct tracks.,3083-3087,RG,n,  ,
06-Aug-24,"RG, AD",08-Aug-24,RG,avtar_168,,p2,t1,rod-s2,avtar_168__p2_t1_rod-s2,23,r,r,2,dm,bare,distinct,y,v,continuous. footprints,3088-3093,RG,y,A,
06-Aug-24,"RG, AD",08-Aug-24,RG,avtar_168,,p2,t1,rod-s3,avtar_168__p2_t1_rod-s3,45,r,r,2.5,dm,bare,distinct,y,v?,possible hops?,3094-3100,RG,y, ,
06-Aug-24,"RG, AD",08-Aug-24,RG,avtar_168,,p2,t1,rod-s4,avtar_168__p2_t1_rod-s4,68,l,r,4,v,bare,"runway, distinct",y,v,continuous trail,3101-3104,RG,y,A,
06-Aug-24,"RG, AD",08-Aug-24,RG,avtar_168,,p2,t2,rod-s4,avtar_168__p2_t2_rod-s4,61,r,r,1.5,dm,bare,none,n?,  ,dispersed. on plant. possible track?,3105-3111,RG,n,  ,
06-Aug-24,"RG, AD",08-Aug-24,RG,avtar_168,,p2,t2,rod-s5,avtar_168__p2_t2_rod-s5,82,l,r,3,v,bare,connected to next hole,y,v,continuous tracks (many),3112-3117,RG,y,A,
06-Aug-24,"RG, AD",08-Aug-24,RG,avtar_168,,p2,t2,rod-s5,avtar_168__p2_t2_rod-s5,82,l,r,3,v,bare,connected to previous,y,v,continuous tracks (many),3112-3117,RG,y,A,
07-Aug-24,"RG, AD",09-Aug-24,"RG, NC, GSV",bks_56,,p1,t2,rod-s1 ,bks_56__p1_t2_rod-s1 ,7,l,r,2,  ,mulch,tracks along irrigation tube. powder blown left,n,  ,ant,9629,NC,n,  ,
07-Aug-24,"RG, AD",09-Aug-24,"RG, NC, GSV",bks_56,,p1,t2,rod-s1 ,bks_56__p1_t2_rod-s1 ,10,r,r,2.5,  ,mulch,powder blown right. along irrigation tube,y,dm?,continuous tracks to right.,,, , ,no photo
07-Aug-24,"RG, AD",09-Aug-24,"RG, NC, GSV",bks_56,,p1,t2,rod-s1 ,bks_56__p1_t2_rod-s1 ,10,r,r,3,  ,mulch,powder blown right. along irrigation tube,y,dm?,continuous tracks to left on irrigation tube. hops,9630-9632,NC,y,A,irrigation tube
07-Aug-24,"RG, AD",09-Aug-24,"RG, NC, GSV",bks_56,,p1,t2,rod-s2,bks_56__p1_t2_rod-s2,22,l,r,3,  ,mulch,powder blown left.,n,  ,ant,3138-3140,RG,n,  ,
07-Aug-24,"RG, AD",09-Aug-24,"RG, NC, GSV",bks_56,,p1,t2,rod-s3,bks_56__p1_t2_rod-s3,46,l,r,2,  ,mulch,powder blown down. along irrigation tube,n,  ,ant,3141-3142,RG,n,  ,
07-Aug-24,"RG, AD",09-Aug-24,"RG, NC, GSV",bks_56,,p1,t2,rod-s5,bks_56__p1_t2_rod-s5,84,r,r,2.5,  ,mulch,ABP-D. powder blown right.,y,dm,continuous tracks to lefts. hops. freshly dug. tracls on branch,3143-3148,RG,y,B,dug out. tracks on tree.
07-Aug-24,"RG, AD",09-Aug-24,"RG, NC, GSV",bks_56,,p1,t1,rod-s3,bks_56__p1_t1_rod-s3,45,l,r,2,dm,mulch,ABP-D. powder blown down left.,y, ,possible hops with short continuous section,9618,NC, , ,
07-Aug-24,"RG, AD",09-Aug-24,"RG, NC, GSV",bks_56,,p1,t1,rod-s3,bks_56__p1_t1_rod-s3,47,l,r,2,dm,mulch,near tube. powder blown left.,y,v,footprints on irrigation tube. continuous trail to second hole,9619-9622,NC,y,A,irrigation tube
07-Aug-24,"RG, AD",09-Aug-24,"RG, NC, GSV",bks_56,,p1,t1,rod-s4,bks_56__p1_t1_rod-s4,65,l,r,2,dm,mulch,near plant.,y,v,continuous trail behind hole,"9623, 9624, 9627",NC, , ,
07-Aug-24,"RG, AD",09-Aug-24,"RG, NC, GSV",bks_56,,p2,t2,rod-s1 ,bks_56__p2_t2_rod-s1 ,7,r,r,2.5,  ,mulch,ABP-D. some powder blown to side,y,dm,faint hopping,3162-3164,RG,y,B,
07-Aug-24,"RG, AD",09-Aug-24,"RG, NC, GSV",bks_56,,p2,t2,rod-s2,bks_56__p2_t2_rod-s2,20,l,r,2,dm,mulch,none,y,dm,hopping/walking trail. clear print on tube,3165-3169,RG,y, ,
07-Aug-24,"RG, AD",09-Aug-24,"RG, NC, GSV",bks_56,,p2,t2,rod-s2,bks_56__p2_t2_rod-s2,29,l,r,2,dm,mulch,some powder spray to the left,y, ,very faint tracks,3170-3171,RG, , ,
07-Aug-24,"RG, AD",09-Aug-24,"RG, NC, GSV",bks_56,,p2,t2,rod-s3,bks_56__p2_t2_rod-s3,43,l,r,2.5,  ,mulch,next to irrigation tube,n,  ,ant,3172,RG,n,  ,
07-Aug-24,"RG, AD",09-Aug-24,"RG, NC, GSV",bks_56,,p2,t2,rod-s3,bks_56__p2_t2_rod-s3,48,l,r,2.5,  ,mulch,next to irrigation tube. powder blown to left,y,dm,ant. tracks in next hole may be from this hole. ,3173-3176,RG,y, ,
07-Aug-24,"RG, AD",09-Aug-24,"RG, NC, GSV",bks_56,,p2,t2,rod-s3,bks_56__p2_t2_rod-s3,49,l,r,2.5,  ,mulch,next to irrigation tube. powder blown to left, ,dm,connected to previous trail by hopping trail. unclear if tracks are from previous hole. some powder on tube. slug in hole.,3177-3179,RG,y, ,
07-Aug-24,"RG, AD",09-Aug-24,"RG, NC, GSV",bks_56,,p2,t2,rod-s4,bks_56__p2_t2_rod-s4,66,l,r,2.5,  ,mulch,along irrigation tube,n,  ,none,3180,RG,n,  ,
07-Aug-24,"RG, AD",09-Aug-24,"RG, NC, GSV",bks_56,,p2,t2,rod-s1 ,bks_56__p2_t2_rod-s1 ,2,r,r,3,  ,mulch,along irrigation tube,y,dm,clear V-shaped hops. >2.5m trail. ,3158-3161,RG,y,B,
07-Aug-24,"RG, AD",09-Aug-24,"RG, NC, GSV",bks_56,,p2,t1,rod-s3,bks_56__p2_t1_rod-s3,48,l,r,2.5,  ,mulch,along a branch. powder blown to left.,n,  ,ant trails,3149-3150,RG,n,  ,
07-Aug-24,"RG, AD",09-Aug-24,"RG, NC, GSV",bks_56,,p2,t1,rod-s5,bks_56__p2_t1_rod-s5,83,l,r,2,dm,mulch,powder blown to left,y,dm,hopping to down left.,3156-3157,RG,y,B,
12-Aug-24,"RG, AD",14-Aug-24,"RG, CN",sandhu_ladnertrunk,,p1,t1,rod-s1 ,sandhu_ladnertrunk__p1_t1_rod-s1 ,7,r,r,3,  ,mulch,ABP-D. Powder blown down right.,n,  ,slug trails. no distinct rodent tracks.,3361-3366,RG,n,  ,
12-Aug-24,"RG, AD",14-Aug-24,"RG, CN",sandhu_ladnertrunk,,p1,t1,rod-s1 ,sandhu_ladnertrunk__p1_t1_rod-s1 ,7,r,r,3,  ,mulch,ABP-D. Slug in hole. Powder blown down right.,n,  ,slug trails. no distinct rodent tracks.,,RG,n,  ,
12-Aug-24,"RG, AD",14-Aug-24,"RG, CN",sandhu_ladnertrunk,,p1,t1,rod-s3,sandhu_ladnertrunk__p1_t1_rod-s3,31,r,r,2.5,  ,mulch,Powder blown right,y,dm,indistinct trail in front of hole. clear hops behind.,3367-3373,RG,y,B,
12-Aug-24,"RG, AD",14-Aug-24,"RG, CN",sandhu_ladnertrunk,,p1,t2,rod-s4,sandhu_ladnertrunk__p1_t2_rod-s4,69,r,r,4,v,mulch,slightly hidden by dead grass,y,dm,continuous trail by hole. clear hopping nearby. ant,3351-3360,RG,y,B,
12-Aug-24,"RG, AD",14-Aug-24,"RG, CN",sandhu_ladnertrunk,,p2,t1,rod-s4,sandhu_ladnertrunk__p2_t1_rod-s4,70,r,r,2,dm,mulch,none,no?,  ,no distinct rodent trail. patches of pigment.,3385-3387,RG,n,  ,
12-Aug-24,"RG, AD",14-Aug-24,"RG, CN",sandhu_ladnertrunk,,p2,t1,rod-s4,sandhu_ladnertrunk__p2_t1_rod-s4,60,r,r,4,v,bare,under irrigation tube,y,dm,distinct hop to continuous.,3374,RG,y,B,
12-Aug-24,"RG, AD",14-Aug-24,"RG, CN",sandhu_ladnertrunk,,p2,t1,rod-s4,sandhu_ladnertrunk__p2_t1_rod-s4,60,r,r,1.5,dm,bare,widened crack with hole,y?,dm,no very distinct trail. one trail connecting to other hole.,3384,RG,y,B,
01-Oct-24,"RG, AD",03-Oct-24,"RG, CN, NC",gwb_neaves,,p1,t1,rod-s1 ,gwb_neaves__p1_t1_rod-s1 ,2,r,r,6,v,bare,none,y,v,very long continuous trail.,4294,RG,y,A,
01-Oct-24,"RG, AD",03-Oct-24,"RG, CN, NC",gwb_neaves,,p1,t1,rod-s1 ,gwb_neaves__p1_t1_rod-s1 ,1.7,r,r,2.5,dm,bare,beetle in hole,y,v,very long continuous trail.,4295-4297,RG,y,A,
01-Oct-24,"RG, AD",03-Oct-24,"RG, CN, NC",gwb_neaves,,p1,t1,rod-s2,gwb_neaves__p1_t1_rod-s2,21,r,,3,dm,bare,none,y,v,continuous trail across alleyway. clear footprints.,4298-4303,RG,y,A,
01-Oct-24,"RG, AD",03-Oct-24,"RG, CN, NC",gwb_neaves,,p1,t1,rod-s3,gwb_neaves__p1_t1_rod-s3,49,l,,3,dm,bare,none,n,  ,dispersed spray. slug or ant trail.,4304-4306,RG,n,  ,
01-Oct-24,"RG, AD",03-Oct-24,"RG, CN, NC",gwb_neaves,,p1,t1,rod-s5,gwb_neaves__p1_t1_rod-s5,89,l,r,2,dm,bare,none,y,dm,hopping tracks in 3 directions.,4307-4311. 3223-3225,RG and NC,y,B,
01-Oct-24,"RG, AD",03-Oct-24,"RG, CN, NC",gwb_neaves,,p1,t2,rod-s1 ,gwb_neaves__p1_t2_rod-s1 ,5,l,r,3,v,bare,distinct,y,dm,filled in with fresh soil. distinct hops. continuous overlapping tracks.,4312-4322,RG,y,B,filled in hole
01-Oct-24,"RG, AD",03-Oct-24,"RG, CN, NC",gwb_neaves,,p1,t2,rod-s4,gwb_neaves__p1_t2_rod-s4,62,r,r,2,dm,bare,ABP-D,  ,  ,forgot to add powder,none,None,  ,  ,
01-Oct-24,"RG, AD",03-Oct-24,"RG, CN, NC",gwb_neaves,,p2,t2,rod-s1 ,gwb_neaves__p2_t2_rod-s1 ,5,l,r,2.5,  ,bare,none,n,  ,Suspected toad tracks. Size of an open hand.,4323-4328. 3232,RG and NC,n,  ,toad
01-Oct-24,"RG, AD",03-Oct-24,"RG, CN, NC",bks_neaves,,p1,t2,rod-s1 ,bks_neaves__p1_t2_rod-s1 ,8,r,r,2,dm,bare,none,n,  ,ant trail (or s  ke?). odd patches of powder -maybe bird?,4329-4333,RG,n,  ,
01-Oct-24,"RG, AD",03-Oct-24,"RG, CN, NC",bks_neaves,,p1,t2,rod-s1 ,bks_neaves__p1_t2_rod-s1 ,9,l,r,3,  ,bare,none,n,  ,"filled in hole (maybe with dried berries). 1/2 in trail, slug or ant.",4334-4339,RG,n,  ,filled in hole
01-Oct-24,"RG, AD",03-Oct-24,"RG, CN, NC",bks_neaves,,p2,t2,rod-s5,bks_neaves__p2_t2_rod-s5,80,r,r,1.5,dm,bare,none,n,  ,ant track,4340-4343,RG,n,  ,
01-Oct-24,"RG, AD",03-Oct-24,"RG, CN, NC",bks_neaves,,p2,t2,rod-s5,bks_neaves__p2_t2_rod-s5,86,l,r,2,dm,bare,none,n,  ,bird tracks,4344-4348,RG,n,  ,bird
17-Apr-24,RG,,,gwb_neaves,,d,t1,rod-s2,gwb_neaves__d_t1_rod-s2,20,,,5,,,,,,,,,,,
17-Apr-24,RG,,,gwb_neaves,,d,t1,rod-s2,gwb_neaves__d_t1_rod-s2,20.5,,,2.5,,,,,,,,,,,
17-Apr-24,RG,,,gwb_neaves,,d,t1,rod-s2,gwb_neaves__d_t1_rod-s2,29.5,,,5,,,,,,,,,,,
17-Apr-24,RG,,,gwb_neaves,,d,t1,rod-s2,gwb_neaves__d_t1_rod-s2,30,,,5,,,,,,,,,,,
17-Apr-24,RG,,,gwb_neaves,,d,t1,rod-s3,gwb_neaves__d_t1_rod-s3,40.5,,,2.5,,,,,,,,,,,
17-Apr-24,RG,,,gwb_neaves,,d,t1,rod-s3,gwb_neaves__d_t1_rod-s3,42,,,5,,,,,,,,,,,
17-Apr-24,RG,,,gwb_neaves,,d,t1,rod-s4,gwb_neaves__d_t1_rod-s4,63,,,2.5,,,,,,,,,,,
17-Apr-24,RG,,,gwb_neaves,,d,t1,rod-s5,gwb_neaves__d_t1_rod-s5,88,,,2.5,,,,,,,,,,,